category,type,difficulty,question,correct_answer,incorrect_answers
"Entertainment: Film","multiple","medium","Before getting the shotgun, what did the titular hobo in &#039;Hobo with a Shotgun&#039; want to purchase?","a lawnmower","a revolver|a guitar|a suit"
"Entertainment: Music","multiple","easy","Which classical composer wrote the &quot;Moonlight Sonata&quot;?","Ludvig Van Beethoven","Chief Keef|Wolfgang Amadeus Mozart|Johannes Brahms"
"General Knowledge","multiple","easy","Which canal connects the Mediterranean Sea with the Red Sea?","Suez Canal","Panama Canal|Sinai Canal|Qaraqum Canal"
"Entertainment: Music","boolean","medium","The band, HEALTH, is called HEALTH because they wanted to choose an everyday word for the band name.","True","False"
"Geography","multiple","medium","Which of these is NOT an island that is part of the Philippines?","Java","Luzon|Mindanao|Palawan"
"Science &amp; Nature","multiple","medium","Approximately how long is a year on Uranus?","84 Earth years","47 Earth years|62 Earth years|109 Earth years"
"Mythology","boolean","easy","According to Greek Mythology, Zeus can control lightning.","True","False"
"Science &amp; Nature","boolean","medium","Scientists accidentally killed the once known world&#039;s oldest living creature, a mollusc, known to be aged as 507 years old.","True","False"
"Entertainment: Japanese Anime &amp; Manga","multiple","hard","Who is the horror manga artist who made Uzumaki?","Junji Ito","Kazuo Umezu|Shintaro Kago|Sui Ishida"
"Geography","multiple","medium","Broome is a town in which state of Australia?","Western Australia","Northern Territory|South Australia|Tasmania"
"Entertainment: Film","multiple","easy","Which of these Movies was NOT released in 1996?","Gladiator","Independence Day|The Rock|Mission: Impossible"
"Entertainment: Video Games","multiple","medium","What is the name of the currency in the &quot;Animal Crossing&quot; series?","Bells","Sea Shells|Leaves|Bugs"
"History","multiple","medium","What event marked the start of World War II?","Invasion of Poland (1939)","Invasion of Russia (1942)|Battle of Britain (1940)|Invasion of Normandy (1944)"
"Science: Computers","multiple","hard","Dutch computer scientist Mark Overmars is known for creating which game development engine?","Game Maker","Stencyl|Construct|Torque 2D"
"Geography","multiple","medium","What is the capital of Australia?","Canberra","Sydney|Melbourne|Brisbane"
"Entertainment: Japanese Anime &amp; Manga","multiple","hard","Which song was the callsign for Stefan Verdemann&#039;s KWFM radio station in Urasawa Naoki&#039;s &quot;Monster&quot;?","Over the Rainbow","What a Wonderful World|When You Wish Upon A Star|Singing In The Rain"
"Sports","multiple","medium","What is the nickname of Northampton town&#039;s rugby union club?","Saints","Harlequins|Saracens|Wasps"
"Geography","multiple","medium","Which of these countries is not written in its native language?","Slova&scaron;ko","Suomi|Schweiz|Ell&aacute;da"
"History","multiple","medium","Which U.S. President was in office when the Gulf War began?","George H. W. Bush","Richard Nixon|George W. Bush |Ronald Regan"
"Science: Mathematics","multiple","medium","To the nearest whole number, how many radians are in a whole circle?","6","3|4|5"
"Science &amp; Nature","boolean","easy","Not including false teeth; A human has two sets of teeth in their lifetime.","True","False"
"History","multiple","hard","The son of which pope supposedly held a lecherous f&ecirc;te involving 50 courtesans in the papal palace?","Alexander VI","Innocent V|Urban II|Pius III"
"Entertainment: Books","multiple","easy","What is the title of the first Sherlock Holmes book by Arthur Conan Doyle?","A Study in Scarlet","The Sign of the Four|A Case of Identity|The Doings of Raffles Haw"
"Entertainment: Television","multiple","medium","Out of the 3 Tots in Tots TV, who speaks French in the UK Version and Spanish in the US Version?","Tilly","Tom|Tiny|None of the Above"
"Entertainment: Books","multiple","easy","Which famous spy novelist wrote the childrens&#039; story &quot;Chitty-Chitty-Bang-Bang&quot;?","Ian Fleming","Joseph Conrad|John Buchan|Graham Greene"
"Entertainment: Music","boolean","medium","Musical artist, Future, collaborated with Kendrick Lamar for the song: &quot;Mask Off&quot;.","True","False"
"History","multiple","hard","When was the city of Rome, Italy founded?","753 BCE","902 BCE|524 BCE|697 BCE"
"Sports","multiple","hard","Which of these Russian cities did NOT contain a stadium that was used in the 2018 FIFA World Cup?","Vladivostok","Rostov-on-Don|Yekaterinburg|Kaliningrad"
"History","boolean","easy","The majority of people that lived under the Byzantine Empire called themselves Romans.","True","False"
"Vehicles","multiple","hard","What was the name of the first front-wheel-drive car produced by Datsun (now Nissan)?","Cherry","Sunny|Bluebird|Skyline"
"Science &amp; Nature","multiple","medium","What is the atomic number of Uranium ","92","235|17|167"
"General Knowledge","multiple","medium","What was the destination of the missing flight MH370?","Beijing","Kuala Lumpur|Singapore|Tokyo"
"Entertainment: Film","multiple","easy","In the movie &quot;Blade Runner&quot;, what is the term used for human-like androids ?","Replicants","Cylons|Synthetics|Skinjobs"
"Science &amp; Nature","multiple","easy","What is the official name of the star located closest to the North Celestial Pole?","Polaris","Eridanus|Gamma Cephei|Iota Cephei"
"Sports","multiple","medium","How many premier league trophies did Sir Alex Ferguson win during his time at Manchester United?","13","11|20|22"
"Mythology","multiple","easy","Which of the following is not true about the life of Tiresias?","Sailed with the Argonauts to find the golden fleece","Athena turned him into a woman, and then years later back into a man|Hera blinded him after he agreed with Zeus in an argument|Revealed to Oedipus that Oedipus had married his own mother"
"Entertainment: Television","multiple","hard","Which of these Nickelodeon game shows aired first?","Double Dare","Nick Arcade|Finders Keepers|Nickelodeon Guts"
"Entertainment: Music","boolean","easy","The music video to The Buggle&#039;s &quot;Video Killed the Radio Star&quot; was the first music video to broadcast on MTV.","True","False"
"Entertainment: Video Games","multiple","medium","Which Overwatch character says the line &quot;Heroes never die!&quot;?","Mercy","Reaper|Sonic|Ana"
"Entertainment: Board Games","multiple","hard","Which character class in Dungeons and Dragons 5th edition gains it&#039;s powers from making a pact with a being of higher power?","Warlock","Wizard|Sorceror|Cleric"
"History","boolean","medium","Brezhnev was the 5th leader of the USSR.","True","False"
"Entertainment: Video Games","multiple","medium","Who&#039;s the Captain of the S.T.A.R.S. Bravo Team in Resident Evil 1?","Enrico Marini","Albert Wesker|Richard Aiken|Rebecca Chambers"
"Science &amp; Nature","multiple","easy","About what percentage of the Earth&#039;s surface is water? ","70%","30%|50%|90%"
"Entertainment: Video Games","multiple","hard","In the game Call of Duty, what is the last level where you play as an American soldier?","Festung Recogne","Ste. Mere-Eglise (Day)|Chateau|Brecourt"
"History","multiple","medium","On which day did the attempted coup d&#039;etat of 1991 in the Soviet Union begin?","August 19","August 21|December 26|December 24"
"Sports","boolean","medium","Tennis was once known as Racquetball.","False","True"
"Science: Mathematics","multiple","medium","What is the Roman numeral for 500?","D","L|C|X"
"General Knowledge","multiple","medium","Which of these companies does NOT manufacture automobiles?","Ducati","Nissan|GMC|Fiat"
"General Knowledge","multiple","hard","Before the 19th Century, the &quot;Living Room&quot; was originally called the...","Parlor","Open Room|Sitting Room|Loft"
"Entertainment: Film","multiple","easy","What superhero has been played in film by actors Michael Keaton, Val Kilmer, George Clooney and Christian Bale?","Batman","Superman|Iron Man|Spiderman"
"Science: Mathematics","multiple","easy","In Roman Numerals, what does XL equate to?","40","60|15|90"
"Entertainment: Video Games","multiple","easy","Who are the original creators of Rachet &amp; Clank?","Insomniac Games","PixelTail Games|Rare|Bethesda"
"Entertainment: Books","multiple","easy","What was Sir Handel&#039;s original name in &quot;The Railway Series&quot; and it&#039;s animated counterpart &quot;Thomas and Friends?&quot;","Falcon","Eagle|Kyte|Swallow"
"Science: Computers","multiple","hard","What port does HTTP run on?","80","53|443|23"
"Entertainment: Comics","multiple","medium","In Marvel comics, which of the following is not one of the infinity stones?","Energy","Time|Power|Soul"
"Entertainment: Video Games","multiple","easy","The name of the Metroid series comes from what?","An enemy in the game","The final boss&#039;s name|The main character&#039;s name|A spaceship&#039;s name"
"Science &amp; Nature","boolean","easy","Salt is 100% composed of Sodium.","False","True"
"Entertainment: Film","multiple","hard","In the 1964 film &quot;Zulu&quot;, what song does the British Army company sing before the final battle?","Men of Harlech","Scotland the Brave|Colonel Bogey March|The British Grenadiers"
"Science &amp; Nature","multiple","easy","What is the standard SI unit for mass?","Kilogram","Tonne|Pound|Gram"
"Entertainment: Film","multiple","easy","Who directed the 2017 movie &quot;The Shape of Water&quot;?","Guillermo del Toro","Steven Spielberg|James Cameron|Martin Scorsese"
"Entertainment: Japanese Anime &amp; Manga","multiple","medium","The character Momonga from the &quot;Overlord&quot; series orders his servants to call him by what name?","Ainz Ooal Gown","Master|Yggdrasil|Kugane Maruyama"
"Science: Computers","multiple","easy","Which company was established on April 1st, 1976 by Steve Jobs, Steve Wozniak and Ronald Wayne?","Apple","Microsoft|Atari|Commodore"
"Science: Computers","multiple","medium","Whistler was the codename of this Microsoft Operating System.","Windows XP","Windows 2000|Windows 7|Windows 95"
"Sports","multiple","easy","How many players are there in an association football/soccer team?","11","10|9|8"
"Mythology","multiple","hard","According to Algonquian folklore, how does one transform into a Wendigo?","Participating in cannibalism.","Excessive mutilation of animal corpses.|Performing a ritual involving murder.|Drinking the blood of many slain animals."
"Entertainment: Video Games","boolean","easy","Ana was added as a new hero for the game Overwatch on July 19th, 2016.","True","False"
"Entertainment: Music","multiple","hard","Who was the original drummer for The Beatles?","Tommy Moore","Ringo Starr|Stuart Sutcliffe|Pete Best"
"General Knowledge","multiple","easy","What step in cellular respiration forms ATP?","Oxidative Phosphorylation","Glycolysis|Pyruvate Oxidation|Calvin Cycle"
"Geography","multiple","easy","What is the Polish city known to Germans as Danzig?","Gdańsk","Warsaw|Zakopane|Poznań"
"General Knowledge","multiple","hard","The Quadrangularis Reversum is best described as which of the following?","A percussion instrument","A building in Oxford University|A chess move|A geometric theorem"
"Science &amp; Nature","multiple","medium","What is the name of the cognitive bias wherein a person with low ability in a particular skill mistake themselves as being superior?","Dunning-Kruger effect","Meyers-Briggs effect|M&uuml;ller-Lyer effect|Freud-Hall effect"
"Entertainment: Video Games","multiple","easy","What is the name of Team Fortress 2&#039;s Heavy Weapons Guy&#039;s minigun?","Sasha","Betty|Anna|Diana"
"Entertainment: Musicals &amp; Theatres","multiple","hard","Which of these plays was famously first performed posthumously after the playwright committed suicide?","4.48 Psychosis","Hamilton|Much Ado About Nothing|The Birthday Party"
"History","multiple","medium","On which aircraft carrier did the Doolitte Raid launch from on April 18, 1942 during World War II?","USS Hornet","USS Enterprise|USS Lexington|USS Saratoga"
"Entertainment: Video Games","multiple","medium","Which ones of these Mario Kart games was made for the Gameboy Advance?","Mario Kart: Super Circuit","Mario Kart: Double Dash|Mario Kart 64|Super Mario Kart"
"Entertainment: Video Games","multiple","medium","Which of the following games has the most playable characters?","Timesplitters: Future Perfect","Mortal Kombat: Armageddon|Marvel Vs. Capcom 2|Dragon Ball Z: Budokai Tenkaichi 3"
"Science &amp; Nature","multiple","hard","What is considered the rarest form of color blindness?","Blue","Red|Green|Purple"
"Entertainment: Video Games","multiple","medium","In Sid Meier&#039;s Civilization V, which World Wonder can only be built in cities on or next to a desert?","Petra","The Pyramids|Alhambra|Mausoleum of Maussollos"
"Entertainment: Music","boolean","medium","Pink Guy&#039;s debut album was &quot;Pink Season&quot;.","False","True"
"Entertainment: Video Games","multiple","hard","Why was the character Trevor Philips discharged from the Air Force?","Mental Health Issues","Injuries|Disease|Danger to Others"
"Entertainment: Video Games","multiple","medium","In Kingdom Hearts which of the following people can NOT wield a keyblade?","Larxene","Xehanort|Lea|Mickey"
"Animals","multiple","hard","Which species of Brown Bear is not extinct?","Syrian Brown Bear","California Grizzly Bear|Atlas Bear|Mexican Grizzly Bear"
"Science &amp; Nature","multiple","medium","Which color cannot be produced in Roses, even through genetic alteration?","Blue","Black|Orange|Brown"
"Entertainment: Film","multiple","hard","Who Voices the Devil on Devil&#039;s Flight in Final Destination 3?","Tony Todd","Wendy Christensen|Ian McKinley|Kevin Fischer"
"Entertainment: Japanese Anime &amp; Manga","multiple","easy","What was Ash Ketchum&#039;s second Pokemon?","Caterpie","Charmander|Pikachu|Pidgey"
"History","boolean","hard","The USS Missouri (BB-63) last served in the Korean War.","False","True"
"General Knowledge","boolean","medium","The US emergency hotline is 911 because of the September 11th terrorist attacks.","False","True"
"Entertainment: Books","boolean","medium","Originally, the character Charlie from Charlie and the Chocolate Factory was going to be black.","True","False"
"Entertainment: Video Games","multiple","medium","Which company developed the MMO Spiral Knights (2011)?","Three Rings Design","Sega|Electronic Arts|Double Fine"
"Entertainment: Film","boolean","easy","&quot;Minions&quot; was released on the June 10th, 2015.","False","True"
"Entertainment: Video Games","multiple","easy","In the game Dark Souls, what is the name of the region you&#039;re in for the majority of the game?","Lordran","Drangleic|Oolacile|Catarina"
"Entertainment: Video Games","multiple","medium","What mainly favored rifle is used by the Terrorists in Counter Strike: Global Offensive?","AK-47","AK-74|M4A4|CZ-75 AUTO"
"Entertainment: Video Games","multiple","medium","Which of the following is not a playable race in the MMORPG Guild Wars 2? ","Tengu","Sylvari|Charr|Asura "
"Entertainment: Video Games","multiple","easy","Which race in Guild Wars 2 believes in the Eternal Alchemy?","Asura","Humans|Norn|Charr"
"Entertainment: Video Games","multiple","easy","Which Nintendo 64 game did NOT have Luigi in it?","Super Mario 64","Mario Party 2|Paper Mario|Super Smash Bros."
"Science &amp; Nature","multiple","medium","What is the atomic number of the element Strontium?","38","73|47|11"
"Entertainment: Film","multiple","hard","What is the species of the &quot;Predator&quot; in the 1987 movie &quot;Predator&quot;?","Yautja","Xenomorph|Praetorian|Phocrex"
"Science: Computers","multiple","hard","Which of these is not a layer in the OSI model for data communications?","Connection Layer","Application Layer|Transport Layer|Physical Layer"
"Entertainment: Japanese Anime &amp; Manga","multiple","hard","In &quot;One Piece&quot;, who confirms the existence of the legendary treasure, One Piece?","Edward &quot;Whitebeard&quot; Newgate","Former Marine Fleet Admiral Sengoku|Pirate King Gol D Roger|Silvers Rayleigh"
"Celebrities","multiple","medium","In which situation was musician John Lennon assassinated?","Attempting to enter the Dakota Apartments building","During an impromptu walk through Central Park|Signing an autograph outside the Record Plant studio|Waiting outside a music venue in Manhattan following a gig"
"Science: Computers","multiple","medium",".rs is the top-level domain for what country?","Serbia","Romania|Russia|Rwanda"
"Entertainment: Comics","multiple","easy","Which one of these superhero teams appears in the Invincible comics?","Guardians of the Globe","Avengers|Justice League|Teenage Mutant Ninja Turtles"
"History","multiple","medium","What was the total length of the Titanic?","882 ft | 268.8 m","759 ft | 231.3 m|1042 ft | 317.6 m|825 ft | 251.5 m"
"Entertainment: Books","multiple","medium","Who wrote the children&#039;s story &quot;The Little Match Girl&quot;?","Hans Christian Andersen","Charles Dickens|Lewis Carroll|Oscar Wilde"
"Entertainment: Music","multiple","medium","The 1952 musical composition 4&#039;33&quot;, composed by prolific American composer John Cage, is mainly comprised of what sound?","Silence","Farts|People talking|Cricket chirps"
"General Knowledge","multiple","easy","Who is depicted on the US hundred dollar bill?","Benjamin Franklin","George Washington|Abraham Lincoln|Thomas Jefferson"
"Entertainment: Cartoon &amp; Animations","multiple","medium","In &quot;The Simpsons&quot;, where did Homer and Marge first meet?","At Summer Camp","At High School|At Church|At 742 Evergreen Terrace"
"Entertainment: Japanese Anime &amp; Manga","multiple","medium","Which of the following films was NOT directed by Hayao Miyazaki?","Wolf Children","Princess Mononoke|Spirited Away|Kiki&#039;s Delivery Service"
"Entertainment: Music","multiple","medium","Which of these Johns was murdered by gunshots outside the Dakota in New York in 1980?","John Lennon","Johnny Thunders|John Denver|John Cascella"
"Entertainment: Television","multiple","easy","In which state of America was the Fresh Prince of Bel-Air born and raised in?","Pennsylvania","Florida|California|New Jersey"
"Entertainment: Video Games","multiple","medium","Which company developed and published Game Dev Tycoon?","Greenheart Games","Greenland Games|The Tycoonists|MomCorp"
"Mythology","multiple","hard","In Norse mythology, what is the name of the serpent which eats the roots of the ash tree Yggdrasil?","Nidhogg","Bragi|Odin|Ymir"
"Entertainment: Video Games","boolean","easy","In Team Fortress 2, being disguised as a scout or medic results in a speed boost.","False","True"
"History","multiple","hard","Who was the President of the United States during the signing of the Gadsden Purchase?","Franklin Pierce","Andrew Johnson|Abraham Lincoln|James Polk"
"Entertainment: Film","multiple","medium","Darth Vader&#039;s famous reveal to Luke is iconic. But which of these is the right one?","&quot;No. I am your father.&quot;","&quot;Luke, I am your father.&quot;|&quot;You&#039;re wrong. I am your father.&quot;|&quot;The truth is that I am your father.&quot;"
"Entertainment: Music","multiple","hard","What was the name of the rock band that Nobuo Uematsu formed that played songs from various Final Fantasy games?","The Black Mages","The Final Fantasies|The Espers|The Rock Summoners"
"Science: Gadgets","multiple","hard","Which of the following is used to measure blood pressure?","Sphygmomanometer","Barometer|Ruler|Haemoerythrometer"
"Entertainment: Books","multiple","hard","Abel Magwitch is a character from which Charles Dickens novel?","Great Expectations","The Pickwick Papers|Nicholas Nickleby|Oliver Twist"
"Entertainment: Video Games","boolean","hard","Super Mario and Paarthurnax (Skyrim) are voiced by the same actor.","True","False"
"Entertainment: Video Games","multiple","medium","In Call of Duty: Modern Warfare 2, how many consecutive kills does it require to earn the &quot;Tactical Nuke&quot; killstreak?","25","20|30|35"
"Entertainment: Video Games","boolean","easy","In &quot;Space Station 13&quot;,  the station has a clown aboard it.","True","False"
"Entertainment: Film","multiple","medium","In the 1971 film &quot;Willy Wonka &amp; the Chocolate Factory&quot;, who played Willy Wonka?","Gene Wilder","Shia LeBouf|Peter Ostrum|Johnny Depp"
"Entertainment: Video Games","boolean","medium","&quot;Return to Castle Wolfenstein&quot; was the only game of the Wolfenstein series where you don&#039;t play as William &quot;B.J.&quot; Blazkowicz.","False","True"
"Mythology","multiple","medium","This Greek mythological figure is the god/goddess of battle strategy (among other things).","Athena","Ares|Artemis|Apollo"
"History","multiple","medium","When did Vesuvius destroy the city of Pompeii? ","79 AD","62 AD|31 BC|54 BC"
"Entertainment: Film","multiple","medium","Which movie of film director Stanley Kubrick is known to be an adaptation of a Stephen King novel?","The Shining","2001: A Space Odyssey| Dr. Strangelove |Eyes Wide Shut"
"Entertainment: Music","multiple","medium","How many copies have Metallica album &quot;Metallica&quot; (A.K.A The Black Album) sold worldwide (in Millions of Copies)?","20.5","19.5|22.5|25.5"
"Animals","multiple","hard","What is the Gray Wolf&#039;s scientific name?","Canis Lupus","Canis Aureus|Canis Latrans|Canis Lupus Lycaon"
"Entertainment: Video Games","multiple","easy","In the original Mega Man series, who is Mega Man&#039;s arch nemesis?","Dr. Wily","Dr. Light|Dr. Bad|Mr. Z"
"Entertainment: Video Games","multiple","medium","In the &quot;Call Of Duty: Zombies&quot; map &quot;Moon&quot;, there is a secondary called the QED. What does QED stand for?","Quantum Entanglement Device","Quad Ectoplasmic Driver|Question Every Dog|Quality Edward Device"
"Entertainment: Video Games","multiple","easy","&quot;Tomb Raider&quot; icon Lara Croft was originally called...","Laura Cruz","Laura Craft|Laura Croft|Lara Craft"
"Geography","boolean","medium","There are no roads in/out of Juneau, Alaska.","True","False"
"Entertainment: Video Games","boolean","easy","In Heroes of the Storm, the Cursed Hollow map gimmick requires players to kill the undead to curse the enemy team.","False","True"
"Mythology","multiple","hard","Who is the Egyptian god of reproduction and lettuce?","Min","Menu|Mut|Meret"
"Entertainment: Video Games","multiple","medium","Toby Fox&#039;s &quot;Megalovania&quot; was first used where?","Radiation&#039;s Earthbound Halloween Hack","Homestuck: [S] Wake|Undertale|Mother: Cognitive Dissonance"
"Entertainment: Music","multiple","medium","What is the opening track on Lorde&#039;s Pure Heroine?","Tennis Court","Team|Royals|400 Lux"
"Mythology","multiple","hard","What was the punishment for Sysiphus&#039;s craftiness?","Cursed to roll a boulder up a hill for eternity.","Tied to a boulder for eternity, being pecked by birds.|Standing in a lake filled with water he could not drink.|To fell a tree that regenerated after every axe swing."
"Entertainment: Video Games","multiple","medium","What system was &quot;Touhou: Highly Responsive to Prayers&quot; released on?","PC-98","OSX 10.9.5|Windows ME|Windows 98"
"Entertainment: Japanese Anime &amp; Manga","boolean","medium","In &quot;JoJo&#039;s Bizarre Adventure&quot;, Father Enrico Pucchi uses a total of 3 stands in Part 6: Stone Ocean.","True","False"
"Entertainment: Video Games","multiple","easy","In the game Half-Life, which enemy is showcased as the final boss?","The Nihilanth","Dr. Wallace Breen|G-Man|The Gonarch"
"Mythology","boolean","easy","According to Greek Mythology, Atlas was an Olympian God.","False","True"
"Entertainment: Video Games","multiple","easy","Which of these Starbound races has a Wild West culture?","Novakid","Avian|Human|Hylotl"
"Entertainment: Video Games","multiple","medium","Just Cause 2 was mainly set in what fictional Southeast Asian island country?","Panau","Davao|Macau|Palau"
"Entertainment: Video Games","multiple","medium","How many stars are there to collect in Super Mario 64?","120","60|80|100"
"Entertainment: Musicals &amp; Theatres","multiple","medium","Which of the following is not a piece from the 1950&#039;s musical West Side Story?","The Back Alley","Maria|Tonight|Mambo"
"Science &amp; Nature","multiple","medium","Where did the Great Storm of 1987 make landfall at, first?","Cornwall","Surrey|Wales|The Midlands"
"Entertainment: Books","multiple","easy","Who wrote &quot;Harry Potter&quot;?","J.K. Rowling","J.R.R. Tolkien|Terry Pratchett|Daniel Radcliffe"
"Politics","multiple","easy","According to the United States Constitution, how old must a person be to be elected President of the United States?","35","30|40|45"
"Mythology","multiple","easy","What mytological creatures have women&#039;s faces and vultures&#039; bodies?","Harpies","Mermaids|Nymph|Lilith"
"Entertainment: Film","multiple","medium","Which famous singer was portrayed by actor Kevin Spacey in the 2004 biographical film &quot;Beyond the Sea&quot;?","Bobby Darin","Louis Armstrong|Frank Sinatra|Dean Martin"
"Science &amp; Nature","multiple","easy","What is the primary addictive substance found in tobacco?","Nicotine","Cathinone|Ephedrine|Glaucine"
"Entertainment: Video Games","multiple","hard","In the Mario Kart series, which game introduced the &quot;Shield Drifting&quot; mechanic?","Mario Kart Arcade GP DX","Mario Kart: Double Dash|Mario Kart Super Circuit|Mario Kart DS"
"Entertainment: Video Games","boolean","medium","In Rocket League, you can play Basketball.","True","False"
"Geography","boolean","easy","New Haven is the capital city of the state of Connecticut in the United States.","False","True"
"Mythology","multiple","medium","What is the name of the first human being in Norse mythology?","Ask","Asmund|Ake|Asger"
"Entertainment: Video Games","multiple","medium","What was the first Super Mario game ever released in North America for the 3DS?","Super Mario 3D Land","Super Mario Maker|New Super Mario Bros. 2|Mario Kart 7"
"History","multiple","medium","All of the following are names of the Seven Warring States EXCEPT:","Zhai (翟)","Zhao (趙)|Qin (秦)|Qi (齊)"
"Entertainment: Video Games","multiple","medium","In Star Wars: Republic Commando (2005), what is the name of the squad that you play as?","Delta Squad","Omega Squad|Echo Squad|Alpha Squad"
"Entertainment: Cartoon &amp; Animations","multiple","medium","Who created &quot;RWBY&quot;?","Monty Oum","Miles Luna|Kerry Shawcross|Shane Newville"
"Entertainment: Television","boolean","medium","Klingons once had a period of Democracy in their history, they referred to it as the &quot;Dark Times&quot;.","True","False"
"Entertainment: Japanese Anime &amp; Manga","multiple","hard","In &quot;Hunter x Hunter&quot;, which of the following is NOT a type of Nen aura?","Restoration","Emission|Transmutation|Specialization"
"General Knowledge","multiple","easy","What is the Spanish word for &quot;donkey&quot;?","Burro","Caballo|Toro|Perro"
"General Knowledge","multiple","easy","What is the first book of the Old Testament?","Genesis","Exodus|Leviticus|Numbers"
"Entertainment: Film","multiple","easy","For the film &quot;Raiders of The Lost Ark&quot;, what was Harrison Ford sick with during the filming of the Cairo chase?","Dysentery","Anemia|Constipation|Acid Reflux "
"Entertainment: Video Games","multiple","medium","In The Elder Scrolls V: Skyrim, who is the jester in the dark brotherhood?","Cicero","Lucien Lachance|Archimedes|Astrid"
"Entertainment: Musicals &amp; Theatres","multiple","hard","In Macbeth, the eyes of what animals were used in the Witches&#039; cauldron?","Newts","Humans|Sharks|Squids"
"Entertainment: Video Games","multiple","medium","In which game did the Konami Code make its first appearance?","Gradius","Contra|Castlevania|Dance Dance Revolution"
"General Knowledge","multiple","hard","The word &quot;abulia&quot; means which of the following?","The inability to make decisions","The inability to stand up|The inability to concentrate on anything|A feverish desire to rip one&#039;s clothes off"
"Entertainment: Television","multiple","hard","In &quot;Star Trek&quot;, what is the Klingon delicacy of &quot;gagh&quot; made from?","Serpent worms","Earthworms|Spaghetti noodles|Klingworms"
"Entertainment: Video Games","multiple","medium","What snowy mob was added in Minecraft 1.10?","Polar bears","Eskimos|Penguins|Walking TNT"
"Geography","multiple","easy","What is the largest country in the world?","Russia","Canada|China|United States"
"Entertainment: Video Games","multiple","hard","Which of these characters wasn&#039;t a villian in Club Penguin?","The Director","Herbert P. Bear|Tusk|Ultimate Proto-Bot 10000"
"Entertainment: Video Games","multiple","easy","Who created the digital distribution platform Steam?","Valve","Pixeltail Games|Ubisoft|Electronic Arts"
"Geography","boolean","medium","Japan has left-hand side traffic.","True","False"
"Entertainment: Video Games","multiple","easy","Before it&#039;s redesign of the company logo in the year 2000, which 3D shape is NOT represented in the Electronic Arts logo?","Cylinder","Pyramid|Cube|Sphere"
"General Knowledge","boolean","easy","King Gizzard &amp; The Lizard Wizard&#039;s album &quot;Nonagon Infinity&quot; can be looped seamlessly.","True","False"
"Entertainment: Video Games","multiple","medium","Which one of these characters was first introduced in Sonic Boom: Rise of Lyric?","Sticks the Badger","Mighty the Armadillo|Espio the Chameleon|Rouge the Bat"
"Entertainment: Video Games","multiple","hard","What device allows Tracer to manipulate her own time in the game &quot;Overwatch&quot;?","Chronal Accelerator","B.L.I.N.K|Spacial Displacement Manipulator|TMD (Time Manipulation Device)"
"History","multiple","medium","Which Apollo mission was the last one in NASA&#039;s Apollo program?","Apollo 17","Apollo 13|Apollo 11|Apollo 15"
"General Knowledge","multiple","easy","Which candy is NOT made by Mars?","Almond Joy","M&amp;M&#039;s|Twix|Snickers"
"Entertainment: Music","multiple","medium","Which band released the album &quot;Sonic Highways&quot; in 2014?","Foo Fighters","Coldplay|Nickelback|The Flaming Lips"
"Entertainment: Film","multiple","hard","In what year does Jurassic World open in the &quot;Jurassic Park&quot; universe?","2005","2007|2015|2020"
"Vehicles","multiple","medium","Which of the following passenger jets is the longest?","Boeing 747-8","Airbus A350-1000|Airbus A330-200|Boeing 787-10"
"Science &amp; Nature","multiple","easy","How many laws of thermodynamics are there?","Four","Three|Two|Five"
"History","boolean","medium","The first televised presidential debate was between Jimmy Carter and Gerald Ford.","False","True"
"Entertainment: Music","multiple","medium","Which Queen song was covered by Brittany Murphy in the 2006 film &quot;Happy Feet&quot;?","Somebody to Love","Under Pressure|Flash|Bohemian Rhapsody"
"Entertainment: Music","multiple","hard","What was the name of the hip hop group Kanye West was a member of in the late 90s?","The Go-Getters","The Jumpers|The Kickstarters|The Beat-Busters"
"Entertainment: Video Games","multiple","medium","How many regular Sunken Sea Scrolls are there in &quot;Splatoon&quot;?","27","32|30|5"
"Entertainment: Japanese Anime &amp; Manga","multiple","easy","Who is the author of the manga series &quot;Astro Boy&quot;?","Osamu Tezuka","Mitsuteri Yokoyama|Takao Saito|Yoshihiro Tatsumi"
"Entertainment: Cartoon &amp; Animations","multiple","hard","In the web-comic Homestuck, what is the name of the game the 4 kids play?","Sburb","Homesick|Husslie|Hiveswap"
"Vehicles","multiple","medium","What manufacturer made the car used in Back to the Future?","DeLorean","Ford|Toyota|Daihatsu"
"Animals","multiple","medium","What are the scales on all snakes and most lizards are made of?","Keratin","Ecdysis|Epidermis|Ankyloglossia"
"Geography","multiple","hard","The emblem on the flag of the Republic of Tajikistan features a sunrise over mountains below what symbol?","Crown","Bird|Sickle|Tree"
"Entertainment: Video Games","boolean","easy","Deus Ex (2000) does not feature the World Trade Center because it was destroyed by terrorist attacks according to the game&#039;s plot.","True","False"
"History","multiple","medium","Which dictator killed the most people?","Mao Zedong","Joseph Stalin|Adolf Hitler|Kim Il Sung"
"Science &amp; Nature","multiple","easy","Stars consist mainly of hydrogen and which other gas?","Helium","Oxygen|Argon|Nitrogen"
"Entertainment: Music","multiple","hard","Which of these is NOT a song featured on the Lockjaw EP released in 2013 by Flume &amp; Chet Faker?","Left Alone","What About Us|This Song Is Not About A Girl|Drop The Game"
"General Knowledge","multiple","easy","Which American-owned brewery led the country in sales by volume in 2015?","D. G. Yuengling and Son, Inc","Anheuser Busch|Boston Beer Company|Miller Coors"
"Entertainment: Video Games","multiple","hard","What is the real name of &quot;Warhead&quot; in the Sega Genesis game &quot;Vectorman&quot;?","Raster","Peacehead|Vectorkid|Bitmap"
"Entertainment: Video Games","multiple","medium","Which of these is NOT a name of a playable character in Apex Legends?","Viper","Revenant|Crypto|Wattson"
"Entertainment: Books","multiple","easy","Who wrote &quot;The Scarlet Letter&quot;, published in 1850?","Nathaniel Hawthorne","Washington Irving|James Fenimore Cooper|Catherine Maria Sedgwick"
"Entertainment: Cartoon &amp; Animations","multiple","medium","What year was the Disney film &quot;A Goofy Movie&quot; released?","1995","1999|2001|1997"
"Science: Mathematics","boolean","hard","The binary number &quot;101001101&quot; is equivalent to the Decimal number &quot;334&quot;","False","True"
"Geography","multiple","easy","What is Canada&#039;s smallest province?","Prince Edward Island","New Brunswick|Nova Scotia|Yukon"
"Entertainment: Film","multiple","medium","Leonardo Di Caprio won his first Best Actor Oscar for his performance in which film?","The Revenant","The Wolf Of Wall Street|Shutter Island|Inception"
"Entertainment: Video Games","multiple","hard","Which game in the &quot;Monster Hunter&quot; series introduced the &quot;Insect Glaive&quot; weapon?","Monster Hunter 4","Monster Hunter Freedom|Monster Hunter Stories|Monster Hunter 2"
"Entertainment: Video Games","multiple","medium","Who is the protagonist in Dead Rising 3?","Nick Ramos","Frank West|Chuck Greene|Isabela Keyes"
"Science &amp; Nature","multiple","easy","Which is the longest bone in the human body? ","Femur","Scapula|Fibula|Ulna"
"Entertainment: Cartoon &amp; Animations","multiple","easy","Who created the Cartoon Network series &quot;Regular Show&quot;?","J. G. Quintel","Ben Bocquelet|Pendleton Ward|Rebecca Sugar"
"General Knowledge","multiple","easy","Red Vines is a brand of what type of candy?","Licorice","Lollipop|Chocolate|Bubblegum"
"Science &amp; Nature","boolean","hard","The value of one Calorie is different than the value of one calorie.","True","False"
"Science: Computers","multiple","easy","What is the domain name for the country Tuvalu?",".tv",".tu|.tt|.tl"
"Entertainment: Video Games","multiple","easy","Who turns out to be the true victor in the Battle of Armageddon in Mortal Kombat?","Shao Kahn","Liu Kang|Shang Tsung|Raiden"
"Entertainment: Film","multiple","medium","Mark Wahlberg played the titular character of which 2008 video-game adaptation?","Max Payne","Alan Wake|Hitman|God Of War"
"Geography","multiple","medium","What is the name of the former country that was succeeded by countries such as Serbia, Croatia and Slovenia?","Yugoslavia","Czechoslovakia|Abkhazia|South Ossetia"
"Celebrities","multiple","hard","What was the religion of famous singer &quot;Freddie Mercury&quot;?","Zoroastrianism","Paganism|Ashurism|Judaism"
"Entertainment: Video Games","multiple","easy","Which game did NOT get financed via Crowdfunding?","Enter the Gungeon","Town of Salem|Undertale|Tower Unite"
"Entertainment: Music","multiple","easy","What was the subject of the 2014 song &quot;CoCo&quot; by American rapper O. T. Genasis?","Cocaine","Conan O&#039;Brien|Cobalt(II) carbonate|Coconut cream pie"
"General Knowledge","multiple","easy","Which one of these is not a typical European sword design?","Scimitar","Falchion|Ulfberht|Flamberge"
"Entertainment: Video Games","multiple","hard","What are the chances of being dealt a Royal Flush within Poker/Video Poker?","1 in 649,740","1 in 763,302|1 in 499,304|1 in 311,875,200"
"Entertainment: Video Games","multiple","medium","Marvel vs Capcom 2: New age of Heroes was released in what year?","2000","2001|2003|1998"
"Entertainment: Video Games","multiple","hard","In &quot;Super Mario Sunshine&quot;, how do you unlock the &quot;Corona Mountain&quot; level?","By clearing every 7th episode","By obtaining 70 Shines|By clearing every episode involving a &quot;Secret&quot;|By unlocking every nozzle F.L.U.D.D can use"
"Entertainment: Music","multiple","easy","Which of the following songs was not originally released by Sir Elton John? ","You&#039;ll Be In My Heart","Crocodile Rock|Candle in the Wind|I Don&#039;t Wanna Go On With You Like That"
"General Knowledge","multiple","easy","When someone is inexperienced they are said to be what color?","Green","Red|Blue|Yellow"
"Science &amp; Nature","multiple","easy","What is the &quot;powerhouse&quot; of the Eukaryotic animal cell?","Mitochondria","Nucleus|Chloroplast|Endoplasmic Reticulum"
"General Knowledge","multiple","easy","What country does sushi &amp; karaoke come from?","Japan","China|South Korea|Vietnam"
"Science: Mathematics","multiple","hard","How many Millibars (mbar) to 1 Inch of Mercury (inHg)","33.9","30.0|27.4|10.6"
"Entertainment: Japanese Anime &amp; Manga","multiple","easy","The two main characters of &quot;No Game No Life&quot;, Sora and Shiro, together go by what name?","Blank","Immanity|Disboard|Warbeasts"
"Science: Mathematics","multiple","easy","The metric prefix &quot;atto-&quot; makes a measurement how much smaller than the base unit?","One Quintillionth","One Billionth|One Quadrillionth|One Septillionth"
"Science &amp; Nature","multiple","medium","What mineral has the lowest number on the Mohs scale?","Talc","Quartz|Diamond|Gypsum"
"Science &amp; Nature","multiple","hard","In quantum physics, which of these theorised sub-atomic particles has yet to be observed?","Graviton","Z boson|Tau neutrino|Gluon"
"Geography","multiple","hard","Which of these countries is NOT a part of the Asian continent?","Suriname","Georgia|Russia|Singapore"
"Sports","multiple","medium","Who won the 2015 College Football Playoff (CFP) National Championship? ","Ohio State Buckeyes","Alabama Crimson Tide|Clemson Tigers|Wisconsin Badgers"
"General Knowledge","multiple","hard","Where is Apple Inc. headquartered?","Cupertino, California","Redwood City, California|Redmond, Washington|Santa Monica, CA"
"Entertainment: Books","multiple","easy","Who was the original author of Frankenstein?","Mary Shelley","Edgar Allan Poe|Bram Stoker|H. P. Lovecraft"
"Entertainment: Cartoon &amp; Animations","multiple","medium","What ability does Princess Sofia the First have from her amulet that allows her to breathe underwater?","Mermaid Transformation","Artificial Gills|Bubble Head|Bubble Shield"
"Science: Computers","boolean","easy","The Python programming language gets its name from the British comedy group &quot;Monty Python.&quot;","True","False"
"Art","multiple","easy","Who painted the Mona Lisa?","Leonardo da Vinci ","Pablo Picasso| Vincent van Gogh|Michelangelo"
"Entertainment: Video Games","multiple","easy","Which of the following games has the largest map size?","Just Cause 2","Grand Theft Auto 5|The Elder Scrolls 4:  Oblivion|The Witcher 3:  Wild Hunt"
"Entertainment: Music","multiple","hard","What is the official name of Prince&#039;s backing band?","The Revolution","The Paupers|The Wailers|The Heartbreakers"
"Science &amp; Nature","boolean","medium","&quot;Tachycardia&quot; or &quot;Tachyarrhythmia&quot; refers to a resting heart-rate near or over 100 BPM.","True","False"
"Entertainment: Music","multiple","medium","Which one of these people has been in the band &#039;&#039;Metallica&#039;&#039; in the past?","Dave Mustaine","Kurt Cobain|Joey Belladonna|Dave Lombardo"
"Entertainment: Japanese Anime &amp; Manga","boolean","easy","In Kill La Kill, the weapon of the main protagonist is a katana. ","False","True"
"Geography","multiple","medium","Which country has the abbreviation &quot;CH&quot;?","Switzerland","China|Canada|No Country"
"Entertainment: Video Games","multiple","easy","In the Video Game, Half-life, what type of US military force starts clearing out the Black Mesa Research Facility?","The HECU","Navy Seals|The Combine|The Marines"
"Science: Mathematics","boolean","medium","The Pythagorean theorem states that the square of the hypotenuse is equal to the product of the squares of the other two sides.","False","True"
"Science &amp; Nature","multiple","hard","Which of these is a stop codon in DNA?","TAA","ACT|ACA|GTA"
"Art","multiple","hard","How many paint and pastel versions of &quot;The Scream&quot; is Norwegian painter Edvard Munch believed to have produced?","4","1|3|2"
"History","multiple","easy","What country joined the EU in 2013?","Croatia","Bulgaria|Slovenia|Turkey"
"Science: Mathematics","boolean","hard","In Topology, the complement of an open set is a closed set.","True","False"
"Entertainment: Comics","multiple","hard","In what year did the first &quot;The Walking Dead&quot; comic come out?","2003","2001|2006|1999"
"Sports","multiple","hard","What tool lends it&#039;s name to a last-stone advantage in an end in Curling?","Hammer","Wrench|Drill|Screwdriver"
"Entertainment: Music","multiple","medium","Where did the British Boy Band &quot;Bros&quot; come from?","Camberley","Guildford|Aldershot|Bagshot"
"Entertainment: Television","multiple","easy","The HBO series &quot;Game of Thrones&quot; is based on which series of books?","A Song of Ice and Fire","The Wheel of Time|Harry Potter|The Notebook"
"Entertainment: Video Games","boolean","hard","TF2: Sentry rocket damage falloff is calculated based on the distance between the sentry and the enemy, not the engineer and the enemy","False","True"
"General Knowledge","multiple","medium","The Fields Medal, one of the most sought after awards in mathematics, is awarded every how many years?","4","3|5|6"
"Entertainment: Video Games","multiple","easy","In &quot;Undertale&quot;, how many main endings are there?","3","2|5|13"
"Science &amp; Nature","multiple","hard","How many objects are equivalent to one mole?","6.022 x 10^23","6.002 x 10^22|6.022 x 10^22|6.002 x 10^23"
"Entertainment: Music","multiple","easy","The Red Hot Chili Pepper song &quot;Give It Away&quot; is from what album?","Blood Sugar Sex Magik","One Hot Minute|By the Way|Stadium Arcadium"
"Science &amp; Nature","multiple","medium","The Sun consists of mostly which two elements?","Hydrogen &amp; Helium","Hydrogen &amp; Nitrogen|Carbon &amp; Nitrogen|Carbon &amp; Helium"
"Science &amp; Nature","multiple","medium","Who developed the first successful polio vaccine in the 1950s?","Jonas Salk","John F. Enders|Thomas Weller|Frederick Robbins"
"Geography","multiple","hard","The Hunua Ranges is located in...","New Zealand","Nepal|China|Mexico"
"Entertainment: Music","multiple","easy","What is the name of Finnish DJ Darude&#039;s hit single released in October 1999?","Sandstorm","Dust Devil|Sirocco|Khamsin"
"General Knowledge","multiple","easy","Which of the following card games revolves around numbers and basic math?","Uno","Go Fish|Twister|Munchkin"
"Science: Computers","multiple","medium","When did the online streaming service &quot;Mixer&quot; launch?","2016","2013|2009|2011"
"Entertainment: Music","multiple","medium","&quot;Drink the Sea&quot; is an album by which electronic music artist?","The Glitch Mob","Avicii|XXYYXX|Flux Pavilion"
"Entertainment: Video Games","multiple","easy","What is the main ship used by Commander Shepard in the Mass Effect Franchise called?","Normandy","Osiris|Infinity|Endeavour"
"Science &amp; Nature","multiple","medium","Which of these two plates are best know for forming earthquakes and tsunami&#039;s? ","Convergent Plate Boundaries/Oceanic Crust","Divergent Plate Boundaries/Convergent/Oceanic Crust|Transform Plate Boundaries/Divergent Plate Boundaries|Oceanic &amp; Continental Crust/Transform Plate Boundaries"
"Entertainment: Video Games","multiple","medium","In &quot;Call Of Duty: Zombies&quot;, which map introduced the perk &quot;PhD Flopper&quot;?","Ascension","Moon|Call Of The Dead|Die Rise"
"Entertainment: Video Games","boolean","hard","The first &quot;Metal Gear&quot; game was released for the PlayStation 1.","False","True"
"Entertainment: Music","multiple","hard","What is the first track on the Dave Matthews Band album &quot;Before These Crowded Streets&quot;?","Pantala Naga Pampa","Stay (Wasting Time)|Rapunzel|Don&#039;t Drink The Water"
"Entertainment: Video Games","multiple","medium","In Undertale, how much do Spider Donuts cost in Hotland?","9999G","7G|40G|12G"
"Entertainment: Music","multiple","medium","Which of these songs is not on the &quot;untitled&quot; album by Led Zeppelin?","Celebration Day","Stairway to Heaven|Black Dog|Rock and Roll"
"Entertainment: Music","multiple","hard","Pete Townshend collaborated with which famous guitarist for an event at Brixton Academy in 1985?","David Gilmour","Jimmy Page|Mark Knopfler|Eric Clapton"
"Entertainment: Video Games","multiple","easy","What is the default alias that Princess Garnet goes by in Final Fantasy IX?","Dagger","Dirk|Garnet|Quina"
"Entertainment: Video Games","multiple","hard","In &quot;Team Fortress 2&quot;, what is the fastest taunt kill that can be pulled off?","Showdown","Hadouken|Organ Grinder|Skewer"
"Art","multiple","easy","Which painting was not made by Vincent Van Gogh?","The Ninth Wave","Caf&eacute; Terrace at Night|Bedroom In Arles|Starry Night"
"General Knowledge","multiple","easy","What technology is named after a tenth-century ruler of Denmark and Norway?","Bluetooth","Wi-Fi|GPS|Internet"
"Entertainment: Video Games","multiple","hard","Which retro video game was released first?","Space Invaders","Galaga|Pac-Man|Asteroids"
"Entertainment: Japanese Anime &amp; Manga","boolean","easy","In the 1988 film &quot;Akira&quot;, Tetsuo ends up destroying Tokyo.","True","False"
"Entertainment: Cartoon &amp; Animations","multiple","easy","What was the name of the sea witch in the 1989 Disney film &quot;The Little Mermaid&quot;?","Ursula","Madam Mim|Maleficent|Lady Tremaine"
"History","multiple","medium","Which of the following countries was the first to send an object into space?","Germany","USA|Russia|China"
"Entertainment: Music","multiple","hard","On which Beatles album would you find the song &#039;Eleanor Rigby&#039;?","Revolver","Help!|Rubber Soul|Abbey Road"
"Entertainment: Video Games","multiple","easy","In which series of games do you collect souls to empower you and buy weaponry and armor with?","Souls ","Final Fantasy |Monster Hunter|The Legend of Zelda"
"History","boolean","hard","Joseph Stalin&#039;s real name was Ioseb Bessarionis dze Dzugashvili.","True","False"
"Science: Computers","multiple","medium","In computing terms, typically what does CLI stand for?","Command Line Interface","Common Language Input|Control Line Interface|Common Language Interface"
"Entertainment: Video Games","multiple","easy","Aperture Science CEO Cave Johnson is voiced by which American actor?","J.K. Simmons","Nolan North|John Patrick Lowrie|Christopher Lloyd"
"Animals","multiple","medium","What is the fastest animal?","Peregrine Falcon","Golden Eagle|Cheetah|Horsefly"
"Sports","multiple","easy","What sport features the terms love, deuce, match and volley?","Tennis","Cricket|Basketball|Curling"
"Entertainment: Video Games","multiple","medium","Which game won the &quot;Games for Impact&quot; award in The Game Awards 2015?","Life is Strange","Ori and the Blind Forest|Rocket League|Metal Gear Solid V: The Phantom Pain"
"Vehicles","multiple","easy","Which of the following car manufacturers had a war named after it?","Toyota","Honda|Ford|Volkswagen"
"Entertainment: Music","boolean","hard","The singer Billie Holiday was also known as &quot;Lady Day&quot;.","True","False"
"Entertainment: Video Games","multiple","hard","Which of these characters was considered, but ultimately not included, for Super Smash Bros. Melee?","James Bond","Diddy Kong|Mega Man|Wave Racer"
"History","multiple","medium","Which country had an &quot;Orange Revolution&quot; between 2004 and 2005?","Ukraine","Belarus|Latvia|Lithuania"
"Entertainment: Video Games","multiple","easy","What is the name of the main character in &quot;Life is Strange&quot;?","Maxine Caulfield","Victoria Chase|Stella Hill|Chloe Price"
"Entertainment: Film","boolean","hard","YouTube personality Jenna Marbles served as an executive producer of the film Maximum Ride (2016).","True","False"
"General Knowledge","multiple","easy","What was the name of the WWF professional wrestling tag team made up of the wrestlers Ax and Smash?","Demolition","The Dream Team|The Bushwhackers|The British Bulldogs"
"Entertainment: Television","boolean","medium","In &quot;Star Trek&quot;, Klingons are commonly referred to as &quot;Black Elves&quot;.","False","True"
"Entertainment: Video Games","multiple","easy","Who in this list is one of the co-founders of Valve?","Gabe Newell","Robin Walker|Marc Laidlaw|Ray Ueno"
"Politics","boolean","easy","One of Barack Obama&#039;s United States presidential campaign slogan&#039;s was &quot;Yes We Can&quot;.","True","False"
"Entertainment: Music","multiple","medium","What was the title of ABBA`s first UK hit single?","Waterloo","Mamma Mia|Fernando|Dancing Queen"
"General Knowledge","multiple","hard","How many calories are in a 355 ml can of Pepsi Cola?","150","200|100|155"
"Science: Mathematics","multiple","easy","How many sides does a trapezium have?","4","3|5|6"
"Entertainment: Video Games","multiple","hard","In 2004, which person(s) created &quot;Roblox&quot;?","David Baszucki and Erik Cassel","Erik Cassel|Jonas Alto and Sarah Smith|James Kolein"
"Entertainment: Books","multiple","medium","What is the make and model of the tour vehicles in &quot;Jurassic Park&quot; (1990)?","1989 Toyota Land Cruiser","1989 Jeep Wrangler YJ Sahar|1989 Ford Explorer XLT|Mercedes M-Class"
"Science: Computers","boolean","medium","The common software-programming acronym &quot;I18N&quot; comes from the term &quot;Interlocalization&quot;.","False","True"
"Entertainment: Music","boolean","hard","The song &quot;Mystery Train&quot; was released by artist &quot;Little Junior&#039;s Blue Flames&quot; in 1953.","True","False"
"Entertainment: Books","multiple","easy","What&#039;s Harry Potter&#039;s dad&#039;s name?","James Potter","Joey Potter|Frank Potter|Hairy Potter Sr."
"Entertainment: Television","multiple","medium","Baron Silas Greenback is the arch nemesis of which cartoon hero?","Danger Mouse","Bananaman|SuperTed|Captain Star"
"Entertainment: Video Games","multiple","medium","In &quot;Halo 2&quot;, what is the name of the monitor of Installation 05?","2401 Penitent Tangent","343 Guilty Spark|031 Exuberant Witness|252 Biodis Expolsion"
"Entertainment: Video Games","boolean","easy","In the game Dead by Daylight, the killer Michael Myers is refered to as &quot;The Shape&quot;.","True","False"
"Geography","multiple","medium","Which of the following countries banned the use of personal genetic ancestry tests?","Germany","Austria|Canada|Sweden"
"Entertainment: Film","multiple","easy","This movie contains the quote, &quot;Nobody puts Baby in a corner.&quot;","Dirty Dancing","Three Men and a Baby|Ferris Bueller&#039;s Day Off|Pretty in Pink"
"General Knowledge","boolean","hard","Spoon theory is a theory, utilizing &quot;Spoons&quot; as a metaphor for energy they can use in a day.","True","False"
"Entertainment: Music","multiple","easy","Which of the following is an album by punk rock band Anti-Flag?","For Blood And Empire","Infinity On High|21st Century Breakdown|No Pads, No Helmets...Just Balls"
"History","multiple","hard","When did the French Revolution begin?","May 05 1789","April 12 1789|April 05 1789|May 06 1799"
"Entertainment: Film","multiple","hard","What was Humphrey Bogart&#039;s middle name?","DeForest","DeWinter|Steven|Bryce"
"Entertainment: Video Games","multiple","medium","In &quot;Call Of Duty: Zombies&quot;, completing which map&#039;s easter egg will reward you with the achievement, &quot;Time Travel Will Tell&quot;?","Shangri-La","Ascension|Moon|Die Rise"
"Entertainment: Film","multiple","easy","Who plays Alice in the Resident Evil movies?","Milla Jovovich","Madison Derpe|Milla Johnson|Kim Demp"
"Science: Computers","multiple","hard","According to DeMorgan&#039;s Theorem, the Boolean expression (AB)&#039; is equivalent to:","A&#039; + B&#039;","A&#039;B + B&#039;A|A&#039;B&#039;|AB&#039; + AB"
"Art","multiple","medium","What were Marcel Duchamp&#039;s readymades?","utilitarian objects elevated to the status of art","a series focused on color and light as opposed to line and shape|paintings with a barely visible outlined square|a group of identical steel boxes jutting from the wall "
"Science: Computers","boolean","hard","The IBM PC used an Intel 8008 microprocessor clocked at 4.77 MHz and 8 kilobytes of memory.","False","True"
"Entertainment: Video Games","multiple","medium","Who was the mascot of SEGA before &quot;Sonic the Hedgehog&quot;?","Alex Kidd","Opa Opa|NiGHTS|Ristar"
"Geography","multiple","hard","What is the area of Vatican City?","0.44km^2","0.10km^2|0.86km^2|12.00km^2"
"Entertainment: Film","multiple","hard","In the Friday The 13th series, what year did Jason drown in?","1957","1955|1953|1959"
"Entertainment: Board Games","multiple","hard","What was the development code name for the &quot;Urza&#039;s Destiny&quot; expansion for &quot;Magic: The Gathering&quot;, released in 1999?","Chimichanga","Burrito|Taquito|Enchilada"
"Entertainment: Books","multiple","hard","What is the name of the town in which Lily and James Potter are buried?","Godric&#039;s Hollow","Hogsmeade|Ottery St. Catchpole|Little Hangleton"
"Entertainment: Music","multiple","hard","Who is a pioneer of &quot;Minimal Music&quot; in 1960s?","Steve Reich","Wolfgang Amadeus Mozart|Brian Eno|Sigur R&oacute;s"
"History","multiple","medium","What is the name of the famous Apache leader who died in 1909 at the age of 70?","Geronimo","Sitting Bull|Red Cloud|Crazy Horse"
"Entertainment: Cartoon &amp; Animations","multiple","medium","What is Dipper&#039;s real name from &quot;Gravity Falls&quot;?","Mason Pines","Mable Pines|Jason Pines|Mark Pines"
"Science &amp; Nature","multiple","easy","The biggest distinction between a eukaryotic cell and a prokaryotic cell is:","The presence or absence of a nucleus","The overall size|The presence or absence of certain organelles|The mode of reproduction"
"Geography","multiple","medium","Which is the largest of these 4 islands?","Borneo","Great Britain|Cuba|Madagascar"
"Entertainment: Video Games","multiple","medium","In the game &quot;Dead By Daylight,&quot; which character starts with the perk &quot;Bond&quot;.","Dwight Fairfield","Claudette Morell|Meg Thomas|Jake Park"
"Entertainment: Music","multiple","medium","Which Toronto landmark was featured on the cover art of Canadian rapper Drake&#039;s 2016 album &quot;Views&quot;?","CN Tower","Allan Gardens|Union Station|Prince of Wales Theatre"
"General Knowledge","multiple","medium","What direction does the Statue of Liberty face?","Southeast","Southwest|Northwest|Northeast"
"History","multiple","easy","When did the Battle of the Somme begin?","July 1st, 1916","August 1st, 1916|July 2nd, 1916|June 30th, 1916"
"Entertainment: Board Games","multiple","easy","Which of the following is NOT a class in Dungeons and Dragons 5e?","Engineer ","Fighter |Paladin |Bard"
"Science &amp; Nature","boolean","easy","An atom contains a nucleus.","True","False"
"Entertainment: Cartoon &amp; Animations","multiple","medium","In &quot;The Amazing World of Gumball&quot;, who is the principal of Elmore Junior High?","Principal Brown","Principal Small|Principal Brawn|Principal Simeon"
"Entertainment: Television","multiple","medium","In &quot;Breaking Bad,&quot; which main character was planned to be killed in Season 1 but wasn&#039;t because the show creator liked the actor?","Jesse Pinkman","Saul Goodman|Gus Fring|Hank Schrader"
"Entertainment: Video Games","multiple","medium","Who voices Max Payne in the 2001 game &quot;Max Payne&quot;?","James McCaffrey","Sam Lake|Troy Baker|Hideo Kojima"
"Mythology","multiple","easy","The Nike apparel and footwear brand takes it&#039;s name from the Greek goddess of what?","Victory","Courage|Strength|Honor"
"Entertainment: Video Games","multiple","hard","In the Super Mario Bros. Series, what is Yoshi&#039;s scientific name?","T. Yoshisaur Munchakoopas","Yoshi|T. Yoshisotop Munchakoopas|Yossy"
"Entertainment: Music","multiple","hard","Which member of the English band &quot;The xx&quot; released their solo album &quot;In Colour&quot; in 2015?","Jamie xx","Romy Madley Croft|Oliver Sim|Baria Qureshi"
"Entertainment: Video Games","multiple","medium","In the original DOOM games, which of the following demons is a recolor of the Baron of Hell, but is weaker than the Baron?","Hell Knight","Mancubus|Pinky|Arch-Vile"
"Sports","multiple","medium","In 2016, who won the Formula 1 World Constructor&#039;s Championship for the third time in a row?","Mercedes-AMG Petronas","Scuderia Ferrari|McLaren Honda|Red Bull Racing Renault"
"Entertainment: Music","multiple","hard","Which Elton John hit starts with the line &quot;When are you gonna come down&quot;?","Goodbye Yellow Brick Road","Rocket Man|Bennie and the Jets|Crocodile Rock"
"General Knowledge","multiple","medium","What was the name given to Japanese military dictators who ruled the country through the 12th and 19th Century?","Shogun","Ninja|Samurai|Shinobi"
"Entertainment: Music","multiple","hard","What is the name of the song by Beyonc&eacute; and Alejandro Fern&aacute;ndez released in 2007?","Amor Gitano","La ultima vez|Rocket|Hasta Dondes Estes"
"Entertainment: Japanese Anime &amp; Manga","multiple","medium","In &quot;Toriko&quot;, which of the following foods is knowingly compatible with Toriko?","Poison Potato","Mors Oil|Alpacookie|Parmesansho Fruit"
"General Knowledge","multiple","medium","Which famed architect, who died in 2019 aged 102, designed the glass pyramid at the Louvre museum in Paris?","I. M. Pei","Pascale Gu&eacute;dot|Frank Gehry|Wang Shu"
"Mythology","multiple","hard","Nidhogg is a mythical creature from what mythology?","Norse","Egyptian|Greek|Hindu"
"Entertainment: Music","multiple","medium","Ellie Goulding&#039;s earliest album was named?","Lights","Halcyon|Bright Lights|Halcyon Days"
"Geography","multiple","medium","Which European city has the highest mileage of canals in the world?","Birmingham","Venice|Amsterdam|Berlin"
"Entertainment: Japanese Anime &amp; Manga","multiple","easy","What is the name of Funny Valentine&#039;s stand in Jojo&#039;s Bizarre Adventure Part 7, Steel Ball Run?","Dirty Deeds Done Dirt Cheap","Filthy Acts Done For A Reasonable Price|Civil War|God Bless The USA"
"Politics","multiple","medium","Which president erased the national debt of the United States?","Andrew Jackson","Ronald Reagan|John F. Kennedy|Franklin Roosevelt"
"Entertainment: Film","multiple","easy","In the movie &quot;V for Vendetta,&quot; what is the date that masked vigilante &quot;V&quot; urges people to remember?","November 5th","November 6th|November 4th|September 5th"
"Entertainment: Video Games","multiple","easy","What is the name of the world that the MMO &quot;RuneScape&quot; takes place in?","Gielinor","Glindor|Azeroth|Zaros"
"Science &amp; Nature","multiple","hard","Botanically speaking, which of these fruits is NOT a berry?","Strawberry","Blueberry|Banana|Concord Grape"
"Entertainment: Television","multiple","medium","The fictional movie &#039;Rochelle, Rochelle&#039; features in which sitcom?","Seinfeld","Frasier|Cheers|Friends"
"Entertainment: Music","multiple","medium","When did Tame Impala release their second album?","2012","2015|2010|1967"
"Entertainment: Music","multiple","medium","Which rock band released the album &quot;The Bends&quot; in March 1995?","Radiohead","Nirvana|Coldplay|U2"
"Science &amp; Nature","multiple","easy","What organelle aids in synthesis of DNA in cells?","Ribosomes","Nuclei|Lysosomes|Mitochondria"
"Entertainment: Video Games","multiple","medium","Which was the first video game to be produced by development company Rare?","Slalom","R.C. Pro-Am|Donkey Kong Country|Battletoads"
"General Knowledge","multiple","medium","&quot;Gum arabic&quot; is a natural gum consisting of the hardened sap of which tree species?","Acacia","Palm|Ficus|Eucalyptus"
"Science &amp; Nature","multiple","easy","What is the unit of electrical resistance?","Ohm","Mho|Tesla|Joule"
"Science: Computers","multiple","hard","Who is the founder of Palantir?","Peter Thiel","Mark Zuckerberg|Marc Benioff|Jack Dorsey"
"Entertainment: Music","multiple","easy","Who is the lead singer of Arctic Monkeys?","Alex Turner","Jamie Cook|Matt Helders|Nick O&#039;Malley"
"General Knowledge","multiple","easy","Which of these colours is NOT featured in the logo for Google?","Pink","Yellow|Blue|Green"
"Entertainment: Music","boolean","medium","Pink Floyd&#039;s 1973 album &quot;Animals&quot; features a photograph of Battersea Power Station.","True","False"
"Entertainment: Video Games","multiple","medium","In the Super Smash Bros. series, which game first featured Luigi as a playable character?","Super Smash Bros.","Super Smash Bros. Melee|Super Smash Bros. Brawl|Super Smash Bros. for Wii U"
"Science &amp; Nature","multiple","hard","What is &quot;Stenoma&quot;?","A genus of moths","A combat stimulant from WW2|A type of seasoning|A port city in the carribean"
"Entertainment: Cartoon &amp; Animations","multiple","easy","What is Everest&#039;s favorite food in the Nickelodeon/Nick Jr. series &quot;PAW Patrol&quot;?","Liver","Chicken|Steak|Caribou"
"Entertainment: Comics","boolean","medium","In the webcomic Homestuck, the first character introduced is Dave Strider.","False","True"
"Entertainment: Film","multiple","medium","Who voiced the character Draco in the 1996 movie &#039;DragonHeart&#039;?","Sean Connery","Dennis Quaid|Pete Postlethwaite|Brian Thompson"
"Entertainment: Television","multiple","easy","In Supernatural, what&#039;s is Sam&#039;s brothers name?","Dean","Dave|Steve|Mike"
"Entertainment: Video Games","multiple","hard","In the popular MOBA League of Legends, which of the following champions is nicknamed &quot;the Virtuoso&quot;?","Jhin","Kayle|Ezreal|Camille"
"Science: Computers","multiple","medium","While Apple was formed in California, in which western state was Microsoft founded?","New Mexico","Washington|Colorado|Arizona"
"Entertainment: Video Games","multiple","easy","Which of these levels does NOT appear in the console/PC versions of the game &quot;Sonic Generations&quot;?","Mushroom Hill","City Escape|Planet Wisp|Sky Sanctuary"
"Science &amp; Nature","boolean","medium","Hippopotomonstrosesquippedaliophobia is the irrational fear of long words.","True","False"
"Entertainment: Video Games","multiple","medium","In the world strategy game &#039;Sid Meier&#039;s Civilization&#039;, a programming bug caused the AI depiction of Gandhi to do which of the following?","Become aggressive and launch nuclear strikes","Begin speaking in German |Become friendly and trade his entire wealth|Launch attacks on his own cities and assets"
"Entertainment: Video Games","multiple","medium","How many times do you fight the Imprisoned in The Legend of Zelda: Skyward Sword?","3","2|4|5"
"General Knowledge","multiple","medium","What did the Spanish autonomous community of Catalonia ban in 2010, that took effect in 2012?","Bullfighting","Fiestas|Flamenco|Mariachi"
"Politics","boolean","easy","There was a satirical candidate named &quot;Deez Nuts&quot; running in the 2016 US presidential elections.","True","False"
"Entertainment: Video Games","boolean","easy","In 2019, Minecraft outsold Tetris to become the world&#039;s best-selling video game.","True","False"
"Mythology","multiple","easy","Which of these mythological creatures is said to be half-man and half-horse?","Centaur","Minotaur|Pegasus|Gorgon"
"Science: Gadgets","multiple","medium","In what year was the Oculus Rift revealed to the public through a Kickstarter campaign?","2012","2010|2011|2013"
"Science: Computers","boolean","medium","All program codes have to be compiled into an executable file in order to be run. This file can then be executed on any machine.","False","True"
"History","multiple","easy","These two countries held a commonwealth from the 16th to 18th century.","Poland and Lithuania","Hutu and Rwanda|North Korea and South Korea|Bangladesh and Bhutan"
"Entertainment: Video Games","multiple","medium","What is the main character of Metal Gear Solid 2?","Raiden","Solidus Snake|Big Boss|Venom Snake"
"Entertainment: Books","multiple","hard","Where does the book &quot;The Silence of the Lambs&quot; get its title from?","The main character&#039;s trauma in childhood","The relation it has with killing the innocents|The villain&#039;s favourite meal|The voice of innocent people being shut by the powerful"
"Entertainment: Video Games","multiple","medium","In the game &quot;Undertale&quot;, who was Mettaton&#039;s creator?","Alphys","Undyne|Sans|Asgore"
"Entertainment: Video Games","multiple","hard","In the video game &quot;Metal Gear Solid&quot;, what did Revolver Ocelot consider the greatest handgun ever made?","Colt Single Action Army","Colt Python|Colt M1892|Colt 1851 Navy Revolver"
"Entertainment: Video Games","multiple","easy","Which of the following characters from the game &quot;Overwatch&quot; was revealed to be homosexual in December of 2016?","Tracer","Widowmaker|Sombra|Symmetra"
"Entertainment: Music","multiple","hard","Which lyric is about Red Hot Chili Peppers frontman Anthony Kiedis?","&quot;A rainy Lithuanian / Is dancing as an Indian&quot;","&quot;Fly away on, my zephyr / I feel it more than ever&quot;|&quot;And I liked the dimple in your chin / Your pale blue eyes&quot;|&quot;You used to be so warm and affectionate...but now you&#039;re quick to get into your regret&quot;"
"Entertainment: Music","multiple","medium","Who is the lead singer of Silverchair?","Daniel Johns","Ben Gillies|Chris Joannou|George Costanza"
"Entertainment: Cartoon &amp; Animations","multiple","medium","Which of these is not a real character in the cartoon series My Little Pony: Friendship is Magic?","Rose Marene","Pinkie Pie|Maud Pie|Rainbow Dash"
"Entertainment: Comics","multiple","hard","In the Marvel Universe, the planet of Svartalfheim is home to what race?","Dark Elves","Frost Giants|Kronans|Skrulls"
"Entertainment: Japanese Anime &amp; Manga","multiple","medium","Ikki Kurogane is known by what nickname at the beginning of &quot;Chivalry of a Failed Knight&quot;?","Worst One","Another One|Blazer|Princess"
"Entertainment: Books","multiple","medium","The book &quot;Fahrenheit 451&quot; was written by whom?","Ray Bradbury","R. L. Stine|Wolfgang Amadeus Mozart|Stephen King"
"Entertainment: Film","multiple","easy","This movie contains the quote, &quot;Houston, we have a problem.&quot;","Apollo 13","The Right Stuff|Capricorn One|Marooned"
"Entertainment: Board Games","boolean","easy","The card game &quot;Munchkin&quot; won the 2001 Origins Award for Best Traditional Card Game.","True","False"
"Science &amp; Nature","multiple","hard","In physics, conservation of energy and conservation of momentum are both consequences of which of the following?","Noether&#039;s Theorem","Bell&#039;s Theorem|Wick&#039;s Theorem|Carnot&#039;s Theorem"
"Entertainment: Video Games","boolean","medium","Metal Gear Solid V: The Phantom Pain runs on the Fox Engine.","True","False"
"Entertainment: Video Games","multiple","medium","Which city hosted the CS:GO Dreamhack Open 2015?","Cluj-Napoca","Cologne|Atlanta|London"
"Entertainment: Film","multiple","medium","According to the Star Wars lore, what is Han Solo&#039;s home planet?","Corellia","Tatooine|Naboo|Coruscant"
"Entertainment: Cartoon &amp; Animations","multiple","medium","The character White Diamond from Steven Universe, is voiced by who?","Christine Ebersole","Ellen McLain|Aly Michalka|Rihanna"
"History","multiple","medium","The Herero genocide was perpetrated in Africa by which of the following colonial nations?","Germany","Britain|Belgium|France"
"Entertainment: Film","boolean","easy","Actor Tommy Chong served prison time.","True","False"
"Entertainment: Television","multiple","hard","What is the name of the pirate that sings the intro to &quot;Spongebob Squarepants&quot;?","Painty","Patchy|Lloyd|Larry"
"Entertainment: Film","multiple","easy","Which actress danced the twist with John Travolta in &#039;Pulp Fiction&#039;?","Uma Thurman","Kathy Griffin|Pam Grier|Bridget Fonda"
"Entertainment: Video Games","multiple","easy","Which of the following games was NOT included in Valve&#039;s &quot;The Orange Box&quot;?","Left 4 Dead","Half-Life 2: Episode Two|Portal|Team Fortress 2"
"Entertainment: Music","boolean","medium","&quot;Twenty One Pilots&quot; made the song &quot;The Motion&quot; featuring Sampha.","False","True"
"Entertainment: Japanese Anime &amp; Manga","multiple","medium","Who is the main character in One Piece?","Luffy","Shanks|Zoro|Smoker"
"Geography","boolean","easy","Ottawa is the capital of Canada.","True","False"
"General Knowledge","multiple","medium","What does a milliner make and sell?","Hats","Shoes|Belts|Shirts"
"Entertainment: Music","multiple","medium","Which song by Swedish electronic musician Avicii samples the song &quot;Something&#039;s Got A Hold On Me&quot; by Etta James?","Levels","Fade Into Darkness|Silhouettes|Seek Bromance"
"General Knowledge","multiple","medium","What is the average life span of a garden ant?","15 years","24 hours|1 week|3 years"
"Entertainment: Video Games","multiple","medium","In the 2002 video game &quot;Kingdom Hearts&quot;, how many playable worlds were there?","14","13|16|11"
"Geography","multiple","hard","How many countries border Kyrgyzstan?","4","3|1|6"
"History","multiple","medium","Under which name was Rodrigo Borgia made Pope?","Alexander VI","Rodrigo I|John Paul II|Pius VII"
"Entertainment: Video Games","multiple","medium","Which one of these &quot;Mortal Kombat&quot; characters has been playable in every single mainline game?","Sub-Zero","Raiden|Scorpion|Liu Kang"
"General Knowledge","boolean","medium","The average woman is 5 inches / 13 centimeters shorter than the average man.","True","False"
"Entertainment: Television","multiple","medium","What actor portrays Hogan &quot;Wash&quot; Washburne in the TV Show Firefly?","Alan Tudyk","Adam Baldwin|Nathan Fillion|Sean Maher"
"Entertainment: Video Games","multiple","easy","In Portal 2, how did CEO of Aperture Science, Cave Johnson, presumably die?","Moon Rock Poisoning","Accidentally sending a portal to the Moon|Slipped in the shower|Asbestos Poisoning"
"Science &amp; Nature","multiple","medium","A positron is an antiparticle of a what?","Electron","Neutron|Proton|Photon"
"History","multiple","medium","When did the United States formally declare war on Japan, entering World War II?","December 8, 1941","June 6, 1944|June 22, 1941|September 1, 1939"
"History","multiple","easy","Which famous military commander marched an army, which included war elephants, over the Alps during the Second Punic War?","Hannibal","Garmanicus|Alexander the Great|Tiberius"
"Vehicles","multiple","hard","What car manufacturer gave away their patent for the seat-belt in the interest of saving lives?","Volvo","Ferrari|Ford|Renault"
"Science &amp; Nature","boolean","easy","Psychology is the science of behavior and mind.","True","False"
"Entertainment: Film","multiple","medium","Which of the following films was NOT directed by Quentin Tarantino?","From Dusk till Dawn","Jackie Brown|Pulp Fiction|Reservoir Dogs"
"Science &amp; Nature","multiple","hard","&quot;The Big Bang Theory&quot; was first theorized by a priest of what religious ideology?","Catholic","Christian|Jewish|Islamic"
"Science: Computers","multiple","easy","How long is an IPv6 address?","128 bits","32 bits|64 bits|128 bytes"
"Entertainment: Video Games","multiple","easy","In what year was &quot;Metal Gear Solid&quot; released in North America?","1998","1987|2001|2004"
"Entertainment: Video Games","multiple","hard","Which of these Pok&eacute;mon cannot learn Surf?","Arbok","Linoone|Tauros|Nidoking"
"Entertainment: Film","multiple","easy","Which of these films is NOT set in Los Angeles?","RoboCop","Blade Runner|The Terminator|Predator 2"
"Entertainment: Video Games","multiple","hard","Which of the following games in the The Legend of Zelda franchise was released in North America before Japan?","The Legend of Zelda: Twilight Princess","Zelda II: The Adventure of Link|The Legend of Zelda: Four Swords Adventures|The Legend of Zelda: Majora&#039;s Mask"
"Entertainment: Video Games","multiple","medium","How many unique items does &quot;Borderlands 2&quot; claim to have?","87 Bazillion ","87 Million|87 Trillion|87 Gazillion "
"Entertainment: Japanese Anime &amp; Manga","multiple","easy","In the 9th Pokemon movie, who is the Prince of the Sea?","Manaphy","Ash|May|Phantom"
"Entertainment: Video Games","multiple","medium","What was the #1 selling game on Steam by revenue in 2016?","Sid Meier&#039;s Civilization VI","Grand Theft Auto V|Counter Strike: Global Offensive|Dark Souls III"
"General Knowledge","multiple","easy","What nuts are used in the production of marzipan?","Almonds","Peanuts|Walnuts|Pistachios"
"Entertainment: Film","multiple","medium","In the 1984 movie &quot;The Terminator&quot;, what model number is the Terminator portrayed by Arnold Schwarzenegger?","T-800","I-950|T-888|T-1000"
"Entertainment: Video Games","boolean","easy","In &quot;Super Mario Bros.&quot;, the clouds and bushes have the same artwork and are just different colors.","True","False"
"Entertainment: Video Games","multiple","medium","Which Crypt of the NecroDancer (2015) character has a soundtrack by Jake &quot;Virt&quot; Kaufman?","Uncle Eli","Cadence|Nocturna|Octavian (Bard)"
"Entertainment: Books","multiple","hard","Which author co-wrote &quot;The Communist Manifesto&quot; alongside Karl Marx?","Friedrich Engels","Robert Owen|Alexander Kerensky|Paul Lafargue"
"Science: Mathematics","boolean","medium","E = MC3","False","True"
"Entertainment: Music","multiple","hard","In Kendrick Lamar&#039;s 2012 album, &quot;Good Kid, M.A.A.D City&quot;, the album&#039;s story takes place in which city?","Compton","Detroit|New York|Baltimore"
"Sports","multiple","easy","In baseball, how many fouls are an out?","0","5|3|2"
"Entertainment: Video Games","multiple","hard","In the title of the game &quot;Luigi&#039;s Mansion&quot;, what is the only letter to not appear with a pair of eyes in it?","s","n|i|m"
"Geography","multiple","hard","What country is not a part of Scandinavia?","Finland","Norway|Sweden|Denmark"
"Science &amp; Nature","multiple","easy","Which of the following blood vessels carries deoxygenated blood?","Pulmonary Artery","Pulmonary Vein|Aorta|Coronary Artery"
"General Knowledge","boolean","easy","Romanian belongs to the Romance language family, shared with French, Spanish, Portuguese and Italian. ","True","False"
"Geography","multiple","easy","Harvard University is located in which city?","Cambridge","Providence|New York|Washington D.C."
"Entertainment: Music","multiple","medium","What is the name of the main character from the music video of &quot;Shelter&quot; by Porter Robinson and A-1 Studios?","Rin","Rem|Ren|Ram"
"Entertainment: Music","multiple","medium","Which singer was featured in Swedish producer Avicii&#039;s song &quot;Wake Me Up&quot;?","Aloe Blacc","John Legend|CeeLo Green|Pharrell Williams"
"Science: Computers","multiple","medium","How many bits make up the significand portion of a single precision floating point number?","23","8|53|15"
"Entertainment: Video Games","multiple","medium","If you play the Super Mario RPG and nap in a rented hotel room, you will wake up next to what familiar looking character?","Link","Wario|Q*bert|Solid Snake"
"Science: Mathematics","multiple","medium","In a normal distribution, 95% of the data lies within how many standard deviations of the mean?","2","1|3|4"
"Entertainment: Video Games","multiple","medium","Which company developed the video game &quot;Borderlands&quot;?","Gearbox Software","2K Games|Activision|Rockstar Games"
"Geography","multiple","easy","What is the 15th letter of the Greek alphabet?","Omicron (&Omicron;)","Sigma (&Sigma;)|Pi (&Pi;)|Nu (&Nu;)"
"Entertainment: Video Games","boolean","medium","The game series &quot;Titanfall&quot; runs on the Unreal Engine.","False","True"
"Science &amp; Nature","boolean","easy","Water always boils at 100&deg;C, 212&deg;F, 373.15K, no matter where you are.","False","True"
"Science: Computers","multiple","hard","Which RAID array type is associated with data mirroring?","RAID 1","RAID 0|RAID 10|RAID 5"
"Entertainment: Video Games","multiple","hard","Which variant of the MP5 is depicted in Counter-Strike 1.6?","MP5N","MP5SD|MP5K|MP5RAS"
"Entertainment: Japanese Anime &amp; Manga","multiple","medium","In the &quot;Sailor Moon&quot; series, what is Sailor Jupiter&#039;s civilian name?","Makoto Kino","Minako Aino|Usagi Tsukino|Rei Hino"
"Entertainment: Video Games","multiple","medium","What is the name of the prison in &quot;Half Life 2&quot;?","Nova Prospekt","Great Prospekt|New Prospect|Lesser Prospekt"
"Science &amp; Nature","multiple","easy","Which Apollo mission was the first one to land on the Moon?","Apollo 11","Apollo 10|Apollo 9|Apollo 13"
"Science &amp; Nature","multiple","easy","Who is the chemical element Curium named after?","Marie &amp; Pierre Curie","The Curiosity Rover|Curious George|Stephen Curry"
"History","multiple","easy","In what year did the Wall Street Crash take place?","1929","1932|1930|1925"
"Entertainment: Japanese Anime &amp; Manga","multiple","medium","What year did &quot;Attack on Titan&quot; Season 2 begin airing?","2017","2018|2019|2020"
"Entertainment: Music","multiple","hard","Which of these aliases has NOT been used by electronic musician Aphex Twin?","Burial","Caustic Window|Bradley Strider|GAK"
"History","multiple","easy","Which modern day country is the region that was known as Phrygia in ancient times?","Turkey","Syria|Greece|Egypt"
"Art","multiple","hard","Albrecht D&uuml;rer&#039;s birthplace and place of death were in...","N&uuml;rnberg","Augsburg|Bamberg|Berlin"
"Sports","multiple","medium","Who is Manchester United&#039;s top premier league goal scorer?","Wayne Rooney","Sir Bobby Charlton|Ryan Giggs|David Beckham"
"Science &amp; Nature","multiple","easy","Who discovered the Law of Gravity?","Sir Isaac Newton","Galileo Galilei|Charles Darwin|Albert Einstein"
"Politics","boolean","easy","Donald Trump won the popular vote in the 2016 United States presidential election.","False","True"
"Entertainment: Video Games","multiple","medium","Which of the following Mario Kart 8 Deluxe items will NOT make you invincible?","Golden Mushroom","Star|Bullet Bill|Boo"
"History","multiple","medium","When was &quot;The Gadget&quot;, the first nuclear device to be detonated, tested?","July 16, 1945","June 22, 1945|August 6, 1945|April 5, 1945"
"General Knowledge","multiple","easy","What is the name of the poker hand containing three of a kind and a pair?","Full House","Flush|Straight|High card"
"Mythology","multiple","medium","According to the Egyptian Myth of Osiris, who murdered Osiris?","Set","Horus|Ra|Anhur"
"Geography","multiple","easy","What is the capital of Denmark?","Copenhagen","Aarhus|Odense|Aalborg"
"Entertainment: Music","multiple","hard","Which iconic album cover features the pulsar waves of CP 1919 placed in the center of the cover?","Unknown Pleasures","The Dark Side of the Moon|London Calling|The Velvet Underground &amp; Nico"
"Mythology","multiple","easy","Who was the King of Gods in Ancient Greek mythology?","Zeus","Apollo|Hermes|Poseidon"
"Vehicles","multiple","easy","Which of these companies does NOT manufacture motorcycles?","Toyota","Honda|Kawasaki|Yamaha"
"Entertainment: Video Games","boolean","medium","The edutainment video game series character, Carmen Sandiego, is partially named after Brazilian actress, Carmen Miranda.","True","False"
"Entertainment: Film","multiple","easy","Which James Bond film had the theme song written and performed by English singer-songwriter Adele?","Skyfall","Casino Royale|Quantum Solace|Spectre"
"General Knowledge","multiple","easy","Which language is most widely spoken in Switzerland?","German","French|Italian|Swiss"
"Entertainment: Video Games","multiple","medium","In which &quot;Call of Duty&quot; game are the &quot;Apothicons&quot; introduced in the Zombies mode?","Call Of Duty: Black Ops III","Call Of Duty: Black Ops|Call Of Duty: World At War|Call Of Duty: Black Ops II"
"Science &amp; Nature","multiple","medium","Approximately what percentage of Earth&#039;s atmosphere is Oxygen?","21%","54%|78%|7%"
"General Knowledge","multiple","hard","When was &quot;YouTube&quot; founded?","February 14, 2005","May 22, 2004|September 12, 2005|July 19, 2009"
"Vehicles","multiple","easy","The LS7 engine is how many cubic inches?","427","346|364|376"
"Entertainment: Video Games","multiple","medium","What two characters from the game Undertale are never in a relationship or not related?","Frisk &amp; Chara","Sans &amp; Papyrus|Toriel &amp; Asgore|Alphys &amp; Undyne"
"General Knowledge","multiple","hard","What year was Queen Elizabeth II born?","1926","1923|1929|1930"
"Entertainment: Japanese Anime &amp; Manga","multiple","easy","In 2013, virtual pop-star Hatsune Miku had a sponsorship with which pizza chain?","Domino&#039;s","Papa John&#039;s|Pizza Hut|Sabarro&#039;s"
"History","multiple","medium","When did Norway become free from Sweden?","1905","1925|1814|1834"
"History","multiple","hard","What is the name of the Boeing B-29 that dropped the &#039;Little Boy&#039; atomic bomb on Hiroshima?","Enola Gay","Necessary Evil|The Great Artiste|Full House"
"Science &amp; Nature","multiple","medium","What does the yellow diamond on the NFPA 704 fire diamond represent?","Reactivity","Health|Flammability|Radioactivity"
"Entertainment: Video Games","multiple","hard","What video game company developed the 2004 racing game &quot;Burnout 3: Takedown&quot;?","Criterion Games","EA Black Box|Codemasters|Rockstar Games"
"Entertainment: Video Games","multiple","medium","Who is the English voice actor for Sora from the Kingdom Hearts series?","Haley Joel Osment","Kōki Uchiyama|Jesse McCartney|Miyu Irino"
"Entertainment: Comics","multiple","hard","Better known by his nickname Logan, what is Wolverine&#039;s birth name?","James Howlett","Logan Wolf|Thomas Wilde|John Savage"
"Entertainment: Video Games","multiple","medium","Which &quot;Perk-A-Cola&quot; in &quot;Call Of Duty: Zombies&quot; was &quot;reworked&quot; in &quot;Call of Duty: Black Ops II&quot;?","Double Tap Root Beer","Who&#039;s Who|Juggernog|Mule Kick"
"Geography","multiple","easy","The Alps are a mountain range on which continent?","Europe","North America|Asia|Africa"
"Animals","boolean","easy","A caterpillar has more muscles than humans do.","True","False"
"History","multiple","medium","The United States Army Air Corps became the United States Air Force on what date?","September 18, 1947","December 14, 1946|October 27, 1945|November 08, 1944"
"Vehicles","multiple","medium","Enzo Ferrari was originally an auto racer for what manufacturer before founding his own car company?","Alfa Romeo","Auto Union|Mercedes Benz|Bentley"
"Entertainment: Video Games","boolean","easy","In the video game &quot;Splatoon&quot;, the playable characters were originally going to be rabbits instead of squids.","True","False"
"Sports","multiple","easy","Which boxer was banned for taking a bite out of Evander Holyfield&#039;s ear in 1997?","Mike Tyson","Roy Jones Jr.|Evander Holyfield|Lennox Lewis"
"Entertainment: Television","multiple","easy","On the show &quot;Rick and Morty&quot;, in episode &quot;Total Rickall&quot;, who was a parasite?","Pencilvester","Beth Smith|Summer Smith|Mr. Poopy Butthole"
"Entertainment: Books","multiple","medium","In The Lies of Locke Lamora, what title is Locke known by in the criminal world?","The Thorn of Camorr","The Rose of the Marrows|The Thorn of Emberlain|The Thorn of the Marrows"
"Science &amp; Nature","multiple","medium","Deionized water is water with which of the following removed?","Iron","Oxygen|Hydrogen|Uncharged atoms"
"Entertainment: Video Games","multiple","medium","In the Halo series, what fleet was Thel &#039;Vadam supreme commander of before being branded an Arbiter?","Fleet of Particular Justice","Fleet of Sacred Consecration|Fleet of Furious Redemption|Fleet of Righteous Vigilance"
"Entertainment: Comics","multiple","easy","Which universe crossover was introduced in the &quot;Sonic the Hedgehog&quot; comic issue #247?","Mega Man","Super Mario Brothers|Alex Kidd|Super Monkey Ball"
"Science: Computers","multiple","easy","What does LTS stand for in the software market?","Long Term Support","Long Taco Service|Ludicrous Transfer Speed|Ludicrous Turbo Speed"
"Mythology","multiple","easy","Who in Greek mythology, who led the Argonauts in search of the Golden Fleece?","Jason","Castor|Daedalus|Odysseus"
"History","multiple","medium","In 1961, an American B-52 aircraft crashed and nearly detonated two 4mt nuclear bombs over which US city?","Goldsboro, North Carolina","Hicksville, New York|Jacksonville, Florida|Conway, Arkansas"
"General Knowledge","multiple","medium","What English word means to &quot;think deeply&quot;?","Contemplate","Confiscate|Constipate|Condensate"
"General Knowledge","multiple","easy","How many colors are there in a rainbow?","7","8|9|10"
"Geography","multiple","medium","On a London Underground map, what colour is the Circle Line?","Yellow","Red|Blue|Green"
"Entertainment: Film","multiple","medium","Who was the director of &quot;Scott Pilgrim vs. the World (2010)&quot;?","Edgar Wright","Phil Lord|Chris Miller|Seth Rogan"
"Entertainment: Film","multiple","hard","Which of the following films was directed by Ivan Reitman, written by Gary Ross, featured Kevin Kline, and was released in 1993?","Dave","John|Will|Carl"
"Geography","boolean","medium","The Sonoran Desert is located in eastern Africa.","False","True"
"Entertainment: Japanese Anime &amp; Manga","multiple","hard","Which animation studio produced &quot;Log Horizon&quot;?","Satelite","Sunrise|Xebec|Production I.G"
"Entertainment: Cartoon &amp; Animations","multiple","medium","What is the standard frame rate for animation?","24 FPS","12 FPS|30 FPS|60 FPS"
"Entertainment: Video Games","multiple","medium","What is the AK-47&#039;s name in Counter Strike: Source?","CV-47","AK-74|AK|CZ-75"
"Science: Computers","multiple","medium","In programming, the ternary operator is mostly defined with what symbol(s)?","?:","??|if then|?"
"Entertainment: Television","multiple","medium","Which WWF wrestler had the nickname &quot;The Ayatollah of Rock &#039;N&#039; Rolla&quot;?","Chris Jericho","Marty Jannetty|Scott Hall|Shawn Michaels"
"Entertainment: Film","multiple","medium","Which retired American football quarterback played himself in &#039;Ace Ventura: Pet Detective&#039; and &#039;Little Nicky&#039;?","Dan Marino","John Elway|Tom Brady|Joe Montana"
"Celebrities","multiple","hard","Which school in Surrey, England did Steve Backshall attend?","Collingwood College","Tomlinscote School|Kings International College|Lyndhurst School"
"Geography","multiple","medium","What is the capital of the State of Washington, United States?","Olympia","Washington D.C.|Seattle|Yukon"
"Entertainment: Musicals &amp; Theatres","multiple","easy","Who wrote the musical &quot;Hamilton&quot;?","Lin-Manuel Miranda","Andrew Lloyd Webber|Nell Benjamin|Tom Kitt"
"History","multiple","medium","What was Genghis Khan&#039;s real name?","Tem&uuml;jin","M&ouml;ngke|&Ouml;gedei|Tem&uuml;r"
"Entertainment: Video Games","multiple","hard","Which character, in the game &quot;Morenatsu&quot;, has the most possible endings to their route, at a total of four different endings?","Shin Kuroi","Kouya Aotsuki|Soutarou Touno|Torahiko Ooshima"
"Entertainment: Television","multiple","medium","What is the surname of the character Daryl in AMC&#039;s show The Walking Dead?","Dixon","Grimes|Dickinson|Dicketson"
"Entertainment: Video Games","multiple","medium","In which Mario game did the Mega Mushroom make its debut?","Mario Party 4","New Super Mario Bros.|Mario Kart Wii|Super Mario 3D World"
"Politics","multiple","hard","Which Native American tribe/nation requires at least one half blood quantum (equivalent to one parent) to be eligible for membership?","Yomba Shoshone Tribe","Standing Rock Sioux Tribe|Kiowa Tribe of Oklahoma|Pawnee Nation of Oklahoma"
"Entertainment: Video Games","multiple","medium","In the MMO RPG &quot;Realm of the Mad God&quot;, what class is known for having the highest possible defense?","The Knight","The Wizard|The Archer|The Warrior"
"Entertainment: Television","multiple","easy","British actor David Morrissey stars as which role in &quot;The Walking Dead&quot;?","The Governor","Negan|Rick Grimes|Daryl Dixon"
"General Knowledge","multiple","easy","How many syllables make up a haiku?","17","15|10|21"
"Entertainment: Books","boolean","easy","The book 1984 was published in 1949.","True","False"
"Geography","multiple","medium","What is the capital of Lithuania?","Vilnius","Tallinn|Helsinki|Riga"
"General Knowledge","boolean","medium","Kissing someone for one minute burns about 2 calories.","True","False"
"Entertainment: Board Games","multiple","easy","How many pieces are there on the board at the start of a game of chess?","32","16|20|36"
"Entertainment: Music","multiple","medium","In what year was Tchaikovsky&#039;s 1812 Overture composed?","1880","1812|1790|1840"
"Entertainment: Board Games","multiple","medium","About how many Slinkys were sold in their first 60 years (from 1945 to 2005)?","300 Million","100 Million|450 Million|1 Billion"
"Entertainment: Music","multiple","hard","Which of these songs is NOT included in the Suicide Squad OST?","Skies on Fire - AC/DC","Heathens - Twenty One Pilots|Without Me - Eminem|Fortunate Son - Creedence Clearwater Revival"
"Entertainment: Video Games","multiple","medium","Which of these is NOT a playable character race in the video game &quot;Starbound&quot;?","Fenerox","Floran|Novakid|Hylotl"
"Geography","multiple","medium","Where is the world&#039;s oldest still operational space launch facility located?","Kazakhstan","Russia|Iran|United States"
"General Knowledge","multiple","hard","What was the third country to have a McDonald&#039;s restaurant?","Costa Rica","Japan|France|Australia"
"General Knowledge","boolean","hard","In Scandinavian languages, the letter &Aring; means river.","True","False"
"Entertainment: Video Games","multiple","easy","What&#039;s the Team Fortress 2 Scout&#039;s city of origin?","Boston","Sydney|Detroit|New York"
"Entertainment: Video Games","multiple","hard","Which one of these is NOT an official map in Counter-Strike: Global Offensive?","de_season","de_sugarcane|de_canals|de_militia"
"Entertainment: Board Games","multiple","easy","On a standard Monopoly board, which square is diagonally opposite &#039;Go&#039;? ","Free Parking","Go to Jail|Jail|The Electric Company"
"History","multiple","hard","How many sonatas did Ludwig van Beethoven write?","32","50|31|21"
"Entertainment: Television","multiple","hard","Which country does the YouTuber &quot;SinowBeats&quot; originate from?","Scotland","England|Sweden|Germany"
"Entertainment: Television","multiple","medium","&quot;The A Team&quot; first aired in the USA and in the UK in what year?","1983","1981|1985|1987"
"Entertainment: Television","multiple","hard","Which of the following actors portrayed the Ninth Doctor in the British television show &quot;Doctor Who&quot;?","Christopher Eccleston","David Tennant|Matt Smith|Tom Baker"
"Entertainment: Board Games","multiple","hard","In Magic: The Gathering, what term for blocking was established in the Portal set?","Intercepting","Blocking|Resisting|Shielding"
"Entertainment: Japanese Anime &amp; Manga","multiple","hard","In &quot;Jewelpet Sunshine&quot;, what is the song that plays when Kanon and her friends bust out of prison?","I Don&#039;t Want to Miss a Thing","Eye Of The Tiger|Born to be Wild|Ruby Ring"
"Animals","boolean","easy","The Killer Whale is considered a type of dolphin.","True","False"
"Entertainment: Television","multiple","hard","In &quot;Star Trek&quot;, what sauce is commonly used by Klingons on bregit lung?","Grapok sauce","Gazorpazorp pudding|Sweet chili sauce|Grapork sauce"
"Entertainment: Video Games","multiple","medium","How many classes are there in Team Fortress 2?","9","10|8|7"
"Mythology","multiple","hard","In Greek Mythology, who was the daughter of King Minos?","Ariadne","Athena|Ariel|Alana"
"General Knowledge","boolean","easy","Dihydrogen Monoxide was banned due to health risks after being discovered in 1983 inside swimming pools and drinking water.","False","True"
"Entertainment: Cartoon &amp; Animations","multiple","hard","In &quot;Gravity Falls&quot;, how much does Waddles weigh when Mable wins him in &quot;The Time Traveler&#039;s Pig&quot;?","15 pounds","20 pounds|10 pounds|30 pounds"
"Geography","multiple","medium","What is the largest Muslim country in the world?","Indonesia","Pakistan|Saudi Arabia|Iran"
"Geography","multiple","medium","Which of these Mediterranian islands is under the sovereign rule of France?","Corsica","Majorca|Sardinia|Malta"
"General Knowledge","multiple","medium","What year was the first Apple iPod introduced?","2001","2000|1999|1998"
"General Knowledge","multiple","easy","Which best selling toy of 1983 caused hysteria, resulting in riots breaking out in stores?","Cabbage Patch Kids","Transformers|Care Bears|Rubik&rsquo;s Cube"
"Entertainment: Japanese Anime &amp; Manga","multiple","easy","In &quot;To Love-Ru&quot;, Ren and Run are from what planet?","Memorze","Deviluke|Mistletoe|Okiwana"
"History","multiple","easy","During WWII, in 1945, the United States dropped atomic bombs on the two Japanese cities of Hiroshima and what other city?","Nagasaki","Kawasaki|Tokyo|Kagoshima"
"Entertainment: Video Games","multiple","medium","On which planet does the game Freedom Planet (2014) take place?","Avalice","Freedom|Galaxytrail|Shang Mu"
"Science &amp; Nature","multiple","easy","This element, when overcome with extreme heat and pressure, creates diamonds.","Carbon","Nitrogen|Oxygen|Hydrogen"
"Entertainment: Japanese Anime &amp; Manga","multiple","medium","Which studio animated Soul Eater?","Bones","Kyoto Animation|xebec|Production I.G"
"Politics","multiple","medium","Which of the following Argentinian presidents was elected in 2015?","Mauricio Macri","Cristina Fernandez de Kirchner|Nestor Kirchner|Juan Domingo Peron"
"Entertainment: Cartoon &amp; Animations","multiple","hard","Which of the following films was Don Bluth both the writer, director, and producer for?","All Dogs Go To Heaven","Titan A.E.|Anastasia|The Land Before Time"
"Entertainment: Musicals &amp; Theatres","multiple","medium","The musical &quot;Dirty Rotten Scoundrels&quot; is set in what country?","France","USA|Germany|Sweden"
"Politics","multiple","medium","The Watergate Scandal occured in what year?","1972","1973|1974|1971"
"Entertainment: Books","boolean","easy","Stephen Chbosky wrote the book &#039;The Perks of Being A Wallflower&#039;.","True","False"
"Entertainment: Board Games","multiple","easy","In board games, an additional or ammended rule that applies to a certain group or place is informally known as a &quot;what&quot; rule?","House","Custom|Extra|Change"
"Entertainment: Comics","multiple","medium","In the Hellboy universe, who founded the BPRD?","Trevor Bruttenholm","Kate Corrigan|Johann Kraus|Benjamin Daimio"
"History","multiple","medium","What year is considered to be the year that the British Empire ended?","1997","1986|1981|1971"
"Entertainment: Video Games","multiple","medium","From the Meme Culture, which Mario game immerged &quot;Weegee&quot;?","Mario is Missing! MS-DOS Version ","Mario is Missing! SNES Version|Mario is Missing! NES Version|Mario is Missing! MSX Version"
"Entertainment: Video Games","boolean","easy","The song &quot;Megalovania&quot; by Toby Fox made its third appearence in the 2015 RPG &quot;Undertale&quot;.","True","False"
"Entertainment: Video Games","multiple","hard","During development of &quot;Super Mario World&quot;, Yoshi&#039;s hard saddle was originally which of these?","A shell","A slide of Gelatin|A poffin|A spike"
"Entertainment: Japanese Anime &amp; Manga","multiple","easy","In Digimon, what is the Japanese name for the final evolutionary stage?","Ultimate","Mega|Adult|Champion"
"General Knowledge","multiple","easy","What is on display in the Madame Tussaud&#039;s museum in London?","Wax sculptures","Designer clothing|Unreleased film reels|Vintage cars"
"Geography","multiple","medium","Which country has three capital cities?","South Africa","Somalia|China|United Kingdom"
"Science &amp; Nature","multiple","hard","Where is the Gluteus Maximus muscle located?","Butt","Arm|Head|Torso"
"Animals","multiple","medium","&quot;Decapods&quot; are an order of ten-footed crustaceans.  Which of these are NOT decapods?","Krill","Lobsters|Shrimp|Crabs"
"General Knowledge","multiple","medium","What alcoholic drink is mainly made from juniper berries?","Gin","Vodka|Rum|Tequila"
"Entertainment: Books","multiple","hard","In Margaret Atwood&#039;s &quot;The Handmaid&#039;s Tale&quot;, what is Offred&#039;s real name is implied to be?","June","August|April|May"
"Entertainment: Japanese Anime &amp; Manga","multiple","medium","Which of the following anime of the mecha genre began airing in 1982?","The Super Dimension Fortress Macross","Mobile Suit Gundam|Armored Trooper VOTOMS|Neon Genesis Evangelion"
"Entertainment: Video Games","multiple","hard","Which of these games was NOT developed by Markus Persson?","Dwarf Fortress","Minecraft|Wurm Online|0x10c"
"History","multiple","easy","Which of these countries remained neutral during World War II?","Switzerland","United Kingdom|France|Italy"
"Politics","boolean","easy","Denmark has a monarch.","True","False"
"Entertainment: Video Games","multiple","easy","Which of the following is a class in the game &quot;Hearthstone&quot;?","Priest","Sage|Cleric|Monk"
"Entertainment: Video Games","multiple","medium","What is the name of the 8th installment in the Fire Emblem series?","The Sacred Stones","Blazing Sword|Awakening|Path of Radiance"
"Science: Mathematics","boolean","easy","An equilateral triangle always has every angle measuring 60&deg;.","True","False"
"Entertainment: Video Games","multiple","hard","In Terraria, which debuff does the ankh charm not provide immunity to?","Venom","Cursed|Bleeding|Slow"
"Entertainment: Video Games","multiple","easy","Which of these is NOT a Humongous Entertainment game franchise?","Commander Keen","Pajama Sam|Putt-Putt|Freddi Fish"
"Sports","multiple","easy","Who did Steven Gerrard win the Champions League with?","Liverpool","Real Madrid|Chelsea|Man City"
"Entertainment: Music","multiple","hard","Which company did the animation for Peter Gabriel&#039;s Video Sledgehammer (1986)?","Aardman Animations","HIT Entertainment|Illumination Entertainment|VIZ Media"
"Entertainment: Video Games","boolean","easy","In Splatoon, the Squid Sisters are named Tako and Yaki.","False","True"
"Entertainment: Musicals &amp; Theatres","multiple","medium","In Jeff Wayne&#039;s Musical Version of War of the Worlds, the chances of anything coming from Mars are...","A million to one","A billion to one|A trillion to one|A hundred to one"
"Science: Computers","multiple","hard","Which of the following is NOT a computer science algorithm?","Float Sort","Bubble Sort|Merge Sort|Quick Sort"
"Entertainment: Video Games","multiple","medium","Who voices the character &quot;Vernon Cherry&quot; in &quot;Red Dead Redemption&quot;?","Casey Mongillo","Tara Strong|Troy Baker|Rob Wiethoff"
"History","multiple","medium","Who was the first wife of King Henry VIII?","Catherine of Aragon","Jane Seymour|Anne Boleyn|Anne of Cleves"
"Science: Computers","boolean","easy","RAM stands for Random Access Memory.","True","False"
"Entertainment: Video Games","multiple","easy","Which of these is NOT a team available in the game Pok&eacute;mon Go?","Team Rocket","Team Instinct|Team Valor|Team Mystic"
"Politics","boolean","easy","Despite being seperated into multiple countries, The Scandinavian countries are unified by all having the same monarch.","False","True"
"History","multiple","easy","Which game was the Game of the Year in 2018?","God of War","Detroit: Become Human|Red Dead Redemption 2|A Way Out"
"Science &amp; Nature","boolean","medium","The Neanderthals were a direct ancestor of modern humans.","False","True"
"Entertainment: Comics","multiple","hard","What is the real hair colour of the mainstream comic book version (Earth-616) of Daredevil?","Blonde","Auburn|Brown|Black"
"Entertainment: Television","multiple","medium","From what show is the character &quot;James Doakes&quot;? ","Dexter","Marvel&#039;s Daredevil|Boardwalk Empire|The Walking Dead"
"Entertainment: Music","boolean","easy","John Williams composed the music for &quot;Star Wars&quot;.","True","False"
"Entertainment: Video Games","multiple","medium","During the game&#039;s development, what was the first ever created Pok&eacute;mon?","Rhyhorn","Bulbasaur|Mew|Arceus"
"Entertainment: Cartoon &amp; Animations","multiple","easy","Which of the following did not feature in the cartoon &#039;Wacky Races&#039;?","The Dragon Wagon","The Bouldermobile|The Crimson Haybailer|The Compact Pussycat"
"General Knowledge","boolean","easy","Scotland voted to become an independent country during the referendum from September 2014.","False","True"
"Entertainment: Music","multiple","medium","Liam Howlett founded which electronic music group in 1990?","The Prodigy","The Chemical Brothers|The Crystal Method|Infected Mushroom"
"Entertainment: Video Games","multiple","hard","In &quot;Earthbound&quot;, how does one enter &quot;Master Belch&#039;s&quot; factory?","Wait 3 Minutes","Enter the password &quot;Fly Honey&quot;|Enter the password &quot;Master Belch Rules&quot;|Enter the password &quot;Mr Saturn Drools&quot;"
"Sports","boolean","medium","Skateboarding was included in the 2020 Summer Olympics in Tokyo.","True","False"
"Entertainment: Video Games","multiple","hard","Which of these weapon classes DO NOT appear in the first Monster Hunter game?","Bow ","Hammer|Heavy Bowgun|Light Bowgun"
"Science: Computers","multiple","easy","What does the &quot;MP&quot; stand for in MP3?","Moving Picture","Music Player|Multi Pass|Micro Point"
"Entertainment: Japanese Anime &amp; Manga","multiple","hard","Which animation studio animated &quot;Hidamari Sketch&quot;?","Shaft","Trigger|Kyoto Animation|Production I.G"
"Sports","multiple","medium","What is the name of the AHL affiliate of the Toronto Maple Leafs?","Toronto Marlies","Toronto Rock|Toronto Argonauts|Toronto Wolfpack"
"Science &amp; Nature","boolean","easy","The Earth revolves around the Sun in one year.","True","False"
"Entertainment: Video Games","multiple","medium","Who composed the soundtrack for the game VVVVVV?","Magnus P&aring;lsson","Terry Cavanagh|Danny Baranowsky|Joel Zimmerman"
"Entertainment: Video Games","multiple","medium","Which of these is NOT the name of a playable map in PUBG: Battlegrounds?","Orinocco","Miramar|Sanhok|Vikendi"
"Entertainment: Film","multiple","easy","What is the oldest Disney film?","Snow White and the Seven Dwarfs","Pinocchio|Dumbo|Fantasia"
"Entertainment: Video Games","multiple","medium","What was the game &quot;Galaga&quot; was a sequel to?","Galaxian","Galactica|Space Invaders|Galactic Wars"
"Animals","multiple","hard","What scientific suborder does the family Hyaenidae belong to?","Feliformia","Haplorhini|Caniformia|Ciconiiformes"
"Celebrities","multiple","easy","Which actress married Michael Douglas in 2000?","Catherine Zeta-Jones","Ruth Jones|Pam Ferris|Sara Sugarman"
"Entertainment: Video Games","multiple","medium","What was the name of the Secret Organization in the Hotline Miami series? ","50 Blessings","American Blessings|50 Saints|USSR&#039;s Blessings"
"Sports","multiple","hard","Which female player won the gold medal of table tennis singles in 2016 Olympics Games?","DING Ning (China)","LI Xiaoxia (China)|Ai FUKUHARA (Japan)|Song KIM (North Korea)"
"Entertainment: Comics","multiple","medium","What&#039;s the name of Batman&#039;s parents?","Thomas &amp; Martha","Joey &amp; Jackie|Jason &amp; Sarah|Todd &amp; Mira"
"Art","boolean","easy","Leonardo da Vinci was not the creator of the Mona Lisa.","False","True"
"History","multiple","medium","Where and when was the first cardboard box made for industrial use?","England, 1817","United States, 1817|England, 1917|United States, 1917"
"Entertainment: Video Games","multiple","hard","In the game &quot;The Sims&quot;, how many Simoleons does each family start with?","20,000","10,000|15,000|25,000"
"Entertainment: Television","multiple","medium","In &quot;Spongebob Squarepants,&quot; what is Mr. Krabs&#039; full name?","Eugene H. Krabs","Eugene G. Krabs|Eugene J. Krabs|Eugene D. Krabs"
"Entertainment: Television","multiple","medium","Who was the original voice actor of Shaggy Rogers in Scooby-Doo?","Casey Kasem","Dante Basco|Billy West|Frank Welker"
"Entertainment: Video Games","multiple","hard","In &quot;Final Fantasy VI&quot;, what is the name of (summoned) Gilgamesh&#039;s weakest attack?","Excalipoor","Excalibore|Excalisnore|Excalisore"
"Entertainment: Film","multiple","medium","In Star Wars, what&#039;s the name of the new Government created after the defeat of the Galactic Empire?","The New Republic","The Rebel Alliance|The Crimson Dawn|The First Order"
"Geography","multiple","easy","Which country was NOT part of the Soviet Union?","Romania","Turkmenistan|Belarus|Tajikistan"
"Sports","multiple","medium","Which nation hosted the FIFA World Cup in 2006?","Germany","United Kingdom|Brazil|South Africa"
"Entertainment: Video Games","multiple","easy","In Counter-Strike: Global Offensive, what&#039;s the rarity of discontinued skins called?","Contraband","Discontinued|Diminished|Limited"
"Sports","multiple","easy","Who won the 2017 Formula One World Drivers&#039; Championship?","Lewis Hamilton","Sebastian Vettel|Nico Rosberg|Max Verstappen"
"Entertainment: Video Games","boolean","medium","In the Season One Championship of &quot;League of Legends&quot;, the highest achievable rank was Diamond.","False","True"
"Entertainment: Music","multiple","medium","How many members are in the Japanese rock band SCANDAL?","4","5|2|18"
"Entertainment: Board Games","multiple","easy","How many spaces are there on a standard Monopoly board?","40","28|55|36"
"Entertainment: Music","multiple","medium","Which of these songs did Jimi Hendrix cover?","All of these songs","Sgt. Pepper&#039;s Lonely Hearts Club Band|All Along the Watchtower|House of the Rising Sun"
"Geography","multiple","medium","What is the capital of Seychelles?","Victoria","Luanda|N&#039;Djamena|Tripoli"
"Entertainment: Music","multiple","medium","Which of these is NOT a song by Pegboard Nerds?","WiFi Tears","Swamp Thing|Emoji|BAMF"
"Entertainment: Video Games","multiple","medium","In the video game DOTA 2, which of these is NOT a hero?","Dragon Champion","Dark Seer|Keeper of the Light|Mirana"
"Entertainment: Video Games","multiple","medium","In &quot;PAYDAY 2&quot;, what weapon has the highest base weapon damage on a per-shot basis?","HRL-7","Heavy Crossbow|Thanatos .50 cal|Broomstick Pistol"
"Entertainment: Comics","multiple","medium","In &quot;Sonic the Hedgehog&quot; comic, who was the creator of Roboticizer? ","Professor Charles the Hedgehog","Julian Robotnik|Ivo Robotnik|Snively Robotnik"
"Art","multiple","medium","Which time signature is commonly known as &ldquo;Cut Time?&rdquo;","2/2","4/4|6/8|3/4"
"Entertainment: Television","multiple","medium","Which character does voice actress Tara Strong NOT voice?","Bubbles (2016)","Twilight Sparkle|Timmy Turner|Harley Quinn"
"Sports","multiple","hard","Who scored the injury time winning goal in the 1999 UEFA Champions League final between Manchester United and Bayern Munich?","Ole Gunnar Solskj&aelig;r","Dwight Yorke|Andy Cole|David Beckham"
"Entertainment: Video Games","multiple","easy","What power does Max Caulfield from &quot;Life is Strange&quot; have?","Rewinding Time","Invisibility|Telepathy|Super Strength"
"Entertainment: Video Games","multiple","medium","Of the following space shooter games, which came out first?","Space Invaders","Galaxian|Galaga|Sinistar"
"General Knowledge","boolean","medium","SCP-173 was the first SCP article written for the web-based collaborative fiction project known as the &quot;SCP Foundation&quot;","True","False"
"Entertainment: Video Games","multiple","easy","Which member of the Velvet Room is not a playable character in Persona 4 Arena Ultimax?","Theodore","Elizabeth|Margaret|Marie"
"Entertainment: Television","multiple","easy","In season one of the Netflix political drama &quot;House of Cards&quot;, what government position does Frank Underwood hold?","House Majority Whip","Attorney General|President|Chief of Staff"
"Politics","multiple","medium","Who was the 40th President of the USA?","Ronald Reagan","Jimmy Carter|Bill Clinton|Richard Nixon"
"Entertainment: Music","multiple","medium","What&#039;s the most common time signature for rock songs?","4/4","1/2|8/12|2/4"
"Entertainment: Video Games","multiple","medium","What is the name of the protagonist&#039;s first Persona in &quot;Persona 5&quot;?","Arsene","Mara|Izanagi|Sandaphlon"
"Science: Mathematics","multiple","medium","What are the first 6 digits of the number &quot;Pi&quot;?","3.14159","3.14169|3.12423|3.25812"
"Animals","multiple","medium","What dog breed is one of the oldest breeds of dog and has flourished since before 400 BCE.","Pugs","Bulldogs|Boxers|Chihuahua"
"Entertainment: Television","multiple","medium","In the original Doctor Who series (1963), fourth doctor Tom Baker&#039;s scarf was how long?","7 Meters","10 Meters|2 Meters|5 Meters"
"Geography","multiple","easy","What country is the second largest in the world by area?","Canada","Russia|China|United States of America"
"Science &amp; Nature","multiple","easy","What is the hottest planet in the solar system","Venus","Jupiter|Mercury |Mars"
"General Knowledge","boolean","medium","Crystal Pepsi was first sold in US markets in 1993.","False","True"
"Entertainment: Music","multiple","medium","Which of these is not an Ed Sheeran album?","-","+|X|&divide;"
"Entertainment: Video Games","multiple","medium","Which country is featured in Ace Combat 5: The Unsung War?","Osea","Aurelia|Australia|Japan"
"Entertainment: Video Games","multiple","medium","What is the name of the only female &quot;Original Four&quot; Kerbal in Kerbal Space Program?","Valentina Kerman","Emiko Kerman|Samantha Kerman|Catmund Kerman"
"History","multiple","medium","Who was the main developer of the Suez Canal?","Ferdinand de Lesseps","Louis-Eug&egrave;ne Cavaignac|John Milton|Johann Lukas von Hildebrandt"
"Entertainment: Video Games","multiple","medium","Which of the following colors does the Zombie eyes glow in the &quot;Nuketown&quot; map in &quot;Call of Duty: Black Ops II&quot; Zombies mode?","Yellow and Blue","Yellow and Red|Red and Blue|Blue and White"
"Entertainment: Television","boolean","easy","Klingons express emotion in art through opera and poetry.","True","False"
"Entertainment: Video Games","multiple","easy","In the &quot;Worms&quot; series of video games, which of these weapons is affected by wind?","Bazooka","Grenade|Air Strike|Mortar"
"Entertainment: Television","multiple","hard","In the show &#039;Doctor Who&#039;, what is the name of the time-capsule model stolen by &#039;the Doctor&#039;?","TT Type 40, Mark 3 (TARDIS)","TT Type 1, Mark 3 (TARDIS)|TT Type 40, Mark 5 (TARDIS)|TT Type 1, Mark 5 (TARDIS)"
"Animals","multiple","hard","What is the scientific name of the cheetah?","Acinonyx jubatus","Panthera onca|Lynx rufus|Felis catus"
"General Knowledge","boolean","easy","Bulls are attracted to the color red.","False","True"
"Entertainment: Television","multiple","hard","Who played the sun baby in the original run of Teletubbies?","Jessica Smith","Pui Fan Lee|Sue Monroe|Lisa Brockwell"
"Entertainment: Video Games","multiple","easy","What is the name of the adventurer you meet at the mines in Stardew Valley?","Marlon","Marnie|Morris|Marvin"
"Entertainment: Japanese Anime &amp; Manga","multiple","hard","In &quot;Highschool of the Dead&quot;, where did Komuro and Saeko establish to meet after the bus explosion?","Eastern Police Station","The Center Mall|Komuro&#039;s House|On The Main Bridge"
"Science &amp; Nature","multiple","hard","Autosomal-dominant Compelling Helio-Ophthalmic Outburst syndrome is the need to do what when seeing the Sun?","Sneeze","Cough|Yawn|Hiccup"
"Mythology","boolean","easy","In the Greek Mythology, the Gorgon can turn those who behold her to stone.","True","False"
"Entertainment: Video Games","boolean","easy","In &quot;Undertale&quot;, the main character of the game is Sans.","False","True"
"Entertainment: Video Games","multiple","medium","Which of these characters is NOT a boss in Crash Bash?","Ripper Roo","Papu Papu|Komodo brothers|Nitros Oxide"
"Geography","boolean","medium","Liechtenstein does not have an airport.","True","False"
"Entertainment: Books","boolean","easy","&quot;Green Eggs and Ham&quot; consists of only 50 different words.","True","False"
"Entertainment: Film","multiple","easy","Who wrote and directed the 1986 film &#039;Platoon&#039;?","Oliver Stone","Francis Ford Coppola|Stanley Kubrick|Michael Cimino"
"Entertainment: Board Games","multiple","medium","What special item did the creators of Cards Against Humanity ship for their Black Friday pack?","Bull Feces","A Card Expansion|A Racist Toy|Cat Urine"
"History","boolean","hard","During the Winter War, the amount of Soviet Union soliders that died or went missing was five times more than Finland&#039;s.","True","False"
"Entertainment: Film","boolean","easy","The 2010 film &quot;The Social Network&quot; is a biographical drama film about MySpace founder Tom Anderson.","False","True"
"Entertainment: Video Games","multiple","medium","Which of the following is not a real Pok&eacute;mon?","Luminid","Dragalge|Mandibuzz|Araquanid"
"Entertainment: Video Games","multiple","easy","What is the title of song on the main menu in Halo?","Halo","Opening Suite|Shadows|Suite Autumn"
"General Knowledge","multiple","medium","The lesser-known continuation of the saying &quot;Curiosity killed the cat...&quot; is:","&quot;...but satisfaction brought it back.&quot;","&quot;...and the silent mouse remained thereat.&quot;|&quot;...which taught it not to do that.&quot;|&quot;...but death by the truth is better than ignorance.&quot;"
"Entertainment: Film","multiple","medium","In the movie &quot;Back to the Future,&quot; what speed does Doc Brown&#039;s DeLorean need to reach in order to travel through time?","88 mph","77 mph|100 mph|70 mph"
"Entertainment: Film","multiple","hard","What is the name of the supercomputer located in the control room in &quot;Jurassic Park&quot; (1993)?","Thinking Machines CM-5","Cray X-MP|Cray XK7|IBM Blue Gene/Q"
"Animals","multiple","hard","Which of these animals is NOT a lizard?","Tuatara","Komodo Dragon|Gila Monster|Green Iguana"
"General Knowledge","multiple","hard","What is the romanized Chinese word for &quot;airplane&quot;?","Feiji","Qiche|Zongxian|Huojian"
"Entertainment: Film","multiple","easy","What was Dorothy&#039;s surname in &#039;The Wizard Of Oz&#039;?","Gale","Perkins|Day|Parker"
"Entertainment: Japanese Anime &amp; Manga","multiple","easy","Satella in &quot;Re:Zero&quot; is the witch of what?","Envy","Pride|Sloth|Wrath"
"History","multiple","easy","The original Roman alphabet lacked the following letters EXCEPT:","X","W|U|J"
"Entertainment: Video Games","multiple","easy","In the game Nuclear Throne, what character is only usable in a play through with Melting?","Skeleton","Frog|Horror|Plant"
"General Knowledge","multiple","hard","The word &quot;aprosexia&quot; means which of the following?","The inability to concentrate on anything","The inability to make decisions|A feverish desire to rip one&#039;s clothes off|The inability to stand up"
"Science &amp; Nature","multiple","medium","What polymer is used to make CDs, safety goggles and riot shields?","Polycarbonate","Rubber|Nylon|Bakelite"
"Entertainment: Video Games","multiple","medium","How old is Chloe Price in Life is Strange: Before the Storm?","16","24|19|15"
"Entertainment: Music","multiple","medium","Which of these artists was NOT a member of the electronic music supergroup Swedish House Mafia, which split up in 2013?","Alesso","Steve Angello|Sebastian Ingrosso|Axwell"
"Entertainment: Video Games","multiple","hard","In the game Danganronpa: Happy Trigger Havoc, the character Aoi Asahina&#039;s ultimate ability is what?","Ultimate Swimmer","Ultimate Detective|Ultimate Gambler|Ultimate Dancer"
"Entertainment: Music","multiple","medium","Korean girl group TWICE is under which Entertainment Label?","JYP","MBK|YG|Stone Music"
"Entertainment: Japanese Anime &amp; Manga","multiple","medium","In &quot;Highschool DxD&quot;, what is the name of the item some humans are born with?","Sacred Gear","Imperial Arm|Hallowed Relic|Blessed Artifact"
"Sports","multiple","hard","With which doubles partner did John McEnroe have most success?","Peter Fleming","Mark Woodforde|Michael Stich|Mary Carillo"
"Entertainment: Books","multiple","hard","In The Lies Of Locke Lamora, what does &quot;Lamora&quot; mean in Throne Therin?","Shadow","Thievery|Justice|Chaos"
"Entertainment: Japanese Anime &amp; Manga","multiple","medium","Which of these is not a world in the anime &quot;Buddyfight&quot;?","Ancient Dragon World","Dragon World|Star Dragon World|Darkness Dragon World"
"Entertainment: Film","boolean","easy","&quot;Foodfight!&quot; earned less than $80,000 at box office.","True","False"
"Entertainment: Film","boolean","medium","The Xenomorph from the science fiction film &quot;Alien&quot; has acidic blood.","True","False"
"Mythology","multiple","medium","Which of these Roman gods doesn&#039;t have a counterpart in Greek mythology?","Janus","Vulcan|Juno|Mars"
"General Knowledge","multiple","easy","Which of the following is not an Ivy League University?","Stanford","University of Pennsylvania|Harvard|Princeton"
"Entertainment: Television","multiple","medium","In Naruto: Shippuden, which of the following elements is a &quot;Kekkei Tōta?&quot;","Particle Style","Any Doujutsu|Shadow Style|Ice Style"
"Science &amp; Nature","multiple","medium","Which of these choices is not one of the phases of mitosis?","Diplophase","Metaphase|Anaphase|Telophase"
"Entertainment: Video Games","multiple","easy","In Overwatch, which ape species is the hero Winston?","Gorilla","Orangutan|Chimpanzee|Gibbon"
"Entertainment: Film","multiple","hard","What three movies, in order from release date, make up the &quot;Dollars Trilogy&quot;?","&quot;A Fistful of Dollars&quot;, &quot;For a Few Dollars More&quot;, &quot;The Good, the Bad, and the Ugly&quot;","&quot;The Good, the Bad, and the Ugly&quot;, &quot;For A Few Dollars More&quot;, &quot;A Fistful of Dollars&quot;|&quot;For a Few Dollars More&quot;, &quot;The Good, the Bad, and the Ugly&quot;, &quot;A Fistful of Dollars&quot;|&quot;For a Few Dollars More&quot;, &quot;A Fistful of Dollars&quot;, &quot;The Good, the Bad, and the Ugly&quot;"
"Entertainment: Music","multiple","easy","Whose albums included &quot;Back in Black&quot; and &quot;Ballbreaker&quot;?","AC/DC","Iron Maiden|Black Sabbath|Metallica"
"Entertainment: Japanese Anime &amp; Manga","multiple","medium","In &quot;To Love-Ru&quot;, who is the first to hear of Yami&#039;s past from her?","Rito","Mikan|Lala|Haruna"
"Entertainment: Video Games","multiple","easy","In which year was League of Legends released?","2009","2010|2003|2001"
"Science: Computers","boolean","easy","A Mac is not a PC","False","True"
"Entertainment: Video Games","multiple","medium","Who is the main villain of the Crash Bandicoot series?","Dr. Neo Cortex","Dr. Evo-Cortex|Dr. Cortox|Sir Cartex"
"Mythology","multiple","medium","In Greek mythology, Persephone must return to the underworld because she had eaten what kind of seeds?","Pomegranate","Sunflower|Orange|Fig"
"General Knowledge","multiple","easy","What is the name of the antagonist group in Danganronpa Another Episode: Ultra Despair Girls?","Warriors of Hope","The Monokubs|Warriors of Despair|The Ultimate Despair"
"Entertainment: Music","multiple","medium","What M83 was featured in Grand Theft Auto V&#039;s radio?","Midnight City","Outro|Reunion|Wait"
"Entertainment: Video Games","boolean","hard","Grand Theft Auto V is the fifteenth installment of the Grand Theft Auto series.","True","False"
"Celebrities","multiple","medium","If he was still alive, in what year would Elvis Presley celebrate his 100th birthday?","2035","2030|2040|2045"
"Entertainment: Japanese Anime &amp; Manga","multiple","medium","Who was the first Legendary Pokemon to be defeated by Ash Ketchum in the Pok&eacute;mon anime?","Articuno","Darkrai|Latios|Regice"
"Entertainment: Music","multiple","easy","What was the best selling album of 2015?","Adele, 25","Fetty Wap, Fetty Wap|Taylor Swift, 1989|Justin Bieber, Purpose"
"Science &amp; Nature","boolean","medium","Centripetal force is an apparent force that acts outward on a body moving around a center, arising from the body&#039;s inertia.","False","True"
"History","multiple","hard","What Southeast Asian country was formerly known as &#039;Lan Xang&#039;?","Laos","Cambodia|Vietnam|Thailand"
"Entertainment: Video Games","multiple","easy","How many times do you fight Gilgamesh in &quot;Final Fantasy 5&quot;?","6","4|5|3"
"Entertainment: Books","boolean","easy","The Harry Potter series of books, combined, are over 1,000,000 words in length.","True","False"
"General Knowledge","boolean","medium","Instant mashed potatoes were invented by Canadian Edward Asselbergs in 1962.","True","False"
"Entertainment: Japanese Anime &amp; Manga","multiple","easy","What color is Ryūko Matoi&#039;s half of the Scissor Blade in the anime Kill la KIll?","Red","Green|Blue|Purple"
"Entertainment: Film","multiple","medium","What is Lilo&#039;s last name from Lilo and Stitch?","Pelekai","Anoaʻi|Kealoha|Kuʻulei"
"History","multiple","medium","In the War of the Pacific (1879 - 1883), Bolivia lost its access to the Pacific Ocean after being defeated by which South American country?","Chile","Peru|Brazil|Argentina"
"General Knowledge","boolean","easy","The CEO of tech company Apple following Steve Jobs is named Tim Apple.","False","True"
"Science: Mathematics","multiple","hard","What is the smallest number that can be expressed as the sum of two positive cubes in two different ways?","1729","91|561|4104"
"Science &amp; Nature","multiple","medium","What is the colour of unoxidized blood?","Red","Blue|Purple|Green"
"Entertainment: Video Games","multiple","hard","Which game in the &quot;Dark Souls&quot; series does the player play as the &quot;Ashen One&quot;?","Dark Souls III","Dark Souls I|Bloodborne|Demon Souls"
"Entertainment: Video Games","multiple","medium","Which weapon that was cut from the game &quot;Half Life 2&quot; was going to replace the crowbar?","Ice Axe","Fire Axe|Wrench|Hunting Knife"
"Entertainment: Music","multiple","hard","The key of sharps does the key of G# minor contain?","5","3|7|0"
"History","multiple","hard","Which of these positions did the astronomer and physicist Isaac Newton not hold?","Surveyor to the City of London","Professor of Mathematics|Warden of the Royal Mint|Member of Parliament"
"Science &amp; Nature","multiple","hard","If you planted the seeds of Quercus robur what would grow?","Trees","Flowers|Vegtables|Grains"
"Entertainment: Japanese Anime &amp; Manga","multiple","easy","What caused the titular mascot of Yo-Kai Watch, Jibanyan, to become a yokai?","Being run over by a truck","Ate one too many chocobars|Through a magical ritual|When he put on the harmaki"
"Entertainment: Music","multiple","medium","What animal is featured on the cover of English electronic music group The Prodigy&#039;s album, &quot;The Fat of the Land&quot;?","Crab","Fox|Elephant|Tiger"
"Entertainment: Video Games","multiple","easy","Who is the creator of Touhou project?","Zun","Jun|Twilight Frontier|Tasofro"
"Entertainment: Video Games","multiple","medium","When was the video game &quot;P.A.M.E.L.A.&quot; released on Steam?","March 9, 2017","January 7, 2007|October 23, 1997|February 16, 2015"
"General Knowledge","multiple","easy","What style of beer will typically have a higher than average hop content?","India Pale Ale","Stout|Extra Special Bitter|Scotch Ale"
"General Knowledge","multiple","medium","Which is the most popular spoken language in the Southern Hemisphere?","Portuguese","English |Spanish|French"
"Entertainment: Video Games","multiple","medium","Which of the following Call of Duty games was a PS3 launch title?","Call of Duty 3","Call of Duty 4: Modern Warfare|Call of Duty: World at War|Call of Duty: Roads to Victory"
"Geography","multiple","medium","In which English county is Stonehenge?","Wiltshire","Somerset|Cumbria|Herefordshire"
"Entertainment: Video Games","multiple","medium","Which unlockable character in Super Smash Bros. For Wii U and 3DS does not have to be fought to be unlocked?","Mii Fighters","Ness|R.O.B.|Mewtwo"
"Entertainment: Music","multiple","medium","Who was the lead singer and frontman of rock band R.E.M?","Michael Stipe","Chris Martin|Thom Yorke|George Michael"
"General Knowledge","multiple","easy","Which company did Valve cooperate with in the creation of the Vive?","HTC","Oculus|Google|Razer"
"Entertainment: Japanese Anime &amp; Manga","multiple","medium","In the series JoJo&#039;s Bizarre Adventure, which main character makes the greatest number of recurring appearances?","Jotaro Kujo","Giorno Giovanna|Joseph Joestar|Josuke Higashikata"
"Animals","boolean","medium","The Ceratosaurus, a dinosaur known for having a horn on the top of its nose, is also known to be a decendent of the Tyrannosaurus Rex.","False","True"
"Entertainment: Video Games","multiple","medium","Excluding their instructor, how many members of Class VII are there in the game &quot;Legend of Heroes: Trails of Cold Steel&quot;?","9","6|10|3"
"Entertainment: Video Games","boolean","hard","The retail disc of Tony Hawk&#039;s Pro Skater 5 only comes with the tutorial.","True","False"
"History","multiple","medium","In what year was the video game company Electronic Arts founded?","1982","1999|1981|2005"
"Entertainment: Video Games","boolean","easy","The main antagonist in the videogame Saints Row IV is an entity known as The Mastermind.","False","True"
"Entertainment: Music","boolean","medium","The country song  &ldquo;A Boy Named Sue&rdquo; was written by Shel Silverstein.","True","False"
"Mythology","multiple","medium","The Maori hold that which island nation was founded by Kupe, who discovered it under a long white cloud?","New Zealand","Vanuatu|Fiji|Hawaii"
"Entertainment: Film","multiple","hard","In the movie &quot;Scream&quot; who is Ghost Face?","Billy Loomis and Stu Macher","Dewey Riley|Sidney Prescott|Archie Prescott and Philip Marv"
"Entertainment: Video Games","multiple","hard","GoldenEye 007 on the Nintendo 64 was planned to allow you to play as all previous Bond actors, with the exception of who?","George Lazenby","Roger Moore|Sean Connery|Timothy Dalton"
"Entertainment: Video Games","multiple","medium","By how many minutes are you late to work in &quot;Half-Life&quot;?","30","5|60|15"
"Entertainment: Video Games","multiple","medium","What happened to Half-Life 2 prior to its release, which resulted in Valve starting over the development of the game?","The source code got leaked","They weren&#039;t satisfied with the result|The story was not good enough|Way too many bugs to be fixed"
"Science: Computers","multiple","medium","How many bytes are in a single Kibibyte?","1024","2400|1000|1240"
"History","multiple","medium"," What Russian automatic gas-operated assault rifle was developed in the Soviet Union in 1947, and is still popularly used today?","AK-47","RPK|M16|MG 42"
"Science &amp; Nature","boolean","hard","The chemical element Lithium is named after the country of Lithuania.","False","True"
"Entertainment: Video Games","boolean","easy","Each piece in Tetris is called a tetris.","False","True"
"Entertainment: Music","multiple","hard","What is the stage name of New Zealand singer Phillipa &quot;Pip&quot; Brown?","Ladyhawke","Lorde|Kesha|Anika Moa"
"Science &amp; Nature","multiple","medium","Which element has the atomic number of 7?","Nitrogen","Oxygen|Hydrogen|Neon"
"Science &amp; Nature","multiple","easy","What is the hottest planet in the Solar System?","Venus","Mars|Mercury|Jupiter"
"Science: Gadgets","multiple","easy","What does SSD stand for in the context of computer storage?"," Solid State Drive","Software Storage Device|Super Speed Data|Secure System Disk"
"Politics","multiple","hard","Who is the only US president to serve two non-consecutive terms in office?","Grover Cleveland","James K. Polk|Franklin D. Roosevelt|Thomas Jefferson"
"Entertainment: Music","multiple","hard","Who recorded the 1975 album &#039;Captain Fantastic and the Brown Dirt Cowboy&#039;?","Elton John","John Denver|Billy Joel|Joe Cocker"
"History","multiple","medium","The Tsar Bomba, the most powerful nuclear bomb ever tested, had a yield of 50 megatons but theoretically had a maximum yield of how much?","100 Megatons","200 Megatons|75 Megatons|150 Megatons"
"Entertainment: Japanese Anime &amp; Manga","multiple","hard","In the &quot;Dragon Ball&quot; franchise, what is the name of Goku&#039;s brother?","Raditz","Gohan|Vegeta|Bardock"
"Entertainment: Video Games","multiple","medium","One of the Nintendo Entertainment System voice channels supports playback of sound samples. Which one?","DMC","Noise|Triangle|Square"
"Entertainment: Comics","multiple","easy","What is the alter-ego of the DC comics character &quot;Superman&quot;?","Clark Kent","Bruce Wayne|Arthur Curry|John Jones"
"Entertainment: Cartoon &amp; Animations","multiple","hard","Which of these cartoon girlfriends of popular characters first appeared before their boyfriends?","Olive Oyl","Minnie Mouse|Lola Bunny|Daisy Duck"
"Entertainment: Video Games","multiple","medium","Phil Fish was the designer of which game?","Fez","Super Meat Boy|Hotline Miami|FTL"
"Sports","multiple","hard","Who is Manchester United&#039;s leading appearance maker?","Ryan Giggs","David Beckham|Wayne Rooney|Eric Cantona"
"Entertainment: Video Games","boolean","hard","In Undertale, having a &quot;Fun Value&quot; set to 56-57 will play the &quot;Wrong Number Song Call&quot;.","False","True"
"Entertainment: Japanese Anime &amp; Manga","multiple","medium","In &quot;JoJo&#039;s Bizarre Adventure: Stardust Crusaders&quot;, what is the last name of the protagonist Jotaro?","Kujo","Cujoh|Joestar|Higashikata"
"Entertainment: Japanese Anime &amp; Manga","multiple","medium","Which band name isn&#039;t a Stand in &quot;JoJo&#039;s Bizarre Adventure&quot;?","AC/DC","Green Day|Survivor|Red Hot Chili Peppers"
"Entertainment: Video Games","multiple","easy","Which Super Mario video game when they introduce Bowser Jr. for the first time?","Super Mario Sunshine","Mario Party series|Super Mario Galaxy|Mario &amp; Luigi: Bowser&#039;s Inside Story + Bowser Jr.&#039;s Journey"
"Entertainment: Comics","multiple","medium","In Calvin and Hobbes, what is the name of the principal at Calvin&#039;s school?","Mr. Spittle","Mr. Boreman|Mr. Spitling|Mr. Moe"
"General Knowledge","multiple","easy","What is &quot;dabbing&quot;?","A dance","A medical procedure|A sport|A language"
"Science &amp; Nature","multiple","medium","Myopia is the scientific term for which condition?","Shortsightedness","Farsightedness|Double Vision|Clouded Vision"
"Entertainment: Musicals &amp; Theatres","boolean","easy","In the play Oedipus Rex, Oedipus kills his father due to jealousy in loving his mother.","False","True"
"Science: Mathematics","multiple","medium","What is the derivative of sin(x)","cos(x)","csc(x)|-cos(x)|-sin(x)"
"Geography","multiple","hard","What is the capital city of Bermuda?","Hamilton","Santo Dominigo|San Juan|Havana"
"Entertainment: Cartoon &amp; Animations","multiple","medium","What is Scooby-Doo&#039;s real name?","Scoobert","Scooter|Scrappy|Shooby"
"Entertainment: Video Games","boolean","easy","Nintendo&#039;s Luigi was originally just called Green Mario?","False","True"
"Science: Mathematics","multiple","medium","At what temperature does temp in &deg;C equal temp in &deg;F?","-40","+40|0|+100"
"Entertainment: Television","multiple","easy","When Donkey Kong died in the &quot;Donkey Kong Country&quot; episode &quot;It&#039;s a Wonderful Life&quot;, who was his guardian angel?","Eddie the Mean Old Yeti","Kiddy Kong|Diddy Kong|King K. Rool"
"Sports","multiple","medium","What year was hockey legend Wayne Gretzky born?","1961","1965|1959|1963"
"Entertainment: Musicals &amp; Theatres","multiple","hard","Which actor has NOT portrayed Billy Flynn in the musical &quot;Chicago&quot;?","Christopher Walken","David Hasselhoff|Jerry Springer|Patrick Swayze"
"Entertainment: Film","multiple","easy","What is the name of the island that &quot;Jurassic Park&quot; is built on?","Isla Nublar","Isla Sorna|Isla Muerta|Isla Pena"
"General Knowledge","multiple","hard","Going by the International Code of Signals, which single flag is interpreted as &quot;I require assistance (not distress)&quot;?","Victor","Kilo|Papa|Delta"
"Entertainment: Video Games","multiple","medium","Which game is NOT part of the Science Adventure series by 5pb. and Nitroplus?","Occultic; Nine","Steins; Gate|Robotics; Notes|Chaos; Child"
"Entertainment: Cartoon &amp; Animations","multiple","easy","Which of these is NOT a Disney cartoon character?","Daffy Duck","Donald Duck|Daisy Duck|Scrooge McDuck"
"Entertainment: Video Games","boolean","medium","In Monster Hunter Generations, guild style is a type of hunting style.","True","False"
"Entertainment: Video Games","multiple","hard","In the alternate timeline in Mortal Kombat, which character was the one to slaughter the Shirai Ryu clan?","Quan Chi","Sub-Zero|Sektor|Shang Tsung"
"Science &amp; Nature","multiple","hard","How long is a light-year?","9.461 Trillion Kilometres","1 AU|105.40 Earth-years|501.2 Million Miles"
"Entertainment: Video Games","multiple","hard","In the &quot;Pikmin&quot; games, which of the following pikmin colors lacks it&#039;s own &quot;Onion&quot; nest?","Purple","Winged|Blue|Rock"
"Geography","multiple","hard","What is the tallest mountain in Canada?","Mount Logan","Mont Tremblant|Whistler Mountain|Blue Mountain"
"Vehicles","boolean","medium","When BMW was established in 1916, it was producing automobiles.","False","True"
"Entertainment: Japanese Anime &amp; Manga","multiple","easy","What is Gatomon&#039;s name in the original Japanese version of Digimon Adventure?","Tailmon","Pawmon|Catmon|Nekomon"
"Geography","multiple","medium","What is the official language of Bhutan?","Dzongkha","Ladakhi|Karen|Groma"
"Entertainment: Music","multiple","hard","Which of these songs is not by Tatsuro Yamashita?","Lucky Lady Feel So Good ","Merry-Go Round|Let&#039;s Dance Baby|Love Talkin&#039;"
"Entertainment: Video Games","multiple","easy","When was Minecraft first released to the public?","May 17th, 2009","September 17th, 2009|November 18th, 2011|October 7th, 2011"
"Politics","multiple","medium","What is former United States President Bill Clinton&#039;s full name?","William Jefferson Clinton","William Roosevelt Clinton|William Truman Clinton|William Lincoln Clinton"
"Entertainment: Television","multiple","easy","Who played the Waitress in the Spam sketch of &quot;Monty Python&#039;s Flying Circus&quot;?","Terry Jones","Eric Idle|Graham Chapman|John Cleese"
"Entertainment: Television","multiple","medium","Dee from &quot;It&#039;s Always Sunny in Philadelphia&quot; has dated all of the following guys EXCEPT","Matthew &quot;Rickety Cricket&quot; Mara","Colin the Thief|Ben the Soldier|Kevin Gallagher aka Lil&#039; Kevin"
"Science &amp; Nature","boolean","medium","El Ni&ntilde;o pushes warm water to the coasts of the Western Pacific during winter.","True","False"
"Entertainment: Video Games","multiple","hard","In the SHMUP series, &quot;Gradius&quot;, what is the name of the antagonist faction you fight against?","Bacterion","Bydo|Belsar|ORN Empire"
"Entertainment: Video Games","multiple","medium","What is the punishment for playing Postal 2 in New Zealand?","10 years in prison and a fine of $50,000","Fine of $5,000|Nothing|15 years in prison and a fine of $10,000"
"History","multiple","easy","What was Manfred von Richthofen&#039;s nickname?","The Red Baron","The High Flying Ace|The Blue Serpent |The Germany Gunner"
"Science &amp; Nature","boolean","hard","Frederick Banting and John Macleod won a Nobel Prize for their contributions to the scientific fields of quantum mechanics.","False","True"
"Entertainment: Cartoon &amp; Animations","multiple","easy","Butters Stotch, Pip Pirrup, and Wendy Testaburger are all characters in which long running animated TV series?","South Park","The Simpsons|Family Guy|Bob&#039;s Burgers"
"Geography","multiple","medium","What continent is the country Lesotho in?","Africa","Asia|South America|Europe"
"Entertainment: Japanese Anime &amp; Manga","multiple","medium","In JoJo&#039;s Bizarre Adventure, which character is able to accelerate time?","Enrico Pucci","Jotaro Kujo|Jolyne Cujoh|Kujo Jotaro"
"Entertainment: Cartoon &amp; Animations","multiple","medium","What animated internet character is known to answer emails with his boxing gloves?","Strong Bad","Strong Sad|Strong Mad|Strong Glad"
"Sports","multiple","medium","In what country were the 2014 Winter Olympics held in the town of Sochi?","Russia","South Korea|Norway|Canada"
"Entertainment: Japanese Anime &amp; Manga","multiple","medium","In the &quot;Re:Zero&quot; manga series, which of the following Sin Archbishops eats Rem&#039;s existence?","Ley Batenkaitos","Roy Alphard|Petelgeuse Romanee-Conti|Louis Arneb"
"Entertainment: Japanese Anime &amp; Manga","multiple","medium","Krusty is the guild master of which guild in &quot;Log Horizon&quot;?","D. D. D","Silver Sword|West Wind Brigade|Oceanic Systems (Marine Agency)"
"Geography","multiple","medium","Which two modern-day countries used to be known as the region of Rhodesia between the 1890s and 1980?","Zambia &amp; Zimbabwe","Togo &amp; Benin|Lesotho &amp; Swaziland|Rwanda &amp; Burundi"
"Science &amp; Nature","multiple","easy","How many chromosomes are in your body cells?","23","21|22|24"
"Entertainment: Video Games","multiple","medium","What is not a default game mode in Counter-Strike (2000)?","Arms Race","Hostage Rescue|Bomb Defusal|Assassination"
"Sports","multiple","easy","In golf, what name is given to a hole score of two under par?","Eagle","Birdie|Bogey|Albatross"
"Science: Computers","boolean","medium","FLAC stands for &quot;Free Lossless Audio Condenser&quot;&#039;","False","True"
"History","multiple","hard","Which of the following was not one of Joseph Stalin&#039;s ten blows during World War II?","Vistula-Oder Offensive","Crimean Offensive|Leningrad-Novgorod Offensive|Operation Bagration"
"History","multiple","easy","In what year did the nuclear power plant in Chernobyl melt down?","1986","1991|1975|1998"
"Entertainment: Japanese Anime &amp; Manga","multiple","easy","How many &quot;JoJos&quot; that are protagonists are there in the series &quot;Jojo&#039;s Bizarre Adventure&quot;?","8+","6+|4+|5+"
"Entertainment: Television","multiple","medium","What was Nickelodeon&#039;s original name?","Pinwheel","MTVKids|KidsTV|Splat!"
"Entertainment: Film","multiple","hard","Which actress portrayed Dr. Grace Augustine in the James Cameron movie &quot;Avatar&quot;?","Sigourney Weaver","Jessica Chastain|Melissa Beckett|Alyssa Monroe "
"Sports","boolean","medium","Formula E is an auto racing series that uses hybrid electric race cars.","False","True"
"Science: Computers","multiple","medium","Moore&#039;s law originally stated that the number of transistors on a microprocessor chip would double every...","Year","Four Years|Two Years|Eight Years"
"History","multiple","medium","What was the name of the first permanent English settlement in America?","Jamestown","New York|St. John&#039;s|Plymouth"
"Entertainment: Japanese Anime &amp; Manga","multiple","easy","What animation studio produced &quot;Gurren Lagann&quot;?","Gainax","Kyoto Animation|Pierrot|A-1 Pictures"
"Sports","multiple","hard","What team did England beat in the semi-final stage to win in the 1966 World Cup final?","Portugal","West Germany|Soviet Union|Brazil"
"Science &amp; Nature","multiple","medium","What is the study of the cells and tissues of plants and animals?","Histology","Microbiology|Anatomy|Biochemistry"
"Entertainment: Video Games","multiple","easy","&quot;Minecraft&quot; was released from beta in 2011 during a convention held in which city?","Las Vegas","Paris|Bellevue|London"
"Entertainment: Video Games","multiple","medium","In the game &quot;Cave Story,&quot; what is the character Balrog&#039;s catchphrase?","Huzzah!","Yes!|Whoa there!|Nyeh heh heh!"
"Entertainment: Music","multiple","medium","The co-creator of Gorillaz, Damon Albarn, is also the lead singer of what band?","Blur","Oasis|Radiohead|Queens of the Stone Age"
"Entertainment: Video Games","boolean","hard","In &quot;Portal 2&quot;, Cave Johnson started out Aperture Science as a shower curtain company.","True","False"
"Entertainment: Video Games","multiple","medium","What animal is featured in &quot;Bloons TD Battles&quot;?","Monkeys","Alligators|Pigeons|Lizards"
"General Knowledge","multiple","easy","What type of animal was Harambe, who was shot after a child fell into it&#039;s enclosure at the Cincinnati Zoo?","Gorilla","Tiger|Panda|Crocodile"
"Entertainment: Books","multiple","medium","Which American author was also a budding travel writer and wrote of his adventures with his dog Charley?","John Steinbeck","F. Scott Fitzgerald|Ernest Hemingway|William Faulkner"
"Geography","multiple","medium","All of the following countries have official claims to territory in Antartica EXCEPT:","United States","Australia|Chile|Norway"
"Geography","boolean","easy","There is an island in Japan called Ōkunoshima, A.K.A. &quot;Rabbit Island&quot;, so named because of it&#039;s huge population of rabbits.","True","False"
"Entertainment: Cartoon &amp; Animations","multiple","easy","In The Simpsons, which war did Seymour Skinner serve in the USA Army as a Green Beret?","Vietnam War","World War 2|World War 1|Cold War"
"Entertainment: Video Games","multiple","easy","Who stars in Brutal Legend?","Jack Black","Kanye West|Lemmy|Ozzy Osbourne"
"History","multiple","hard","The Battle of Hastings was fought in which year?","1066","911|1204|1420"
"History","multiple","easy","Which of the following countries was not an axis power during World War II?"," Soviet Union","Italy|Germany|Japan"
"Entertainment: Music","multiple","medium","Which artist curated the official soundtrack for &quot;The Hunger Games: Mockingjay - Part 1&quot;?","Lorde","Kanye West|Tove Lo|Charli XCX"
"General Knowledge","multiple","hard","According to the 2014-2015 Australian Bureau of Statistics, what percentage of Australians were born overseas?","28%","13%|20%|7%"
"General Knowledge","boolean","easy","Studies suggest that approximately 40% of the world population is left-handed.","False","True"
"Science &amp; Nature","multiple","medium","Which of the following is NOT a passive electrical component?","Transistor","Resistor|Capacitor|Inductor"
"History","multiple","hard","What micro-state is considered to have the oldest constitution still in effect?","San Marino","Andorra|Monaco|Saint Kitts and Nevis"
"History","multiple","medium","Who famously coined the phrase &quot;I think, therefore I am&quot;?","Descartes","Plato|Aristotle|Shakespeare"
"Geography","multiple","medium","What is the capital of Peru?","Lima","Santiago|Montevideo|Buenos Aires"
"Science &amp; Nature","multiple","hard","Which of the following is considered classical conditioning?","Pavlov&#039;s dog experiments","Skinner box experiment|Schr&ouml;dinger&#039;s cat experiment|Harlow&rsquo;s monkey experiments"
"Science &amp; Nature","boolean","medium","Type 1 diabetes is a result of the liver working improperly.","False","True"
"Entertainment: Video Games","boolean","medium","TF2: The Medic will be credited for an assist if he heals a Spy that successfully saps a building.","True","False"
"Entertainment: Video Games","multiple","hard","In Stardew Valley, what is the reward for completing all of the Bulletin Board bundles?","Additional Friendship points","Glittering Boulder removed|Bus is repaired|Greenhouse"
"Science &amp; Nature","boolean","easy","The shape of the Earth is a perfect sphere.","False","True"
"Animals","multiple","easy","Snakes and lizards are known to flick their tongue, this behavior is to?","Capture scent particles","Taste the sweet air|Threaten other species|Attract female mates"
"Entertainment: Cartoon &amp; Animations","multiple","medium","Which Sanrio character was introduced in 1996?","Pompompurin","My Melody|Badtz-Maru|Kerropi"
"Entertainment: Video Games","multiple","medium","Which is the protagonist of Bioshock Infinite?","Booker DeWitt","Zachary Comstock|Arthas Menethil|Herbie Hancock"
"Art","multiple","hard","The painting &quot;The Starry Night&quot; by Vincent van Gogh was part of which art movement?","Post-Impressionism","Romanticism|Neoclassical|Impressionism"
"Entertainment: Video Games","boolean","easy","In Resident Evil 4, the Chicago Typewriter has infinite ammo.","True","False"
"Entertainment: Video Games","multiple","easy","Who is the main antagonist in the Portal franchise?","GLaDOS","Chell|Wheatley|Rick"
"Entertainment: Video Games","multiple","easy","Which eSports team came first place in The International Dota 2 Championship 2016?","Wings Gaming","Digital Chaos|Evil Geniuses|Fnatic"
"Entertainment: Video Games","boolean","hard","In the game &quot;Melty Blood Actress Again Current Code&quot;, you can enter Blood Heat mode in Half Moon style.","False","True"
"Entertainment: Music","multiple","medium","Which band had hits in 1975 with the songs, &#039;One Of These Nights&#039; &amp; &#039;Lyin Eyes&#039;?","The Eagles","Fools Gold|The Doobie Brothers|Fleetwood Mac"
"History","multiple","medium","What was the name of the chemical that was dropped on Vietnam during the Vietnam war?","Agent Orange","Phosgene|Mustard Gas|Hydrogen Cyanide"
"Entertainment: Video Games","multiple","medium","What was the FIRST Valve game to have VR?","The Lab","Dota 2|Destinations|Half-Life 2"
"History","multiple","medium","Who was the last Roman emperor in the Year of Four Emperors (69 AD)?","Vespasian","Vitellius|Otho|Galba"
"Geography","boolean","medium","The flag of South Africa features 7 colours.","False","True"
"Entertainment: Television","multiple","easy","What is the name of Chris&#039;s brother in &quot;Everybody Hates Chris&quot;?","Drew","Jerome|Greg|Joe"
"Science: Mathematics","multiple","hard","Which of these numbers is closest to the total number of possible states for an army standard Enigma Machine?","1.58 x 10^20","1.58 x 10^22|1.58 x  10^18|1.58 x 10^24"
"Science: Computers","multiple","medium","What does the term MIME stand for, in regards to computing?","Multipurpose Internet Mail Extensions","Mail Internet Mail Exchange|Multipurpose Interleave Mail Exchange|Mail Interleave Method Exchange"
"Entertainment: Television","multiple","easy","Which of the following won the first season of American Idol in 2002?","Kelly Clarkson","Justin Guarini|Ruben Studdard|Chris Daughtry"
"Entertainment: Books","multiple","medium","According to The Hitchhiker&#039;s Guide to the Galaxy book, the answer to life, the universe and everything else is...","42","Loving everyone around you|Chocolate|Death"
"General Knowledge","multiple","hard","How many notes are there on a standard grand piano?","88","98|108|78"
"Entertainment: Books","multiple","hard","In the book series &quot;Odd Thomas&quot;, Danny Jessup has what genetic disease? "," Osteogenesis Imperfecta","Spinocerebellar ataxia|Adrenoleukodystrophy|Cystic Fibrosis"
"Entertainment: Film","multiple","medium","What city did the monster attack in the film, &quot;Cloverfield&quot;?","New York, New York","Las Vegas, Nevada|Chicago, Illinois|Orlando, Florida"
"Vehicles","boolean","easy","BMW M GmbH is a subsidiary of BMW AG that focuses on car performance.","True","False"
"Sports","multiple","medium","The song &quot;Three Lions&quot; by the Lightning Seeds was made for which major football event in 1996?","European Championships","World Cup|Champions League|Confederations Cup"
"Entertainment: Television","multiple","easy","What Nickelodeon game show featured a house on the set that the contestants would ransack to find hidden objects?","Finders Keepers","Double Dare|Nickelodeon Guts|Nick Arcade"
"History","multiple","hard","Who assassinated President James A. Garfield?","Charles Guiteau","Sirhan Sirhan|Leon Czolgosz|John Wilkes Booth"
"Entertainment: Video Games","boolean","easy","In Dead Space 2, the &#039;Hand Cannon&#039; is a large foam finger.","True","False"
"Art","multiple","hard","What French sculptor designed the Statue of Liberty? ","Fr&eacute;d&eacute;ric Auguste Bartholdi","Jean-L&eacute;on G&eacute;r&ocirc;me|Auguste Rodin|Henri Matisse"
"Science: Mathematics","multiple","easy","What prime number comes next after 19?","23","25|21|27"
"Entertainment: Film","multiple","medium","In Back to the Future Part II, Marty and Dr. Emmett Brown go to which future date?","October 21, 2015","August 28, 2015|July 20, 2015|January 25, 2015"
"General Knowledge","multiple","medium","What is the German word for &quot;spoon&quot;?","L&ouml;ffel","Gabel|Messer|Essst&auml;bchen"
"Entertainment: Musicals &amp; Theatres","multiple","easy","&quot;Doctor Who&quot; star David Tennant performed in a rendition of which Shakespearean play?","Hamlet","The Tempest|Othello|The Taming of the Shrew"
"History","multiple","hard","Which King of England was faced with the Peasants&#039; Revolt in 1381?","Richard II","Edward III|Edward II|Henry IV"
"Animals","multiple","hard","Which of the following is another name for the &quot;Poecilotheria Metallica Tarantula&quot;?","Gooty","Hopper|Silver Stripe|Woebegone"
"Entertainment: Film","boolean","easy","The word &quot;Inception&quot; came from the 2010 blockbuster hit &quot;Inception&quot;.","False","True"
"Entertainment: Film","multiple","hard","What was the name of the planet in &quot;Aliens&quot;?","LV-426","Weyland Yutani Corporation Base|FR-838|DI-621"
"History","boolean","hard","The fourth funnel of the RMS Titanic was fake designed to make the ship look more powerful and symmetrical.","True","False"
"Animals","boolean","easy","Kangaroos keep food in their pouches next to their children.","False","True"
"Entertainment: Video Games","multiple","hard","What do the video games No Man&rsquo;s Sky and Mighty No. 9 have in common?","Both were announced in 2013.","Both were crowdfunded.|Both were developed by indie studios.|Both were released for the PlayStation 3."
"Entertainment: Board Games","multiple","hard","Which of these cities is NOT featured in the Pandemic board game?","Berlin","Ho Chi Minh City|Lagos|Karachi"
"Entertainment: Television","boolean","easy","In Battlestar Galactica (2004), Cylons were created by man as cybernetic workers and soldiers.","True","False"
"Geography","multiple","easy","Which US state has the highest population?","California","New York|Texas|Florida"
"General Knowledge","multiple","easy","What is the profession of Elon Musk&#039;s mom, Maye Musk?","Model","Professor|Biologist|Musician"
"Entertainment: Books","multiple","easy","Which classic book opens with the line &quot;Call me Ishmael&quot;?","Moby Dick","A Tale of Two Cities|Kidnapped|Wuthering Heights"
"Entertainment: Video Games","boolean","easy","In Sonic the Hedgehog universe, Tails&#039; real name is Miles Prower.","True","False"
"Science: Computers","multiple","hard","Who is the original author of the realtime physics engine called PhysX?","NovodeX","Ageia|Nvidia|AMD"
"Entertainment: Video Games","multiple","easy","Which one of these characters is NOT a playable fighter in Super Smash Bros. Ultimate?","Kumatora","King K. Rool|Incineroar|Corrin"
"Entertainment: Video Games","multiple","medium","Which stage was planned to be a part of &quot;Sonic the Hedgehog 2&quot;, but was scrapped during development?","Genocide City Zone","Stardust Speedway Zone|Sky High Zone |Clockwork Zone"
"Entertainment: Musicals &amp; Theatres","multiple","medium","Who is the musical director for the award winning musical &quot;Hamilton&quot;?","Alex Lacamoire","Lin-Manuel Miranda|Renee Elise-Goldberry|Leslie Odom Jr."
"Entertainment: Cartoon &amp; Animations","multiple","easy","Which of the following is not a Flintstones character?","Lord Rockingham IX","Rockhead Slate|The Great Gazoo|Barney Rubble"
"Science: Computers","boolean","medium","A Boolean value of &quot;0&quot; represents which of these words?","False","True"
"Entertainment: Television","multiple","medium","At which university do &quot;The Big Bang Theory&quot; characters Mr. Wolowitz and Drs. Cooper, Hofstadter and Koothrappali work?","Caltech","UCLA|MIT|UC Berkeley "
"Entertainment: Film","multiple","easy","Who directed the movies &quot;Pulp Fiction&quot;, &quot;Reservoir Dogs&quot; and &quot;Django Unchained&quot;?","Quentin Tarantino","Martin Scorcese|Steven Spielberg|James Cameron"
"Entertainment: Music","multiple","medium","Who recorded the album called &quot;Down to the Moon&quot; in 1986?","Andreas Vollenweider","Jean-Michel Jarre|Bing Crosby|Enya"
"Science &amp; Nature","multiple","easy","What is the standard SI unit for time?","Second","Minute|Hour|Day"
"History","multiple","medium","Which of these 1900s tanks were designed and built BEFORE the others?","Renault FT","M4 Sherman| Panzer IV|Cromwell "
"Entertainment: Television","boolean","medium","The television show Doctor Who first aired in 1963.","True","False"
"Entertainment: Video Games","multiple","medium","The protagonist in the game &quot;Cave Story&quot; is named","Quote","Kazuma|Curly|Arthur"
"Entertainment: Japanese Anime &amp; Manga","boolean","hard","In the &quot;To Love-Ru&quot; series, Peke is considered a female robot.","True","False"
"Science &amp; Nature","multiple","easy","What is the speed of light in a vacuum?","299,792,458 m/s","50,461 m/s|308,215,043 m/s|751,665,014,151 m/s"
"General Knowledge","multiple","hard","The word &quot;astasia&quot; means which of the following?","The inability to stand up","The inability to make decisions|The inability to concentrate on anything|A feverish desire to rip one&#039;s clothes off"
"Entertainment: Video Games","multiple","easy","What war is Call Of Duty: Black Ops based on?","Cold War","WW3|Vietnam|WW1"
"Entertainment: Video Games","multiple","easy","In &quot;World of Warcraft,&quot; which of the following can be found outside of every instanced dungeon?","A Meeting Stone","A Summoning Stone|A Gathering Stone|A Hearthstone"
"Mythology","multiple","medium","What is the name of the Greek god of peaceful deaths?","Thanatos","Tartarus|Hades|Moros"
"Entertainment: Musicals &amp; Theatres","multiple","medium","Which musical has won the most Tony awards?","The Producers","Hamilton|Chicago|Phantom of the Opera"
"Entertainment: Video Games","boolean","easy","The PlayStation was originally a joint project between Sega and Sony that was a Sega Genesis with a disc drive.","False","True"
"Entertainment: Japanese Anime &amp; Manga","multiple","easy","What anime studio was in charge of the hit anime &quot;Made in Abyss&quot;?","Kinema Citrus","Trigger|Studio 3hz|8bit"
"Entertainment: Video Games","multiple","hard","The creeper in Minecraft was the result of a bug while implementing which creature?","Pig","Zombie|Chicken|Cow"
"General Knowledge","multiple","medium","What was the soft drink Pepsi originally introduced as?","Brad&#039;s Drink","Pepsin Pop|Carolina Cola|Pepsin Syrup"
"General Knowledge","multiple","medium","This field is sometimes known as &ldquo;The Dismal Science.&rdquo;","Economics","Philosophy|Politics|Physics"
"Sports","multiple","easy","Which team won the 2015-16 English Premier League?","Leicester City","Liverpool|Cheslea|Manchester United"
"Entertainment: Video Games","multiple","easy","Which of these is NOT a playable character in &quot;Left 4 Dead&quot;?","Nick","Louis|Zoey|Bill"
"Geography","multiple","medium","What is the capital city of the U.S. state of Texas?","Austin","Dallas|Houston|San Antonio"
"Entertainment: Video Games","multiple","easy","How many games in the Crash Bandicoot series were released on the original Playstation?","5","4|3|6"
"Entertainment: Video Games","multiple","medium","The mobile game &quot;Jetpack Joyride&quot; was released in what year? ","2011","2012|2009|2014"
"Entertainment: Video Games","multiple","medium","What name does the little headcrab in &quot;Half Life 2&quot; have?","Lamarr","Jumperr|Drett|Jerry"
"Geography","boolean","medium","The third largest country (by square kilometres) in South America is Colombia.","False","True"
"Entertainment: Video Games","multiple","easy","&quot;The Potato Sack&quot; was a collection of indie games released on Steam in 2011 as a promotion for which game?","Portal 2","Left 4 Dead 2|Half-Life 3|Dota 2"
"History","multiple","easy","Which modern country is known as &quot;The Graveyard of Empires&quot;?","Afghanistan","China|Iraq|Russia"
"Science: Computers","multiple","easy","In any programming language, what is the most common way to iterate through an array?","&#039;For&#039; loops","&#039;If&#039; Statements|&#039;Do-while&#039; loops|&#039;While&#039; loops"
"Vehicles","multiple","hard","What kind of train was Stepney, a train on the Bluebell Railway notable for his appearance in &quot;The Railway Series&quot;?","LB&amp;SCR A1X","LB&amp;SCR E2|LB&amp;SCR J1|LB&amp;SCR D1"
"Entertainment: Music","multiple","medium","What album did Gorillaz release in 2017?","Humanz","Plastic Beach|The Fall|Demon Days"
"Science &amp; Nature","multiple","hard","Which of the following plastic is commonly used for window frames, gutters and drain pipes?","Polyvinylchloride (PVC) ","Polyethylene (PE)|Polypropylene (PP)|Polystyrene (PS)"
"Science &amp; Nature","multiple","medium","What is the chemical symbol for lead?","Pb","Ld|Le|Pm"
"Entertainment: Film","multiple","medium","What is the name of the first &quot;Star Wars&quot; film by release order?","A New Hope","The Phantom Menace|The Force Awakens|Revenge of the Sith"
"Entertainment: Video Games","multiple","hard","In &quot;Halo&quot;, what is the name of the planet which Installation 04 orbits?","Threshold","Substance|Sanghelios|Te"
"Entertainment: Video Games","multiple","hard","What was the code name given to Sonic the Hedgehog 4 during its development?","Project Needlemouse","Project Bluespike|Project Roboegg|Project Darksphere"
"General Knowledge","multiple","medium","The term &quot;scientist&quot; was coined in which year?","1833","1933|1942|1796"
"Geography","multiple","medium","How many countries are larger than Australia?","5","4|3|6"
"Science &amp; Nature","multiple","easy","The human heart has how many chambers?","4","2|6|3"
"Entertainment: Television","multiple","easy","In the show Stranger Things, what is Eleven&#039;s favorite breakfast food?","Eggo Waffles","Toast|Captain Crunch|Bacon and Eggs"
"Entertainment: Video Games","multiple","medium","What level do you have to be to get a service medal on CS:GO?","40","50|30|20"
"History","multiple","medium","Who is believed to have been the first European to &#039;discover&#039; the land of New Zealand?","Abel Tasman","Christopher Columbus|Jeanne Bar&eacute;|John Cabot "
"Politics","multiple","hard","Starting from 2000, China banned manufacturing and sales of all video game consoles. On which year was this ban lifted?","2015","2012|2008|2017"
"Vehicles","multiple","easy","Jaguar Cars was previously owned by which car manfacturer?","Ford","Chrysler|General Motors|Fiat"
"Entertainment: Comics","multiple","medium","In Pre-Super Genesis universe of &quot;Sonic the Hedgehog&quot; comic, what was the name of  Sally Acorn&#039;s brother?","Elias Acorn","Maximillian Acorn|Alexis Acorn|Frederick Acorn"
"Entertainment: Video Games","boolean","easy","Tony Hawk&#039;s extreme sports videogames revolve around performing professional BMX tricks.","False","True"
"General Knowledge","multiple","easy","How many furlongs are there in a mile?","Eight","Two|Four|Six"
"Entertainment: Film","multiple","medium","Which of these Disney classics was released in 1970?","The Aristocats","One Hundred and One Dalmatians|The Fox and the Hound|The Little Mermaid"
"Entertainment: Television","multiple","medium","In Game of Thrones what is the name of Jon Snow&#039;s sword?","Longclaw","Oathkeeper|Widow&#039;s Wail|Needle"
"Vehicles","multiple","hard","What engine is in the Lexus SC400?","1UZ-FE","2JZ-GTE|7M-GTE|5M-GE"
"Science: Computers","multiple","medium",".at is the top-level domain for what country?","Austria","Argentina|Australia|Angola"
"General Knowledge","boolean","medium","The French word for &quot;glass&quot; is &quot;glace&quot;.","False","True"
"Celebrities","boolean","medium","Michael Jackson had a pet python named &lsquo;Crusher&rsquo;.","True","False"
"Sports","multiple","medium","Which soccer team won the Copa Am&eacute;rica Centenario 2016?","Chile","Argentina|Brazil|Colombia"
"Entertainment: Video Games","multiple","medium","Which of the following characters is NOT playable in &quot;Resident Evil 6&quot;?","Jill Valentine","Chris Redfield|Sherry Birkin|Helena Harper"
"Geography","multiple","medium","Which of these countries is &quot;doubly landlocked&quot; (surrounded entirely by one or more landlocked countries)?","Uzbekistan","Switzerland|Bolivia|Ethiopia"
"Entertainment: Video Games","multiple","medium","In the Pok&eacute;mon series, which type is Sudowoodo, the Imitation Pok&eacute;mon?","Rock","Grass|Bug|Ground"
"Entertainment: Video Games","multiple","medium","In Call of Duty: United Offensive, what two soldiers share a name of a video game character?","Gordon &amp; Freeman","Sam &amp; Fisher|Nathan &amp; Drake|Dig &amp; Dug"
"Entertainment: Board Games","multiple","hard","The board game &quot;Monopoly&quot; is a variation of what board game?","The Landlord&#039;s Game","Territorial Dispute|Property Feud|The Monopolist&#039;s Game"
"Science: Gadgets","multiple","easy","The term &quot;battery&quot; to describe an electrical storage device was coined by?","Benjamin Franklin","Nikola Tesla|Luigi Galvani| Alessandro Volta"
"Entertainment: Video Games","multiple","hard","The Internet Meme &quot;All your base are belong to us&quot; is based on the poorly translated English Version of which Video Game?","Zero Wing","F-Zero|Wing Commander|Star Wars: X-Wing"
"Entertainment: Video Games","multiple","easy","In what city in the dystopia alternate future of Half-Life 2 do you first start in?","City 17","City 18|City 6|City 45"
"Entertainment: Video Games","boolean","easy","In Until Dawn, both characters Sam and Mike cannot be killed under any means until the final chapter of the game.","True","False"
"Science: Computers","multiple","hard","Lenovo acquired IBM&#039;s personal computer division, including the ThinkPad line of laptops and tablets, in what year?","2005","1999|2002|2008"
"Science: Gadgets","multiple","easy","When was the Tamagotchi digital pet released?","1996","1989|1992|1990"
"Vehicles","boolean","hard","The term &quot;GTO&quot; was originated by Ferrari?","True","False"
"Entertainment: Board Games","boolean","easy","Snakes and Ladders was originally created in India?","True","False"
"Science &amp; Nature","multiple","easy","Rhinoplasty is a surgical procedure on what part of the human body?","Nose","Ears|Chin|Neck"
"Entertainment: Video Games","multiple","easy","Who is the leader of Team Instinct in Pok&eacute;mon Go?","Spark","Candela|Blanche|Willow"
"Sports","multiple","easy","Which wrestler won the 2019 Men&rsquo;s Royal Rumble?","Seth Rollins","Braun Strowman|AJ Styles|Andrade"
"Entertainment: Music","multiple","medium","The Proclaimers - I&#039;m Gonna Be (500 Miles) reached what position on the US Hot 100 Charts in 1993?","3rd","8th|1st|5th"
"Vehicles","multiple","easy","What is the name of Nissan&#039;s most popular electric car?","Leaf","Tree|Deer|Roots"
"History","multiple","medium","When did construction of the Suez Canal finish?","1869","1859|1860|1850"
"Entertainment: Video Games","multiple","medium","The creator of the Touhou Project series is:","ZUN","SUN|RUN|PUN"
"Entertainment: Video Games","multiple","easy","In the game Sonic Forces, which of the following was not from a previous game?","Infinite","Metal Sonic|Zavoc|Chaos"
"Entertainment: Film","multiple","medium","What is the name of the queen&#039;s pet in A Bug&#039;s Life?","Aphie","Flik|Hopper|Dot"
"History","multiple","medium","In what prison was Adolf Hitler held in 1924?","Landsberg Prison","Spandau Prison|Ebrach Abbey|Hohenasperg"
"Entertainment: Music","multiple","easy","What is the name of the album released in 2014 by American band Maroon 5?","V","X|III|IV"
"Entertainment: Video Games","multiple","hard","Which car did not appear in the 2002 Lego Game: Drome Racers?","Wasp","Raptor|Hornet|Behemoth"
"Geography","multiple","easy","What is the capital of Scotland?","Edinburgh","Glasgow|Dundee|London"
"Art","boolean","medium","Venus of Willendorf is one of the earliest works of art, depicting the planets Mars and Venus embrace in the heavens at night.","False","True"
"Entertainment: Japanese Anime &amp; Manga","multiple","medium","Which studio made Cowboy Bebop?","Sunrise","Bones|Madhouse|Pierriot"
"Entertainment: Film","multiple","easy","In &quot;Mean Girls&quot;, who has breasts that tell when it&#039;s raining?","Karen Smith","Gretchen Weiners|Janice Ian|Cady Heron"
"Entertainment: Music","multiple","medium","Which of these Queen songs were sampled for the baseline in Vanilla &quot;Ice&#039;s Ice Ice Baby?&quot;","Under Pressure","Don&#039;t Stop Me Now|Brighton Rock|Lazing On A Sunday Afternoon"
"Politics","multiple","hard","Who was the longest-serving senator in US history, serving from 1959 to 2010?","Robert Byrd","Daniel Inouye|Strom Thurmond|Joe Biden"
"Entertainment: Board Games","multiple","easy","Which one of these is not a real game in the Dungeons &amp; Dragons series?","Extreme Dungeons &amp; Dragons","Advanced Dungeons &amp; Dragons|Dungeons &amp; Dragons 3.5th edition|Advanced Dungeons &amp; Dragons 2nd edition"
"Entertainment: Video Games","multiple","medium","In which U.S. state is Far Cry 5&#039;s fictional setting &#039;Hope County&#039; located?","Montana","Idaho|Wyoming|North Carolina"
"Entertainment: Film","multiple","medium","This movie contains the quote, &quot;What we&#039;ve got here is a failure to communicate.&quot;","Cool Hand Luke","Bonnie and Clyde|The Graduate|In the Heat of the Night"
"Science: Computers","multiple","hard","Which of these was the name of a bug found in April 2014 in the publicly available OpenSSL cryptography library?","Heartbleed","Shellshock|Corrupted Blood|Shellscript"
"General Knowledge","multiple","medium","When was Hubba Bubba first introduced?","1979","1984|1972|1980"
"Entertainment: Television","multiple","easy","In Game of Thrones, what continent lies across the Narrow Sea from Westeros?","Essos","Easteros|Westereast|Esuntos"
"Entertainment: Comics","multiple","easy","According to their longtime nickname, what kind of &quot;duo&quot; are Batman &amp; Robin?","Dynamic","Dangerous|Dynastic|Delirious"
"Entertainment: Video Games","multiple","easy","In Dota 2, Wraith King was previously known as...","Skeleton King","Reaper King|Skull King|Hell King"
"Entertainment: Video Games","multiple","hard","What is the fastest speed possible in Trackmania&sup2;: Stadium?","1000  km/h","500 km/h|320 km/h|100 km/h"
"Sports","multiple","easy","How many soccer players should be on the field at the same time?","22","20|24|26"
"General Knowledge","multiple","easy","Which of the three astronauts of the Apollo 11 spaceflight did NOT walk on the moon?","Michael Collins","Buzz Aldrin|Neil Armstrong|None of them"
"Celebrities","multiple","medium","What caused Jake Lloyd who played Anakin Skywalker in The Phantom Menace to quit acting?","Bullying","Criminal Record|Nomination for Worst Actor|Racism"
"Entertainment: Video Games","multiple","easy","When was the top-down online RPG &quot;Space Station 13&quot; released?","2003","2000|2010|2006"
"Geography","multiple","easy","What is the official language of Costa Rica?","Spanish","English|Portuguese|Creole"
"Animals","multiple","hard","What is the collective noun for vultures?","Wake","Ambush|Building|Gaze"
"Entertainment: Video Games","multiple","easy","In Need for Speed: Most Wanted (2005), what was the name of the main antagonist?","Clarence &quot;Razor&quot; Callahan","Hector &quot;Ming&quot; Domingo|Toru &quot;Bull&quot; Sato|Karl &quot;Baron&quot; Smit"
"Entertainment: Video Games","multiple","hard","In the video game Undertale, what Fun Value is required to obtain the Fake Hallway?","66","91|45|39"
"Science: Computers","multiple","easy","In web design, what does CSS stand for?","Cascading Style Sheet","Counter Strike: Source|Corrective Style Sheet|Computer Style Sheet"
"Mythology","multiple","medium","In Greek Mythology, who killed Achilles?","Paris","Hector|Helen|Pericles"
"Geography","multiple","hard","Which of these island countries is located in the Caribbean?","Barbados","Fiji|Maldives|Seychelles"
"Science: Computers","multiple","easy","In the programming language Java, which of these keywords would you put on a variable to make sure it doesn&#039;t get modified?","Final","Static|Private|Public"
"Science: Computers","multiple","hard","What is the codename of the eighth generation Intel Core micro-architecture launched in October 2017?","Coffee Lake","Sandy Bridge|Skylake|Broadwell"
"Entertainment: Video Games","multiple","medium","Which of these is not the name of a city in the Grand Theft Auto series?","San Andreas","San Fierro|Las Venturas|Vice City"
"Entertainment: Music","multiple","easy","Which of the following songs did Elton John perform following Princess Diane&#039;s passing?","Candles in the Wind","I Guess That&#039;s Why They Call It The Blues|Your Song|Island Girl"
"Entertainment: Film","boolean","easy","The movie &quot;The Nightmare before Christmas&quot; was all done with physical objects.","True","False"
"Science &amp; Nature","multiple","medium","What do you study if you are studying entomology?","Insects","Humans|the Brain|Fish"
"History","boolean","easy","The United States was a member of the League of Nations.","False","True"
"General Knowledge","multiple","easy","Antibiotics are generally taken to combat what?","Bacterial infections","Viruses|Migraines|Muscular pains"
"Geography","multiple","medium","What is the capital of Chile?","Santiago","Valpara&iacute;so|Copiap&oacute;|Antofagasta"
"Entertainment: Japanese Anime &amp; Manga","multiple","easy","What name is the main character Chihiro given in the 2001 movie &quot;Spirited Away&quot;?","Sen (Thousand)","Hyaku (Hundred)|Ichiman (Ten thousand)|Juu (Ten)"
"Celebrities","multiple","easy","Which celebrity announced his presidency in 2015?","Kanye West","Donald Trump|Leonardo DiCaprio|Miley Cyrus"
"Geography","multiple","medium","What city is the Terracotta Army located in?","Xi&#039;an","Beijing|Shanghai|Hong Kong"
"General Knowledge","multiple","medium","Death Valley&#039;s Badwater Basin is North America&#039;s point of lowest elevation at how many feet below sea level?","282 feet","79 feet|1,640 feet|12,092 feet"
"Sports","multiple","hard","The Mazda 787B won the 24 Hours of Le Mans in what year?","1991","1990|2000|1987"
"History","multiple","hard","In the year 1900, what were the most popular first names given to boy and girl babies born in the United States?","John and Mary","Joseph and Catherine|William and Elizabeth|George and Anne"
"Entertainment: Video Games","multiple","medium","What is the name of the first boss the player encounters in the 2017 game, &quot;Little Nightmares&quot;?","The Janitor","The Warden|The Caretaker|The Overseer"
"Entertainment: Music","multiple","medium","What was David Bowie&#039;s real surname?","Jones","Johnson|Edwards|Carter"
"Animals","multiple","medium","What is the name for a male bee that comes from an unfertilized egg?","Drone","Soldier|Worker|Male"
"Entertainment: Video Games","boolean","easy","Luigi is taller than Mario?","True","False"
"Politics","multiple","medium","In United States history, how many vice presidents did Franklin D. Roosevelt have during his time in office as president?","3","1|2|0"
"Entertainment: Video Games","multiple","medium","Who created the pump &quot;F.L.U.D.D.&quot; Mario uses in Super Mario Sunshine?","Elvin Gadd","Robert Fludd|Nirona|Crygor"
"Mythology","boolean","medium","The Roman god &quot;Jupiter&quot; was first known as &quot;Zeus&quot; to the Greeks.","True","False"
"Entertainment: Television","multiple","medium","In the episode of SpongeBob SquarePants, &quot;Survival of the Idiots&quot;, Spongebob called Patrick which nickname?","Pinhead","Starfish|Larry|Dirty Dan"
"Entertainment: Comics","multiple","hard","In the Hellboy universe, what was Abe Sapien&#039;s birth name?","Langdon Everett Caul","Lord Baltimore|Sir Edward Grey|Landis Pope"
"Entertainment: Video Games","multiple","medium","What is the name of the virus in &quot;Metal Gear Solid 1&quot;?","FOXDIE","FOXENGINE|FOXALIVE|FOXKILL"
"Entertainment: Video Games","multiple","hard","In &quot;Call Of Duty: Zombies&quot;, which map&#039;s opening cutscene shows &quot;Richtofen&quot; killing another version of himself?","The Giant","Shadows Of Evil|Der Eisendrache|Moon"
"Entertainment: Books","multiple","easy","What was the name of Captain Nemo&#039;s submarine in &quot;20,000 Leagues Under the Sea&quot;?","The Nautilus","The Neptune|The Poseidon  |The Atlantis"
"Entertainment: Board Games","multiple","medium","Which of the following is not a color of mana in Magic: The Gathering?","Yellow","White|Green|Blue"
"General Knowledge","multiple","easy","The Quran is the holy book of which Abrahamic religion?","Islam","Christianity|Judaism|Rastafarianism"
"Science &amp; Nature","multiple","medium","Which of the following men does not have a chemical element named after him?","Sir Isaac Newton","Albert Einstein|Niels Bohr|Enrico Fermi"
"Politics","boolean","hard","Joko Widodo has appeared in the cover of a TIME magazine.","True","False"
"Entertainment: Music","multiple","medium","Which one of these Rammstein songs has two official music videos?","Du Riechst So Gut","Du Hast|Benzin|Mein Teil"
"Entertainment: Music","multiple","medium","Which of the following music bands is not from Finland?","Sabaton","Apocalyptica|Waltari|Lordi"
"Entertainment: Film","multiple","easy","Who played Thanos in Avengers: Infinity War and Avengers: End Game?","Josh Brolin","Tom Hiddleston|Adam Sandler|Sean Gunn"
"Geography","multiple","medium","What event led to Liechenstein adding a crown to its flag?","The 1936 Olympics","Coronation of Prince Johann I Joseph in 1805|Charles VI&#039;s decree in 1719|Signing of the 1862 Constitution of Liechtenstein"
"Sports","multiple","easy","Which two teams played in Super Bowl XLII?","The New York Giants &amp; The New England Patriots","The Green Bay Packers &amp; The Pittsburgh Steelers|The Philadelphia Eagles &amp; The New England Patriots|The Seattle Seahawks &amp; The Denver Broncos"
"General Knowledge","multiple","easy","How tall is the Burj Khalifa?","2,722 ft","2,717 ft|2,546 ft|3,024 ft"
"Entertainment: Television","multiple","hard","Prior to working at Wizards of the Coast, &quot;Mark Rosewater&quot; was a writer for which show?","Roseanne","Boy Meets World|The X-Files|NYPD Blue"
"Entertainment: Television","multiple","easy","What is the name of the main character in &quot;The Flash&quot; TV series?","Barry Allen","Oliver Queen|Bart Allen|Bruce Wayne"
"Entertainment: Music","multiple","medium","Which of these is NOT the name of an album released by Miami-based producer DJ Khaled?","Don&#039;t Ever Play Yourself","Major Key|Suffering From Success|I Changed A Lot"
"Vehicles","multiple","medium","When was Cadillac founded?","1902","1964|1898|1985"
"Entertainment: Music","multiple","medium","&quot;Lift Your Spirit&quot; is an album by which artist?","Aloe Blacc","Lena Meyer-Landrut|Stevie Wonder|Taylor Swift"
"Geography","multiple","easy","What name was historically used for the Turkish city currently known as Istanbul?","Constantinople","H&uuml;davendigar|S&ouml;ğ&uuml;t|Adrianople"
"History","multiple","easy","The Ottoman Empire was dissolved after their loss in which war?","World War I","Crimean War|Serbian Revolution|Second Balkan War"
"Politics","boolean","easy","Former president Theodore Roosevelt (1900-1908)  ran for another term under the Progressive Party in 1912.","True","False"
"Entertainment: Video Games","multiple","easy","Which &quot;Call Of Duty: Zombies&quot; map introduced the &quot;Staffs Of The Ancients&quot;?","Origins","Shangri-La|Revelations|Nuketown"
"Entertainment: Japanese Anime &amp; Manga","multiple","medium","In &quot;To Love-Ru: Darkness&quot;, which of the girls attempt making a harem for Rito Yuuki?","Momo Deviluke","Yami (Golden Darkness)|Haruna Sairenji|Mea Kurosaki"
"Science: Mathematics","boolean","medium","The set of all algebraic numbers is countable.","True","False"
"History","boolean","medium","In 1967, a magazine published a story about extracting hallucinogenic chemicals from bananas to raise moral questions about banning drugs.","True","False"
"History","multiple","hard","Which naval battle was considered the turning point of the Pacific Ocean Theater during World War 2?","Battle of Midway","Attack on Truk Island|Attack on Pearl Harbor|Battle of the Coral Sea"
"Entertainment: Comics","multiple","hard","When Batman trolls the online chat rooms, what alias does he use?","JonDoe297","iAmBatman|BWayne13|BW1129"
"Entertainment: Books","multiple","easy","Who wrote the young adult novel &quot;The Fault in Our Stars&quot;?","John Green","Stephenie Meyer|Suzanne Collins|Stephen Chbosky"
"Science: Gadgets","multiple","medium","What is the most significant side venture the popular firearms company, Remington, has pursued?","Typewriters","Blenders|Ceiling Fans|Door Knobs"
"Geography","multiple","medium","What is the largest non-continental island in the world?","Greenland","New Guinea|Borneo|Madagascar"
"Entertainment: Video Games","multiple","hard","The creation of the  Entertainment Software Ratings Board (ESRB) is often associated with Mortal Kombat and what FMV video game?","Night Trap","Sewer Shark|The Daedalus Encounter|Corpse Killer"
"Science &amp; Nature","multiple","medium","What is the lowest layer of the Earth&#039;s atmosphere named?","Troposphere","Stratosphere|Mesosphere|Thermosphere"
"Entertainment: Film","multiple","medium","Which of the following movies was not based on a book?","Citizen Kane","The Godfather|Forrest Gump|Jurassic Park"
"Science: Computers","boolean","medium","Linus Sebastian is the creator of the Linux kernel, which went on to be used in Linux, Android, and Chrome OS.","False","True"
"Entertainment: Music","boolean","medium","The 1969 Frank Sinatra Song &quot;My Way&quot; was ironically not written by him.","True","False"
"History","multiple","medium","In which year did the First World War begin?","1914","1930|1917|1939"
"Entertainment: Music","multiple","easy","&quot;Some people call me the space cowboy&quot; is the first line from what song?","The Joker","Fandango|Take The Money and Run|Fly Like an Eagle"
"Science: Gadgets","boolean","medium","The Western Electric Model 500 telephone uses tone dialing to dial phone numbers.","False","True"
"General Knowledge","multiple","medium","Which slogan did the fast food company, McDonald&#039;s, use before their &quot;I&#039;m Lovin&#039; It&quot; slogan?","We Love to See You Smile","Why Pay More!?|Have It Your Way|Making People Happy Through Food"
"Entertainment: Music","multiple","easy","Who had a 1969 top 5 hit with the song,  &#039;A Boy Named Sue&#039;?","Johnny Cash","Bob Dylan|Willie Nelson|Kris Kristofferson"
"Mythology","boolean","easy","In the Greek Mythology, the god of war is called Mars.","False","True"
"Entertainment: Music","multiple","medium","In which city did American rap producer DJ Khaled originate from?","Miami","New York|Detroit|Atlanta"
"Sports","multiple","easy","What team won the 2016 MLS Cup?","Seattle Sounders","Colorado Rapids|Toronto FC|Montreal Impact"
"Entertainment: Television","multiple","easy","In the television show Breaking Bad, what is the street name of Walter and Jesse&#039;s notorious product?","Blue Sky","Baby Blue|Rock Candy|Pure Glass"
"Entertainment: Comics","multiple","medium","In Black Hammer, what dimension does Colonel Weird travel through?","Para-Zone","Hyperspace|Mirror Universe|Phantom Zone"
"History","multiple","hard","The Bohemian Revolt (1618-1620) started after Protestants in Prague did what to their Catholic Lords Regents?","Threw them out of a window","Insulted their mothers|Locked them in stockades|Hung them."
"Entertainment: Cartoon &amp; Animations","multiple","easy","In the 1993 Disney animated series &quot;Bonkers&quot;, what is the name of Bonker&#039;s second partner?","Miranda Wright","Dick Tracy|Eddie Valiant|Dr. Ludwig von Drake"
"Animals","multiple","easy","The Kākāpō is a large, flightless, nocturnal parrot native to which country?","New Zealand","South Africa|Australia|Madagascar"
"Science &amp; Nature","multiple","hard","What is the standard SI unit for luminous intensity?","Candela","Lumen|Faraday|Coulomb"
"Entertainment: Music","multiple","easy","Which of these is NOT considered a woodwind instrument?","Trombone","Oboe|Clarinet|Bassoon"
"Geography","multiple","easy","How many countries does Mexico border?","3","2|4|1"
"Entertainment: Video Games","multiple","hard","Which one of the following titles by Valve is not based on a Community Mod?","Ricochet","Day of Defeat|Counter-Strike|Alien Swarm"
"Animals","multiple","hard","Which species is a &quot;mountain chicken&quot;?","Frog","Chicken|Horse|Fly"
"Entertainment: Video Games","boolean","medium","In the Disgaea series, any character can equip any weapon.","False","True"
"Entertainment: Video Games","multiple","hard","In &quot;Sonic the Hedgehog 3&quot; for the Sega Genesis, what is the color of the second Chaos Emerald you can get from Special Stages?","Orange","Blue|Green|Magenta"
"Entertainment: Board Games","multiple","easy","How many dice are used in the game of Yahtzee?","Five","Four|Six|Eight"
"Entertainment: Video Games","multiple","hard","In the Nintendo Game Splatoon 2, what is Marina&#039;s screen name?","DJ_Hyperfresh","MC.princess|Kidnotsquid123|I&lt;30ffTh3H00k"
"Entertainment: Japanese Anime &amp; Manga","multiple","medium","Which of the stands from &quot;JoJo&#039;s Bizarre Adventure&quot; mimics the likeness of a tomato?","Pearl Jam","Red Hot Chili Pepper|Cream Starter|Nut King Call"
"Celebrities","boolean","medium","Terry Gilliam is the only American member of the comedy troupe &quot;Monty Python.&quot;","True","False"
"Science &amp; Nature","multiple","hard","What is the same in Celsius and Fahrenheit?","-40","32|-39|-42"
"Entertainment: Board Games","multiple","hard","Some of the &quot;Fallen Empires&quot; cards from &quot;Magic: The Gathering&quot; were misprinted on the backs of which other card game?","Wyvern","Pokemon|Dominion|Yu-Gi-Oh"
"Art","multiple","easy","Which Van Gogh painting depicts the view from his asylum in Saint-R&eacute;my-de-Provence in southern France?","The Starry Night","Wheatfields with Crows|The Sower with Setting Sun|The Church at Auvers"
"Art","multiple","easy","Who painted the biblical fresco The Creation of Adam?","Michelangelo","Leonardo da Vinci|Caravaggio|Rembrandt"
"History","multiple","easy","Which of the following ancient peoples was NOT classified as Hellenic (Greek)?","Illyrians","Dorians|Achaeans|Ionians"
"Entertainment: Music","multiple","medium","Which country does the power metal band &quot;Sabaton&quot; originate from?","Sweden","Germany|United States|Finland"
"Sports","multiple","medium","With which team did Michael Schumacher make his Formula One debut at the 1991 Belgian Grand Prix?","Jordan","Benetton|Ferrari|Mercedes"
"General Knowledge","multiple","medium","In 2013 how much money was lost by Nigerian scams?","$12.7 Billion","$95 Million|$956 Million|$2.7 Billion"
"Geography","multiple","medium","Which country inside the United Kingdom does NOT appear on its flag, the Union Jack?","Wales","Scotland|Ireland|Isle of Wight"
"Entertainment: Film","multiple","hard","Which one of these films did David Lynch direct, but not write?","The Straight Story","Inland Empire|Lost Highway|Twin Peaks Fire Walk With Me"
"History","boolean","medium","Augustus was the cousin of Julius Caesar. ","False","True"
"History","multiple","easy","To what political party did Abraham Lincoln belong when elected POTUS?","Republican","Democrat|Independent|Whig"
"Entertainment: Film","multiple","medium","In the 2014 film &quot;Birdman&quot;, what is the primary instrument in the score?","Drums","Saxophone|Violin|Actual Live Birds Singing"
"General Knowledge","multiple","medium","Which of these is the name of a Japanese system of alternative medicine, literally meaning &quot;finger pressure&quot;?","Shiatsu","Ukiyo|Majime|Ikigai"
"General Knowledge","multiple","hard","What does the Latin phrase &quot;Veni, vidi, vici&quot; translate into English?","I came, I saw, I conquered","See no evil, hear no evil, speak no evil|Life, liberty, and happiness|Past, present, and future"
"Entertainment: Books","multiple","medium","What was the last message of the Dolphins in &quot;The Hitchhiker&#039;s Guide to the Galaxy&quot;?","&quot;So long, and thanks for all the fish.&quot;","&quot;The answer is 42.&quot;|&quot;Land of the brave.&quot;|&quot;Goodbye cruel world!&quot;"
"Entertainment: Video Games","multiple","easy","Which student in Yandere Simulator is known for asking irritating and stupid questions?","Midori Gurin","Kokona Hruka|Oka Ruto|Pipi Osu"
"Entertainment: Musicals &amp; Theatres","multiple","easy","In Shakespeare&#039;s play Julius Caesar, Caesar&#039;s last words were...","Et tu, Brute? ","Iacta alea est!|Vidi, vini, vici.|Aegri somnia vana."
"General Knowledge","multiple","hard","Which one of these Swedish companies was founded in 1943?","IKEA","H &amp; M|Lindex|Clas Ohlson"
"Science &amp; Nature","boolean","medium","Enthalpy is a measure of the energy that is not available for work during a thermodynamic process.","False","True"
"Entertainment: Film","multiple","easy","Who starred in the film 1973 movie &quot;Enter The Dragon&quot;?","Bruce Lee","Jackie Chan|Jet Li| Yun-Fat Chow"
"Entertainment: Video Games","multiple","easy","Who created the &quot;Metal Gear&quot; Series?","Hideo Kojima","Hiroshi Yamauchi|Shigeru Miyamoto|Gunpei Yokoi"
"Entertainment: Japanese Anime &amp; Manga","multiple","easy","In &quot;Inuyasha&quot;, what are the heros are looking to collect?","Jewel Shards","Dragon Balls|Rave Stones|Sacred Stones"
"Entertainment: Film","boolean","easy","In the movie The Revenant, DiCaprio&#039;s character hunts down the killer of his son.","True","False"
"Entertainment: Music","multiple","hard","What was the name of the cold-war singer who has a song in Grand Theft Auto IV, and a wall landmark in Moscow for his memorial?","Viktor Tsoi","Jimi Hendrix|Brian Jones|Vladimir Vysotsky"
"Entertainment: Video Games","boolean","hard","The video game &quot;Fuel&quot; has an open world that is 5,560 square miles?","True","False"
"Entertainment: Television","multiple","easy","How many seasons did the Sci-Fi television show &quot;Stargate Universe&quot; have?","2","10|5|3"
"Entertainment: Cartoon &amp; Animations","multiple","medium","In &quot;SpongeBob SquarePants&quot;, what is the name of Sandy Cheek&#039;s place of residence?","Sandy&#039;s Treedome","&quot;The Dome&quot;|Sandy&#039;s Bubble|Auquatic Reseach Centre"
"Science: Mathematics","multiple","hard","Integration is the reverse of what mathematical operation?","Derivation","Division|Standard Deviation|Multiplication"
"Entertainment: Video Games","multiple","medium","Which one of these games came out first?","Terraria","Minecraft|Starbound|Factorio"
"General Knowledge","multiple","easy","Virgin Trains, Virgin Atlantic and Virgin Racing, are all companies owned by which famous entrepreneur?   ","Richard Branson","Alan Sugar|Donald Trump|Bill Gates"
"History","multiple","easy","Pol Pot was the former dictator of which country?","Cambodia","Laos|North Korea|Vietnam"
"Entertainment: Video Games","multiple","medium","In the game Tom Clancy&#039;s Rainbow 6 Siege, what organization is Valkyrie from?","Navy Seals","S.A.S|G.I.G.N|F.B.I"
"Entertainment: Music","multiple","medium","In which year did &quot;Caravan Palace&quot; release their first album?","2008","2000|2015|2004"
"Entertainment: Japanese Anime &amp; Manga","multiple","easy","In the anime Noragami who is one of the main protagonists?","Yukine","Karuha|Mineha|Mayu"
"Entertainment: Film","boolean","medium","Sean Connery wasn&#039;t in &quot;Indiana Jones and the Kingdom of the Crystal Skull&quot; because he found retirement too enjoyable.","True","False"
"General Knowledge","multiple","hard","What was Bank of America originally established as?","Bank of Italy","Bank of Long Island|Bank of Pennsylvania|Bank of Charlotte"
"Entertainment: Japanese Anime &amp; Manga","multiple","medium","What colour hair does the main character of the Yu-Gi-Oh! original anime series have?","Red, black and yellow","Red, yellow and green|Red, black and green|Red, purple and blue"
"Entertainment: Video Games","multiple","hard","In the indie farming game &quot;Stardew Valley&quot;, which NPC hates the &quot;prismatic shard&quot; item when received as a gift?","Haley","Abigail |Elliott|Lewis"
"Entertainment: Video Games","boolean","easy","Codemasters is the developer of the Gran Turismo series.","False","True"
"Entertainment: Cartoon &amp; Animations","multiple","easy","In South Park, what is Stan&#039;s surname?","Marsh","Stotch|Broflovski|Tweak"
"Science &amp; Nature","multiple","medium","What is the largest living organism currently known to man?","Honey Fungus","Blue Whale|Redwood Tree|The Coral Reef"
"General Knowledge","multiple","easy","What does the &#039;S&#039; stand for in the abbreviation SIM, as in SIM card? ","Subscriber","Single|Secure|Solid"
"Geography","multiple","medium","What are the four corner states of the US?","Utah, Colorado, Arizona, New Mexico","Oregon, Idaho, Nevada, Utah|Kansas, Oklahoma, Arkansas, Louisiana|South Dakota, Minnesota, Nebraska, Iowa"
"Entertainment: Video Games","multiple","easy","In which mall does &quot;Dead Rising&quot; take place?","Willamette Parkview Mall","Liberty Mall|Twin Pines Mall|Central Square Shopping Center"
"General Knowledge","multiple","medium","What is real haggis made of?","Sheep&#039;s Heart, Liver and Lungs","Sheep&#039;s Heart, Kidneys and Lungs|Sheep&#039;s Liver, Kidneys and Eyes|Whole Sheep"
"Entertainment: Music","multiple","medium","The song &quot;Twin Size Mattress&quot; was written by which band?","The Front Bottoms","Twenty One Pilots|The Wonder Years|The Smith Street Band"
"General Knowledge","multiple","easy","What company developed the vocaloid Hatsune Miku?","Crypton Future Media","Sega|Sony|Yamaha Corporation"
"Entertainment: Japanese Anime &amp; Manga","multiple","hard","Which of these anime have over 7,500 episodes?","Sazae-san","Naruto|One Piece|Chibi Maruko-chan"
"History","multiple","medium","Which country attacked the USS Liberty on June 8, 1967?","Israel","Syria|Saudi Arabia|Iran"
"Entertainment: Video Games","boolean","easy","In &quot;Sonic Adventure&quot;, you are able to transform into Super Sonic at will after completing the main story.","False","True"
"Entertainment: Film","multiple","medium","Which DC superhero was NOT included in the 2017 movie &quot;Justice League&quot;?","Green Arrow","Batman|Cyborg|Wonder Woman"
"Art","boolean","medium","Vincent van Gogh cut off one of his ears.","True","False"
"Entertainment: Video Games","multiple","medium","Which of the following was not developed by Bethesda?","Fallout: New Vegas","Fallout 3|The Elder Scrolls V: Skyrim|Fallout 4"
"Entertainment: Video Games","multiple","medium","Final Fantasy VI was originally released outside Japan under what name?","Final Fantasy III","Final Fantasy VI|Final Fantasy V|Final Fantasy II"
"Entertainment: Music","multiple","medium","In August 1964, who introduced the Beatles to cannabis?","Bob Dylan","Jim Morrison|Brian Epstein|Jerry Garcia"
"Entertainment: Japanese Anime &amp; Manga","multiple","medium","In the anime series &quot;Full Metal Alchemist&quot;, what do Alchemists consider the greatest taboo?","Human Transmutation ","Transmuting Lead Into Gold|Using Alchemy For Crime |Preforming Without A Permit"
"History","multiple","medium","What was the name of the planned invasion of Japan towards the end of World War II?","Operation Downfall","Operation Boarding Party|Operation Ironclad|Operation Aflame"
"Entertainment: Music","multiple","easy","What is the name of Rivers Cuomo&#039;s wife?","Kyoko Ito","Yoko Ono|Kyary Pamyu Pamyu|LiSA"
"Entertainment: Video Games","multiple","medium","What is the main character&#039;s name in &quot;Braid&quot;?","Tim","Boregard|James|Jackson"
"General Knowledge","multiple","medium","What is the unit of currency in Laos?","Kip","Ruble|Konra|Dollar"
"History","multiple","medium","What was the bloodiest single-day battle during the American Civil War?","The Battle of Antietam","The Siege of Vicksburg|The Battle of Gettysburg|The Battles of Chancellorsville"
"Entertainment: Comics","multiple","easy","What&#039;s the race of Invincible&#039;s father?","Viltrumite","Kryptonian|Kree|Irken"
"Science &amp; Nature","multiple","easy","How many planets make up our Solar System?","8","7|9|6"
"Science: Computers","multiple","easy","The series of the Intel HD graphics generation succeeding that of the 5000 and 6000 series (Broadwell) is called:","HD Graphics 500","HD Graphics 700 |HD Graphics 600|HD Graphics 7000"
"General Knowledge","boolean","easy","When you cry in space, your tears stick to your face.","True","False"
"Entertainment: Video Games","multiple","easy","Who is the main protagonist in the &#039;Ratchet and Clank&#039; game series?","Ratchet","Clank|Captin Qwark|Dr Nefarious"
"Entertainment: Video Games","multiple","easy","In World of Warcraft, What was the name of the spell that caused a plague that famously killed millions of players in 2005?","Corrupted Blood","Necrotic Plague|Unbound Infestation|Mutated Infection"
"History","boolean","easy","Adolf Hitler was a german soldier in World War I.","True","False"
"Vehicles","multiple","easy","What are the cylinder-like parts that pump up and down within the engine?","Pistons","Leaf Springs|Radiators|ABS"
"Vehicles","multiple","hard","Which of these is NOT a car model produced by Malaysian car manufacturer Proton?","Kelisa","Saga|Perdana|Inspira"
"Geography","multiple","hard","What is the name of rocky region that spans most of eastern Canada?","Canadian Shield","Rocky Mountains|Appalachian Mountains|Himalayas"
"Entertainment: Video Games","multiple","medium","In the &quot;S.T.A.L.K.E.R.&quot; series, which of these items can&#039;t be used to lower the player&#039;s accumulated radiation?","Radioprotectant","Anti-rad|Medkit|Vodka"
"Entertainment: Video Games","multiple","hard","In the Animal Crossing series, which flower is erroneously called the &quot;Jacob&#039;s Ladder&quot;?","Lily of the Valley","Hydrangea|Harebell|Yarrow"
"Entertainment: Film","multiple","hard","In what Disney movie can you spot the character &quot;Pac-Man&quot; in if you look closely enough in some scenes?","Tron","Big Hero 6|Fantasia|Monsters, Inc."
"Entertainment: Musicals &amp; Theatres","multiple","medium","The World Chess Championship in Chess, Act 1 is set in which Italian city?","Merano","Venice|Milan|Rome"
"Entertainment: Video Games","boolean","hard","In &quot;Call Of Duty: World At War&quot;, the first appearance of the &quot;PPSH-41&quot; in &quot;Zombies&quot; was in the map &quot;Der Riese&quot;.","False","True"
"History","multiple","hard","After the 1516 Battle of Marj Dabiq, the Ottoman Empire took control of Jerusalem from which sultanate?","Mamluk","Ayyubid|Ummayyad|Seljuq"
"Entertainment: Books","multiple","medium","What is the name of the gang that Ponyboy is a part of in the book, The Outsiders?","The Greasers","The Outsiders|The Mafia|The Socs"
"Animals","boolean","easy","The Axolotl is an amphibian that can spend its whole life in a larval state.","True","False"
"Entertainment: Video Games","multiple","medium","When was Final Fantasy XV released?","November 29th, 2016","October 25th, 2016|December 31th, 2016|November 30th, 2016"
"Entertainment: Japanese Anime &amp; Manga","boolean","easy","The anime &quot;Lucky Star&quot; follows the story of one girl who is unaware she is God.","False","True"
"Geography","boolean","easy","Vatican City is a country.","True","False"
"Entertainment: Video Games","multiple","medium","In the Super Mario Bros. series, what game is the  &quot;Carrot&quot; power-up from?","Super Mario Land 2: The 6 Golden Coins","Super Mario World|Super Mario Land|Super Mario 3D Land"
"Entertainment: Japanese Anime &amp; Manga","boolean","hard","The protagonist in &quot;Humanity Has Declined&quot; has no discernable name and is simply referred to as &#039;I&#039; for most of the series.","True","False"
"Art","multiple","hard","What was the major distinction between the English and French Gothic styles of architecture?","Fan vaulting","Pinnacles|Gargoyles|Hemispherical Domes"
"Geography","multiple","hard","What is the capital of Mauritius?","Port Louis","Port Moresby|Port Vila|Port-au-Prince"
"Science &amp; Nature","multiple","medium","What is radiation measured in?","Gray ","Watt|Decibel|Kelvin"
"Science: Computers","multiple","hard","Which of these Cherry MX mechanical keyboard switches is both tactile and clicky?","Cherry MX Blue","Cherry MX Black|Cherry MX Red|Cherry MX Brown"
"Entertainment: Video Games","multiple","easy","How many Chaos Emeralds are there in the &quot;Sonic the Hedgehog&quot; universe?","7","6|8|14"
"Entertainment: Film","boolean","medium","There aren&#039;t any live-action clones in &quot;Star Wars: Episode III - Revenge of the Sith&quot;.","True","False"
"Sports","boolean","medium","Soccer player Cristiano Ronaldo opened a museum dedicated to himself.","True","False"
"Politics","multiple","medium","What country saw a world record 315 million voters turn out for elections on May 20, 1991?","India","United States of America|Soviet Union|Poland"
"Entertainment: Video Games","multiple","easy","Which of these video game engines was made by the company Epic Games?","Unreal","Unity|Game Maker: Studio|Cry Engine"
"Geography","multiple","medium","What is the capital of Belarus?","Minsk","Warsaw|Kiev|Vilnius"
"Entertainment: Film","multiple","easy","In Big Hero 6, what fictional city is the Big Hero 6 from?","San Fransokyo","San Tokyo|Tokysisco|Sankyo"
"Entertainment: Video Games","multiple","easy","Which of the following Zelda games did not feature Ganon as a final boss?","Majora&#039;s Mask","Ocarina of Time|Skyward Sword|Breath of the Wild"
"General Knowledge","multiple","medium","Which of the following Ivy League universities has its official motto in Hebrew as well as in Latin?","Yale University","Princeton University|Harvard University|Columbia University"
"Entertainment: Music","multiple","medium","Which of the following bands is Tom DeLonge not a part of?","+44","Box Car Racer|Blink-182|Angels &amp; Airwaves"
"Science &amp; Nature","multiple","medium","How many degrees Fahrenheit is 100 degrees Celsius? ","212","326|100|451"
"General Knowledge","multiple","medium","Which essential condiment is also known as Japanese horseradish?","Wasabi ","Mentsuyu|Karashi|Ponzu"
"Entertainment: Video Games","multiple","medium","Which of the following Terran units from the RTS game Starcraft was first introduced in the expansion Brood War?","Medic","Wraith|Science Vessel|SCV"
"Entertainment: Television","boolean","medium","In &quot;Star Trek&quot;, Klingons respect William Shakespeare, they even suspect him having a Klingon lineage.","True","False"
"Mythology","multiple","easy","What mythology did the god &quot;Apollo&quot; come from?","Greek and Roman","Roman and Spanish|Greek and Chinese|Greek, Roman and Norse"
"History","multiple","easy","Which German field marshal was known as the `Desert Fox`?","Erwin Rommel","Ernst Busch|Wolfram Freiherr von Richthofen|Wilhelm List"
"Entertainment: Video Games","multiple","easy","In Night In The Woods, where does Gregg work?","Snack Falcon","Ol&#039; Pickaxe|Video Outpost &quot;Too&quot;|Food Donkey"
"Entertainment: Books","multiple","medium","Mary Shelley is the author of what classic horror story?","Frankenstein","Dracula|Strange Case of Dr Jekyll and Mr Hyde|The Legend of Sleepy Hollow"
"General Knowledge","multiple","easy","When one is &quot;envious&quot;, they are said to be what color?","Green","Red|Blue|Yellow"
"Entertainment: Video Games","multiple","hard","Who is the victim mentioned in the second KG-8 incident, in Ace attorney Investigations, Case 4?","Deid Mann","Frank Sahwit|Shey De Killer|Raymond Shields"
"Entertainment: Video Games","multiple","medium","In Need For Speed: Most Wanted (2005), how many people are there to defeat on the blacklist?","15","5|10|20"
"Science: Gadgets","multiple","easy","Which virtual assistant is developed by Amazon?","Alexa","Google Assistant|Siri|Cortana"
"Entertainment: Film","multiple","medium","Which one of these action movies are shot entirely in one take?","Victoria","Ip Man 2|The Bourne Legacy|L&eacute;on: The Professional"
"History","boolean","hard","The Battle of Trafalgar took place on October 23rd, 1805","False","True"
"Science: Computers","multiple","easy","On Twitter, what was the original character limit for a Tweet?","140","120|160|100"
"Entertainment: Video Games","multiple","medium","In Splatoon 2&#039;s Hero Mode, which agent does the player take the role of?","Agent 4","Agent 1|Agent 2|Agent 3"
"Entertainment: Film","multiple","easy","At the end of the 2001 film &quot;Rat Race&quot;, whose concert do the contestants crash?","Smash Mouth","Bowling for Soup|Sum 41|Linkin Park"
"Entertainment: Books","multiple","medium","In Terry Pratchett&#039;s Discworld novel &#039;Wyrd Sisters&#039;, which of these are not one of the three main witches?","Winny Hathersham","Granny Weatherwax|Nanny Ogg|Magrat Garlick"
"Entertainment: Video Games","multiple","hard","What is the name of your team in Star Wars: Republic Commando?","Delta Squad","The Commandos|Bravo Six|Vader&#039;s Fist"
"Sports","multiple","easy","What is the most common type of pitch thrown by pitchers in baseball?","Fastball","Slowball|Screwball|Palmball"
"Entertainment: Music","multiple","medium","Which artist or group did John Lennon consider &quot;son(s) of the Beatles&quot;?","Jeff Lynne&#039;s Electric Light Orchestra","The Rolling Stones|Pink Floyd|The Who"
"Science: Computers","multiple","hard","Australia, Japan, and Southeast Asia are in which ITU Region?","Region 3","Region 1|Region 2|Region 4"
"Entertainment: Film","multiple","medium","What is the name of the Artificial Intelligence system in the 1983 film, &quot;WarGames&quot;?","War Operation Plan Response","Self Evolving Thought Helix|Master Control Program|West Campus Analog Computer"
"Politics","boolean","hard","George Clinton, Vice President of the United States (1805-1812), is an ancestor of President Bill Clinton.","False","True"
"Entertainment: Film","multiple","easy","Who in Pulp Fiction says &quot;No, they got the metric system there, they wouldn&#039;t know what the f*** a Quarter Pounder is.&quot;","Vincent Vega","Jules Winnfield|Jimmie Dimmick|Butch Coolidge"
"Entertainment: Video Games","multiple","medium","In Minecraft, how many items can a single piece of coal smelt when used in a furnace?","8","12|10|6"
"Sports","multiple","easy","Which country hosted the 2022 FIFA World Cup?","Qatar","USA|Japan|Switzerland"
"General Knowledge","multiple","medium","The Mexican Beer &quot;Corona&quot; is what type of beer?","Pale Lager","India Pale Ale|Pilfsner|Baltic Porter"
"Entertainment: Musicals &amp; Theatres","multiple","medium","In which Shakespeare play does the character Marcellus say, &quot;Something is rotten in the state of Denmark&quot;?","Hamlet","Macbeth|King Lear|Twelfth Night"
"Geography","multiple","medium","Which of these Japanese islands is the largest by area?","Shikoku","Iki|Odaiba|Okinawa"
"Science: Mathematics","multiple","medium","What is the first Mersenne prime exponent over 1000?","1279","2203|1009|1069"
"General Knowledge","multiple","medium","What is the name of the very first video uploaded to YouTube?","Me at the zoo","tribute|carrie rides a truck|Her new puppy from great grandpa vern."
"Geography","multiple","easy","Which US state is nicknamed &quot;The Golden State&quot;?","California","Florida|New Mexico|Alaska"
"Entertainment: Video Games","multiple","medium","Which character is from &quot;Splatoon&quot;?","Marie","Cyrus|Palutena|Shulk"
"Science: Computers","multiple","easy","The Electron computer was released in Britain during 1983 for the home computing market, by which company? ","Acorn Computers","Sinclair Research|Amstrad PLC|Commodore Business Machines"
"Entertainment: Music","multiple","easy","Which year was the album &quot;Year of the Snitch&quot; by Death Grips released?","2018","2013|2017|2011"
"Geography","multiple","hard","Where is the fast food chain &quot;Panda Express&quot; headquartered?","Rosemead, California","Sacramento, California|Fresno, California|San Diego, California"
"Entertainment: Video Games","multiple","medium","During the events of Half-Life: Opposing Force, what is the age of Adrian Shephard, the protagonist?","22","23|21|24"
"Entertainment: Japanese Anime &amp; Manga","boolean","easy","In the &quot;Melancholy of Haruhi Suzumiya&quot; series, the narrator goes by the nickname Kyon.","True","False"
"Entertainment: Music","boolean","medium","For his performance at ComplexCon 2016 in Long Beach, California, Skrillex revived his &quot;Mothership&quot; set piece for one night only.","True","False"
"General Knowledge","boolean","easy","On average, at least 1 person is killed by a drunk driver in the United States every hour.","True","False"
"Geography","multiple","easy","How many stars are featured on New Zealand&#039;s flag?","4","5|2|0"
"Entertainment: Japanese Anime &amp; Manga","boolean","hard","Druid is a mage class in &quot;Log Horizon&quot;.","False","True"
"Entertainment: Video Games","multiple","medium","In the game &quot;Terraria&quot;, which of these bosses are pre-hardmode bosses?","Eye of Cthulhu","Plantera|Skeletron Prime|The Destroyer"
"Science &amp; Nature","multiple","easy","What is the standard atomic weight of a Plutonium nucleus?","244","94|481|128"
"General Knowledge","multiple","hard","What is the romanized Korean word for &quot;heart&quot;?","Simjang","Aejeong|Jeongsin|Segseu"
"Entertainment: Video Games","multiple","easy","Which Sonic the Hedgehog game was originally supposed to be packaged with Sonic 3, but was cut in half due to time constraints?","Sonic &amp; Knuckles","Sonic 2|Sonic CD|Sonic 3D Blast"
"Entertainment: Film","multiple","hard","Which boxer was famous for striking the gong in the introduction to J. Arthur Rank films?","Bombardier Billy Wells","Freddie Mills|Terry Spinks|Don Cockell"
"Science &amp; Nature","multiple","easy","What is the thin, outermost layer of the Earth?","Crust","Exosphere|Mantle|Outer Core"
"Entertainment: Video Games","multiple","hard","Where are Terror Fiends more commonly found in the Nintendo game Miitopia?","New Lumos","Peculia|The Sky Scraper|Otherworld"
"Entertainment: Cartoon &amp; Animations","multiple","medium","Which one of these cartoon characters is NOT voiced by Rob Paulsen?","Max Tennyson (Ben 10)","Carl Wheezer (Jimmy Neutron)|Yakko Warner (Animaniacs)|The Mask (The Mask, TV Series)"
"Science: Computers","multiple","medium","Which one of these is not an official development name for a Ubuntu release?","Mystic Mansion","Trusty Tahr|Utopic Unicorn|Wily Werewolf"
"Entertainment: Music","multiple","medium","Which French duo had UK hits in 1998 with the songs &#039;Sexy Boy&#039;, &#039;Kelly Watch The Stars&#039; &amp; &#039;All I Need&#039;?","Air","Fire|Earth|Water"
"Entertainment: Music","multiple","medium","What is rapper Drake&#039;s real name?","Aubrey Graham","Shaun Carter|Dwayne Carter|Andre Young"
"Entertainment: Television","multiple","medium","Who was the winner of the 2016 WWE Royal Rumble?","Triple H","Roman Reigns|AJ Styles|Dean Ambrose"
"Geography","multiple","medium","How many independent countries are there within the continent of South America?","12","8|9|10"
"Entertainment: Books","multiple","medium","In Rudyard Kipling&#039;s &quot;The Jungle Book&quot;, what type of snake was Kaa?","Python","Cobra|Anaconda|Viper"
"Sports","multiple","medium","Which team was the 2015-2016 NBA Champions?","Cleveland Cavaliers","Golden State Warriors|Toronto Raptors|Oklahoma City Thunders"
"Entertainment: Video Games","multiple","medium","In Portal 2, the iconic character GLaDOS is turned into:","A potato","A tomato|A lemon|An apple"
"Entertainment: Television","multiple","easy","Which of these Disney shows is classified as an anime?","Stitch!","Cory in the House|The Emperor&#039;s New School|Hannah Montana"
"Entertainment: Video Games","boolean","medium","TF2: The Heavy&#039;s voice actor, Gary Schwartz, voices the Demoman as well ","True","False"
"Celebrities","boolean","hard","Lady Gaga&#039;s real name is Stefani Joanne Angelina Germanotta.","True","False"
"Science &amp; Nature","multiple","hard","What is the molecular formula of Glucose?","C6H12O6","C2H4O2|K+|CH4"
"Sports","multiple","easy","Which driver has been the Formula 1 world champion for a record 7 times?","Michael Schumacher","Ayrton Senna|Fernando Alonso|Jim Clark"
"Entertainment: Japanese Anime &amp; Manga","multiple","easy","In the anime Seven Deadly Sins what is the name of one of the sins?","Diane","Sakura|Ayano|Sheska"
"Entertainment: Music","multiple","medium","What was Raekwon the Chefs debut solo album?","Only Built 4 Cuban Linx","Shaolin vs Wu-Tang|The Wild|The Lex Diamond Story"
"Celebrities","multiple","easy","What was James Coburn&#039;s last film role before his death?","American Gun","Monsters Inc|Texas Rangers|Snow Dogs"
"Geography","boolean","easy","California is larger than Japan.","True","False"
"Entertainment: Video Games","multiple","easy","Which popular First Person Shooter (FPS) franchise, got a Real Time Strategy (RTS) game developed based on its universe?","Halo","Battlefield|Call of Duty|Borderlands"
"Entertainment: Video Games","multiple","medium","What year was the video game streaming platform TwitchTV founded?","2011","2012|2010|2014"
"Entertainment: Cartoon &amp; Animations","multiple","easy","Which &#039;Family Guy&#039; character got his own spin-off show in 2009?","Cleveland Brown","Glenn Quagmire|Joe Swanson|The Greased-up Deaf Guy"
"Entertainment: Film","multiple","medium","What is the name of the character Nicolas Cage plays in the movie &quot;National Treasure?&quot;","Benjamin Franklin Gates","Thomas Jefferson Walker|George Washington Swanson|John Quincy Beckett"
"Entertainment: Film","multiple","medium","Which of the following is NOT a quote from the 1942 film Casablanca? ","&quot;Frankly, my dear, I don&#039;t give a damn.&quot;","&quot;Here&#039;s lookin&#039; at you, kid.&quot;|&ldquo;Of all the gin joints, in all the towns, in all the world, she walks into mine&hellip;&rdquo;|&quot;Round up the usual suspects.&quot;"
"Entertainment: Video Games","multiple","easy","How many flagship monsters appear in Monster Hunter Gernerations?","4","1|2|3"
"Entertainment: Music","multiple","medium","Which popular rock band has a one-armed drummer?","Def Leppard","The Beatles|Lynyrd Skynyrd|Foreigner"
"Entertainment: Music","multiple","medium","From which country does the piano originate?","Italy","Germany|Austria|France"
"Entertainment: Video Games","multiple","hard","Which drive form was added into Kingdom Hearts II Final Mix?","Limit Form","Valor Form|Wisdom Form|Anti Form"
"Entertainment: Film","multiple","easy","Who is the main protagonist in, the 1985 film, Back to the Future?","Marty McFly","Emmett &quot;Doc&quot; Brown|Biff Tannen|George McFly"
"Science: Computers","multiple","hard","What is the name given to layer 4 of the Open Systems Interconnection (ISO) model?","Transport","Session|Data link|Network"
"Art","multiple","easy","Who painted the Sistine Chapel?","Michelangelo","Leonardo da Vinci|Pablo Picasso|Raphael"
"Entertainment: Video Games","multiple","easy","In &quot;Yo! Noid 2,&quot; The Noid can perform what special move?","Dab","Pizza Throw|Dodge Roll|Spin Dash"
"Entertainment: Video Games","multiple","easy","In &quot;Call Of Duty: Zombies&quot;, what is the name of the machine that upgrades weapons?","Pack-A-Punch","Wunderfizz|Gersch Device|Mule Kick"
"Science &amp; Nature","multiple","medium","In human biology, a circadium rhythm relates to a period of roughly how many hours?","24","8|16|32"
"Vehicles","boolean","easy","The Honda Motor Corporation originates in Japan","True","False"
"General Knowledge","boolean","easy","The Lego Group was founded in 1932.","True","False"
"Sports","boolean","medium","The first episode of WWF Monday Night RAW aired on January 11, 1990.","False","True"
"Vehicles","multiple","hard","How much horsepower is produced by the SD40-2 Locomotive?","3,000","3,200|2,578|2,190"
"Entertainment: Cartoon &amp; Animations","multiple","easy","In My Little Pony, what is the name of Applejack&#039;s younger sister?","Apple Bloom","Red Delicious|Apple Sweets|Apple Fritter"
"Entertainment: Comics","multiple","easy","In &quot;Homestuck&quot; what is Dave Strider&#039;s guardian?","Bro","Becquerel|Doc Scratch|Halley"
"Entertainment: Books","multiple","medium","What was the name of the Mysterious Island, in Jules Verne&#039;s &quot;The Mysterious Island&quot;?","Lincoln Island","Vulcania Island|Prometheus Island|Neptune Island"
"Entertainment: Board Games","multiple","medium","Which of the following tabletop games is the oldest?","Go","Chess|Mahjong|Shogi"
"Entertainment: Video Games","multiple","hard","In Monster Hunter Generations, which of these hunter arts are exclusive to the Longsword?","Unhinged Spirit","Shoryugeki|Provoke|Demon Riot"
"Entertainment: Video Games","multiple","medium","In Portal, what color is the Intelligence Core?","Blue","Purple|Red|Orange"
"Entertainment: Japanese Anime &amp; Manga","multiple","medium","The heroine of &quot;Humanity Has Declined&quot; is a mediator between humans and what?","Fairies","Elves|The Earth|Animals"
"Entertainment: Television","multiple","medium","Who co-founded the YouTube Let&#039;s Play channel &quot;Game Grumps&quot; alongside Newgrounds animator Egoraptor?","JonTron","Pewdiepie|Tobuscus|Markiplier"
"Entertainment: Board Games","boolean","medium","In the game &quot;Racko&quot; you may pick up ANY card from the discard pile.","False","True"
"Entertainment: Music","multiple","easy","Finish these lyrics from the 2016 song &quot;Panda&quot; by Desiigner: &quot;I got broads in _______&quot;.","Atlanta","Savannah|Augusta|Marietta"
"Entertainment: Music","multiple","medium","What is the real name of American rapper Pitbull?","Armando Christian P&eacute;rez","Ram&oacute;n Luis Ayala Rodr&iacute;guez|Benito Antonio Martinez Ocasio|Belcalis Marlenis Alm&aacute;nzar"
"Entertainment: Video Games","multiple","medium","In Fallout 4, which type of power armor is first encountered in the early mission &quot;When Freedom Calls&quot; in a crashed Vertibird?","T-45","T-51|T-60|X-01"
"Entertainment: Books","multiple","medium","By what nickname is Jack Dawkins known in the Charles Dickens novel, &#039;Oliver Twist&#039;?","The Artful Dodger","Fagin|Bull&rsquo;s-eye|Mr. Fang"
"Entertainment: Film","multiple","medium","Which documentary film maker wrote and starred in the film &quot;My Scientology Movie&quot; which first debuted in 2015?","Louis Theroux","Errol Morris|Joe Berlinger|Adam Curtis"
"Entertainment: Video Games","multiple","medium","In what engine was Titanfall made in?","Source Engine","Frostbite 3|Unreal Engine|Cryengine"
"History","multiple","medium","Which of these countries was sea charted in 1500 by the Portuguese maritime explorations?","Brazil","India|Mozambique|Madagascar"
"Entertainment: Video Games","multiple","hard","In &quot;Sonic the Hedgehog 2&quot; for the Sega Genesis, what do you input in the sound test screen to access the secret level select?","The Lead Programmer&#039;s birthday","The first release date of &quot;Sonic the Hedgehog&quot;|The date Sonic Team was founded|The first release date of &quot;Sonic the Hedgehog 2&quot;"
"History","multiple","medium","The Battle of the Somme in World War I took place in which country?","France","Germany|Italy|Austria"
"Entertainment: Music","multiple","medium","Which band had hits in 1972 with the songs &quot;Baby I&#039;m A Want You&quot;, &quot;Everything I Own&quot; and &quot;The Guitar Man&quot;","Bread","America|Chicago|Smokie"
"Entertainment: Television","multiple","hard","In Star Trek, what is the name of Spock&#039;s father?","Sarek","Tuvok|T&#039;Pal|Surak"
"Entertainment: Film","multiple","hard","In Big Hero 6, what were Baymax&#039;s motions modeled after?","Baby penguins","Baby monkeys|Baby ostriches|Baby bears"
"Entertainment: Video Games","multiple","medium","What is the name of the creature that the main character befriends in &quot;The Last Guardian&quot;?","Trico","Nico|Wolf|Andazi"
"Animals","multiple","hard","What bird is born with claws on its wing digits?","Hoatzin","Cormorant|Cassowary|Secretary bird"
"Entertainment: Video Games","multiple","medium","In the 1980s, a service called Gameline allowed users to download games to what console?","Atari 2600","Sega Genesis|Nintendo Entertainment System|ColecoVision"
"Mythology","multiple","medium","The Hippogriff, not to be confused with the Griffon, is a magical creature with the front half of an eagle, and the back half of what?","A Horse","A Dragon|A Tiger|A Lion"
"Entertainment: Film","boolean","medium","Stanley Kubrick&#039;s &quot;Dr. Strangelove&quot; (1964) originally ended with a large pie fight in the war room.","True","False"
"Science: Gadgets","boolean","easy","The communication protocol NFC stands for Near-Field Control.","False","True"
"Entertainment: Comics","multiple","hard","In the &quot;Archie&quot; comics, who was Jughead&#039;s first girlfriend?","Joani","Ethel|Debbi|Margret"
"Sports","multiple","easy","Which player holds the NHL record of 2,857 points?","Wayne Gretzky","Mario Lemieux |Sidney Crosby|Gordie Howe"
"General Knowledge","boolean","easy","All strawberries are red.","False","True"
"Entertainment: Video Games","multiple","hard","What is the default name of the Vampire character in &quot;Shining Soul 2&quot;.","Bloodstar","Sachs|Dracuul|Alucard"
"Entertainment: Video Games","multiple","easy","In &quot;Call Of Duty: Zombies&quot;, what is the name of the Pack-A-Punched Crossbow?","Awful Lawton","Longinus|V-R11|Predator"
"Entertainment: Music","multiple","medium","What year was Red Hot Chill Pepper&#039;s album &quot;Californication&quot; released?","1999","1997|2000|1992"
"General Knowledge","boolean","medium","The vapor produced by e-cigarettes is actually water.","False","True"
"Entertainment: Video Games","multiple","easy","Which of these is NOT a main playable character in &quot;Grand Theft Auto V&quot;?","Lamar","Trevor|Michael|Franklin"
"Entertainment: Musicals &amp; Theatres","multiple","easy","Which Shakespeare play inspired the musical &#039;West Side Story&#039;?","Romeo &amp; Juliet","Hamlet|Macbeth|Othello"
"General Knowledge","multiple","hard","In &quot;Battle Cats&quot;, what is Moneko / MISS Moneko&#039;s critical percentage rate?","15%","20%|10%|25%"
"General Knowledge","multiple","easy","What machine element is located in the center of fidget spinners?","Bearings","Axles|Gears|Belts"
"Entertainment: Video Games","multiple","medium","Which pop singer was brought in by SEGA to produce the music for &quot;Sonic the Hedgehog 3&quot;?","Michael Jackson ","Prince|George Michael|Vanilla Ice "
"Entertainment: Video Games","multiple","hard","In Disney&#039;s &quot;Toontown Online&quot;, which of these species wasn&#039;t available as a Toon?","Cow","Monkey|Bear|Pig"
"Entertainment: Musicals &amp; Theatres","boolean","hard","The protagonist&#039;s names in &#039;Who&#039;s Afraid of Virginia Woolf&#039;, George and Martha, were derived from George Washington and his wife.","True","False"
"Entertainment: Video Games","multiple","medium","In Minecraft, which of these ingredients is needed to brew a Potion of Water Breathing?","Pufferfish","Ink sac|Pumpkin|Fishing rod"
"Entertainment: Video Games","multiple","easy","What is the name of &quot;Team Fortress 2&quot; update, in which it became Free-to-play?","&Uuml;ber Update","Pyromania Update|Mann-Conomy Update|Engineer Update"
"Entertainment: Music","multiple","hard","Which artists&#039; version of the song &quot;The Tide is High&quot; came first?","The Paragons","Blondie|Kardinal Offishall|Atomic Kitten"
"Science: Computers","multiple","easy","What programming language was GitHub written in?","Ruby","JavaScript|Python|Lua"
"History","boolean","easy","Kublai Khan is the grandchild of Genghis Khan?","True","False"
"Entertainment: Music","boolean","hard","The band STRFKR was also briefly known as Pyramiddd.","True","False"
"Geography","multiple","medium","Which English county will you find the University of East Anglia?","Norfolk","Suffolk|Essex|Cambridgeshire"
"Entertainment: Music","multiple","easy","Which Beatles album does NOT feature any of the band members on it&#039;s cover?","The Beatles (White Album)","Rubber Soul|Abbey Road|Magical Mystery Tour"
"Entertainment: Video Games","multiple","easy","If a &quot;360 no-scope&quot; is one full rotation before shooting, how many rotations would a &quot;1080 no-scope&quot; be?","3","4|2|5"
"Science: Computers","multiple","easy","This mobile OS held the largest market share in 2012.","iOS","Android|BlackBerry|Symbian"
"General Knowledge","multiple","easy","In aerodynamics, which force pushes an object upwards?","Lift","Drag|Weight|Thrust"
"Entertainment: Television","multiple","hard","What&#039;s Dr. Doofenshmirtz first name?","Heinz","Hans|Hank|Heidi"
"Geography","multiple","hard","The Maluku islands (informally known as the Spice Islands) belong to which country?","Indonesia","Chile|New Zealand|Fiji"
"Entertainment: Television","multiple","medium","What was the name of Ross&#039; pet monkey on &quot;Friends&quot;?","Marcel","Jojo|George|Champ"
"Entertainment: Video Games","multiple","hard","In Geometry Dash, what is level 13?","Electroman Adventures","Theory of Everything|Clubstep |Clutterfunk"
"Entertainment: Music","multiple","easy","Which country does the band Rammstein hail from?","Germany","Austria|Armenia|Belgium"
"Entertainment: Video Games","multiple","medium","In World of Warcraft lore,  how many siblings does Sylvanas Windrunner have?","3","2|4|1"
"Entertainment: Books","multiple","medium","In Alice in Wonderland, what is the name of Alice&#039;s kitten?","Dinah","Oscar|Heath|Smokey"
"Science: Computers","multiple","medium","Nvidia&#039;s headquarters are based in which Silicon Valley city?","Santa Clara","Palo Alto|Cupertino|Mountain View"
"Science: Gadgets","multiple","hard","Which of the following cellular device companies is NOT headquartered in Asia?","Nokia","LG Electronics|Samsung|HTC"
"Science: Mathematics","boolean","medium","A &#039;Millinillion&#039; is a real number.","True","False"
"Animals","boolean","easy","Zebras are white with black stripes.","False","True"
"Entertainment: Video Games","multiple","medium","In Overwatch, what is L&uacute;cio&#039;s full name?","L&uacute;cio Correia Dos Santos","L&uacute;cio Luiz L&oacute;s Guilherme|L&uacute;cio Jo&atilde;o Lucas|L&uacute;cio Chupar Prima"
"Science &amp; Nature","multiple","hard","Muscle fiber is constructed of bundles small long organelles called what?","Myofibrils","Epimysium|Myofiaments|Myocardium"
"General Knowledge","boolean","medium","There are 86400 seconds in a day.","True","False"
"Entertainment: Music","multiple","medium","Which Aerosmith album featured &quot;Walk This Way&quot;?","Toys in the Attic","Rocks|Get Your Wings|Draw the Line"
"Sports","multiple","medium","Which NBA player won Most Valuable Player for the 1999-2000 season?","Shaquille O&#039;Neal","Allen Iverson|Kobe Bryant|Paul Pierce"
"Entertainment: Film","multiple","easy","In the Lord of the Rings: The Two Towers, where are the party of orcs taking the hobbits?","Isengard","Rivendell|Mordor|Moria"
"Entertainment: Television","multiple","easy","Who played Agent Fox Mulder in the TV sci-fi drama &quot;The X-Files&quot;?","David Duchovny","Gillian Anderson|Robert Patrick|Mitch Pileggi"
"Sports","multiple","medium","What cricketing term denotes a batsman being dismissed with a score of zero?","Duck","Bye|Beamer|Carry"
"Mythology","multiple","hard","Talos, the mythical giant bronze man, was the protector of which island?","Crete","Sardinia|Sicily|Cyprus"
"Science &amp; Nature","multiple","easy","What does DNA stand for?","Deoxyribonucleic Acid","Deoxyribogenetic Acid|Deoxyribogenetic Atoms|Detoxic Acid"
"General Knowledge","multiple","easy","What is the shortest month of the year?","February","December|April|September"
"Entertainment: Television","multiple","easy","In the original Star Trek TV series, what was Captain James T. Kirk&#039;s middle name?","Tiberius","Trevor|Travis|Tyrone"
"Entertainment: Video Games","multiple","easy","What is Gabe Newell&#039;s favorite class in Team Fortress 2?","Spy","Heavy|Medic|Pyro"
"Entertainment: Music","multiple","easy","Which of these is the name of a song by Tears for Fears?","Shout","Scream|Yell|Shriek"
"Entertainment: Video Games","multiple","easy","Which of these following weapon or equipment exists in Counter Strike but not in Counter Strike: Source?","Tactical Shield","Molotov Cocktail|MP5 Navy|TMP"
"Geography","multiple","medium","What African country has Portuguese as its official language?","Mozambique","Botswana|Gabon|Togo"
"Entertainment: Video Games","multiple","easy","How many obsidian blocks are required to build a nether portal in Minecraft?","10","14|13|16"
"Entertainment: Video Games","multiple","medium","In which location does Dark Sun Gwyndolin reside in &quot;Dark Souls&quot;?","Anor Londo","Firelink Shrine|Blighttown|Kiln of the first flame"
"Entertainment: Video Games","multiple","easy","In World of Warcraft the default UI color that signifies Druid is what?","Orange","Brown|Green|Blue"
"Entertainment: Video Games","boolean","medium","The game Garry&#039;s Mod originally took assets and codes from the popular Half Life 2 mod JBmod.","True","False"
"General Knowledge","multiple","medium","What year was Apple Inc. founded?","1976","1978|1980|1974"
"Politics","multiple","hard","Which of the following United States Presidents served the shortest term in office?","William Henry Harrison","Zachary Taylor|James A. Garfield|Warren G. Harding"
"General Knowledge","boolean","easy","The Sun rises from the North.","False","True"
"History","multiple","medium","Where was Portuguese explorer Ferdinand Magellan killed in 1521?","The Phillipines","Canary Islands|Guam|Argentina"
"Politics","boolean","medium","During the 2016 United States presidential election, the State of California possessed the most electoral votes, having 55.","True","False"
"History","multiple","medium","Which Roman Emperor led the Roman Empire to reach its maximum territorial extent?","Trajan","Julius Caesar|Claudius|Constantine the Great"
"Science &amp; Nature","boolean","medium","Pneumonoultramicroscopicsilicovolcanoconiosis is a synonym for the disease known as silicosis.","True","False"
"Entertainment: Music","boolean","medium","Metallica collaborated with Rowan Atkinson&#039;s Mr Bean on a 1992 comic relief single.","False","True"
"Science: Computers","boolean","hard","The T-Mobile Sidekick smartphone is a re-branded version of the Danger Hiptop.","True","False"
"Science &amp; Nature","multiple","medium","Which part of the body does glaucoma affect?","Eyes","Throat|Stomach|Blood"
"Entertainment: Television","multiple","easy","In the show &quot;Futurama&quot; what is Fry&#039;s full name?","Philip J. Fry","Fry J. Philip|Fry Rodr&iacute;guez|Fry Philip"
"Entertainment: Film","multiple","medium","What is the name of James Dean&#039;s character in the 1955 movie &quot;Rebel Without a Cause&quot;?","Jim Stark","Ned Stark|Jim Kane|Frank Stark"
"General Knowledge","multiple","medium","When did the website &quot;Facebook&quot; launch?","2004","2005|2003|2006"
"Entertainment: Books","multiple","medium","Which of the following authors was not born in England? ","Arthur Conan Doyle","Graham Greene|H G Wells|Arthur C Clarke"
"Entertainment: Video Games","boolean","medium","In the game &quot;Until Dawn&quot; Emily is the only playable character who can be killed by another playable character directly.","True","False"
"Science &amp; Nature","multiple","hard","Which of the following is NOT a word used to describe an earthquake?","Drop-slide","Foreshock|Strike-slip|Temblor"
"Politics","multiple","medium","Who became Prime Minister of the United Kingdom in July 2016?","Theresa May","Boris Johnson|David Cameron|Tony Blair"
"Entertainment: Music","multiple","easy","Sting, the lead vocalist of The Police, primarily plays what instrument?","Bass Guitar","Drums|Guitar|Keyboards"
"Animals","multiple","easy","What is the collective noun for a group of crows?","Murder","Pack|Gaggle|Herd"
"Entertainment: Video Games","boolean","hard","The Paradox Interactive game &quot;Stellaris&quot; was released in 2016.","True","False"
"Entertainment: Japanese Anime &amp; Manga","multiple","hard","In &quot;Hunter x Hunter&quot;, what are members in Killua&#039;s family known for being?","Assassins","Bandits|Hunters|Ninjas"
"Animals","multiple","medium","The dish Fugu, is made from what family of fish?","Pufferfish","Bass|Salmon|Mackerel"
"Entertainment: Video Games","multiple","easy","What is the code name of Morgana the cat in Persona 5?","Mona","Panther|Nightstalker|Zorro"
"Entertainment: Video Games","multiple","easy","In the game &quot;Hearthstone&quot;, what is the best rank possible?","Rank 1 Legend","Rank 1 Elite|Rank 1 Master|Rank 1 Supreme"
"Entertainment: Video Games","boolean","hard","All of these maps were in &quot;Tom Clancy&#039;s Rainbow Six Siege&quot; on its initial release: House, Clubhouse, Border, Consulate.","False","True"
"Entertainment: Cartoon &amp; Animations","multiple","medium","The stop motion comedy show &quot;Robot Chicken&quot; was created by which of the following?","Seth Green","Seth MacFarlane|Seth Rogen|Seth Rollins"
"Entertainment: Video Games","multiple","medium","In Left 4 Dead, what is the name of the virus, as designated by CEDA, that causes most humans to turn into the Infected?","Green Flu","Yellow Fever|T-Virus|Raspberry Sniffles"
"General Knowledge","multiple","medium","What is the last letter of the Greek alphabet?","Omega","Mu|Epsilon|Kappa"
"Entertainment: Video Games","boolean","easy","The ghosts in &quot;Pac-Man&quot; and &quot;Ms. Pac-Man&quot; have completely different behavior.","True","False"
"Entertainment: Film","multiple","medium","About how much money did it cost for Tommy Wiseau to make his masterpiece &quot;The Room&quot; (2003)?","$6 Million","$20,000|$1 Million|$10 Million"
"Entertainment: Music","multiple","easy","Which of these songs by Skrillex features Fatman Scoop as a side artist?","Recess","All is Fair in Love and Brostep|Rock N Roll (Will Take You to the Mountain)|Scary Monsters and Nice Sprites"
"Science: Mathematics","multiple","hard","What is the derivative of Acceleration with respect to time?","Jerk","Shift|Bump|Slide"
"Entertainment: Film","multiple","easy","What was the title of the first Bond movie, released in 1962?","Dr. No","From Russia with Love|Goldfinger|Thunderball"
"Science: Computers","multiple","medium","Originally used in PCM adapters, what frequency is the standard for sampling audio in the Compact Disc Digital Audio format?","44.1 kHz","32.0 kHz|1.5 MHz|20.5 kHz"
"Entertainment: Video Games","multiple","medium","How many Chaos Emeralds can you collect in the first Sonic The Hedgehog?","Six","Seven|Five|Eight"
"Entertainment: Video Games","multiple","medium","In Minecraft, what types of sound files are required for custom SFX to work in resource packs?",".ogg",".wav|.mp3|.class"
"Entertainment: Music","multiple","medium","Where does &quot;Gasolina&quot; rapper Daddy Yankee originate from?","Puerto Rico","Cuba|Mexico|Spain"
"General Knowledge","multiple","easy","How many fingers does a single human hand have?","Four","Five|Ten|Eight"
"History","multiple","medium","When was the United States National Security Agency established?","November 4, 1952","July 26, 1908| July 1, 1973| November 25, 2002"
"History","multiple","medium","The Spitfire L.F. Mk IX had what engine?","Merlin 66","Griffon 65|Merlin 50|Merlin X"
"Science &amp; Nature","multiple","medium","The Axiom of Preventive Medicine states that people with ___ risk for a disease should be screened and we should treat ___ of those people.","low, all","low, some|high, all|high, some"
"Science: Computers","boolean","medium","The first computer bug was formed by faulty wires.","False","True"
"General Knowledge","multiple","medium","In a 1994 CBS interview, Microsoft co-founder Bill Gates performed what unusual trick on camera?","Jumping over an office chair","Jumping backwards over a desk|Standing on his head|Typing on a keyboard during a handstand"
"Entertainment: Music","multiple","easy","What was Daft Punk&#039;s first studio album?","Homework","Discovery|Random Access Memories|Human After All"
"Geography","multiple","medium","What is the region conjoining Pakistan, India, and China with unknown leadership called?","Kashmir","Andorra|Gibraltar|Quin"
"General Knowledge","multiple","medium","What is the romanized Russian word for &quot;winter&quot;?","Zima","Leto|Vesna|Osen&#039;"
"General Knowledge","multiple","easy","What is Cuba&#039;s official, most widely spoken language?","Spanish","Portuguese|French|Italian"
"Entertainment: Video Games","multiple","medium","In the &quot;Pikmin&quot; series, what is the only pikmin type to possess visible ears?","Yellow","Red|White|Winged"
"Science &amp; Nature","multiple","medium","Which Swiss psychologist is synonymous with the concepts of introvert and extrovert personalities?","Carl Jung","Jean Piaget|Alice Miller|Hermann Rorschach"
"Geography","multiple","hard","What year is on the flag of the US state Wisconsin?","1848","1634|1783|1901"
"Geography","multiple","easy","What is the capital of Spain?","Madrid","Barcelona|Sevilla|Toledo"
"Entertainment: Television","multiple","medium","In &quot;The Simpsons&quot;, what is the real name of &quot;Comic Book Guy&quot;?","Jeff Albertson","Comic Book Guy|Edward Stone|Jack Richardson"
"General Knowledge","multiple","hard","De Eemhof, Port Zelande and Het Heijderbos are holiday villas owned by what company?","Center Parcs","Yelloh Village|Keycamp|Villa Plus"
"General Knowledge","boolean","medium","Only a small percentage of the world&#039;s population is lactose intolerant.","False","True"
"Science: Computers","multiple","easy","On a standard American QWERTY keyboard, what symbol will you enter if you hold the shift key and press 1?","Exclamation Mark","Dollar Sign|Percent Sign|Asterisk"
"Entertainment: Music","multiple","easy","The four strings on a violin are the G string, D string, A string, and...","E string","C string|B string|F string"
"Entertainment: Video Games","multiple","medium","In &quot;Call Of Duty: Zombies&quot;, what is the name of Samantha Maxis&#039; dog?","Fluffy","Baxter|Fido|Henry"
"Entertainment: Japanese Anime &amp; Manga","multiple","easy","In &quot;Future Diary&quot;, what is the name of Yuno Gasai&#039;s Phone Diary?","Yukiteru Diary","Murder Diary|Escape Diary |Justice Diary "
"Entertainment: Film","multiple","easy","Which film has been critically regarded as the best film of all time?","Citizen Kane","Avatar|The Godfather Part II|The Room"
"Science: Gadgets","multiple","hard","Which round does a WW2 M1 Garand fire?",".30-06",".308|7.62|7.62x51mm"
"Entertainment: Video Games","multiple","medium","What is the name of the island introduced in the ARMA III: APEX expansion pack?","Tanoa","Altis|Stratis|Malden"
"Sports","multiple","hard","Which Italian footballer told Neuer where he&#039;s putting his shot and dragging it wide, during the match Italy-Germany, UEFA EURO 2016?","Pelle","Insigne|Barzagli|Giaccherini"
"Entertainment: Video Games","multiple","easy","Which of the following weapons in &quot;Counter-Strike: Global Offensive&quot; does not have a right-click function?","XM1014","SG553|R8 Revolver|USP-S"
"Mythology","multiple","easy","Which Greek &amp; Roman god was known as the god of music, truth and prophecy, healing, the sun and light, plague, poetry, and more?","Apollo","Aphrodite|Artemis|Athena"
"Entertainment: Books","boolean","easy","The &quot;Berenstein Bears&quot; is the correct spelling of the educational children&#039;s book series&#039; name.","False","True"
"Entertainment: Video Games","multiple","medium","What was the first game ever released that ran on the Source engine?","Counter-Strike: Source","Half-Life 2|Garry&#039;s Mod|Team Fortress 2"
"Science &amp; Nature","multiple","hard","Which major extinction event was caused by an asteroid collision and eliminated the majority of non-avian dinosaurs?","Cretaceous-Paleogene","Triassic&ndash;Jurassic|Permian&ndash;Triassic|Ordovician&ndash;Silurian"
"Entertainment: Video Games","multiple","easy","Who is the protagonist in the game &quot;The Walking Dead: Season One&quot;?","Lee Everett","Clementine|Kenny|Rick Grimes"
"Entertainment: Film","multiple","medium","Brendan Fraser starred in the following movies, except which one?","Titanic","Monkeybone|Encino Man|Mrs. Winterbourne"
"Entertainment: Books","multiple","hard","Which classic horror character killed Elizabeth Lavenza?","Frankenstein&#039;s Monster","Count Dracula|Werewolf|The Creature from the Black Lagoon"
"History","multiple","medium","Which Louis was known as &#039;The Sun King of France&#039;?","Louis XIV","Louis XIII|Louis XV|Louis XVI"
"Geography","multiple","medium","Colchester Overpass, otherwise known as &quot;Bunny Man Bridge&quot;, is located where?","Fairfax County, Virginia","Medford, Oregon|Braxton County, Virgina|Lemon Grove, California"
"Entertainment: Japanese Anime &amp; Manga","multiple","easy","In &quot;One Piece,&quot; what color is Tony Tony Chopper&#039;s nose?","Blue","Black|Grey|Red"
"Entertainment: Video Games","multiple","easy","What ingredient is NOT used to craft a cake in Minecraft?","Bread","Wheat|Milk|Egg"
"General Knowledge","boolean","easy","It is automatically considered entrapment in the United States if the police sell you illegal substances without revealing themselves.","False","True"
"Entertainment: Comics","multiple","medium","What is the name of the comic about a young boy, and a tiger who is actually a stuffed animal?","Calvin and Hobbes","Winnie the Pooh|Albert and Pogo|Peanuts"
"Science &amp; Nature","multiple","easy","The asteroid belt is located between which two planets?","Mars and Jupiter","Jupiter and Saturn|Mercury and Venus|Earth and Mars"
"Entertainment: Video Games","multiple","hard","What was the first game to utilize Valve&#039;s &quot;Source 2&quot; engine?","Dota 2","Counter-Strike: Global Offensive|Pirates, Vikings &amp; Knights II|Artifact"
"History","multiple","medium","In what year was the famous 45 foot tall Hollywood sign first erected?","1923","1903|1913|1933"
"Entertainment: Video Games","multiple","easy","Who is the leader of the Brotherhood of Nod in the Command and Conquer series?","Kane","Joseph Stalin|CABAL|Yuri"
"Geography","multiple","medium","Kuala Lumpur is the capital of which country?","Malaysia","Indonesia|Singapore|Thailand"
"History","multiple","hard","Who was the last emperor of Mexico?","Ferdinand Maximilian","Andr&eacute;s Manuel L&oacute;pez Obrador|Napoleon III|Agust&iacute;n de Iturbide"
"Geography","multiple","medium","How many states are in Australia?","6","7|8|5"
"General Knowledge","multiple","easy","How would one say goodbye in Spanish?","Adi&oacute;s"," Hola|Au Revoir|Salir"
"Entertainment: Video Games","multiple","medium","On the 6th of June 2006, what was the name of the infamous glitch that occurred in the MMO RuneScape?","The Falador Massacre","Noclip glitch|Party-hat Duplication Glitch|TzHaar Massacre"
"Politics","boolean","easy","The 2016 United States Presidential Election is the first time Hillary Clinton has run for President.","False","True"
"Sports","multiple","medium","How many scoring zones are there on a conventional dart board?","82","62|42|102"
"Entertainment: Video Games","multiple","easy","What&#039;s the name of the main protagonist in the &quot;Legend of Zelda&quot; franchise?","Link","Mario|Zelda|Pit"
"Vehicles","multiple","medium","Which of the following countries has officially banned the civilian use of dash cams in cars?","Austria","United States|Czechia|South Korea"
"Entertainment: Film","multiple","easy","The 2016 Disney animated film &#039;Moana&#039; is based on which culture?","Polynesian","Native American|Japanese|Nordic"
"General Knowledge","multiple","hard","What year was the RoboSapien toy robot released?","2004","2000|2001|2006"
"History","multiple","medium","Who was the Prime Minister of the United Kingdom for most of World War II?","Winston Churchill","Neville Chamberlain|Harold Macmillan|Edward Heath"
"Entertainment: Video Games","multiple","easy","What is the name of the playable character in the 2018 video game Deltarune: Chapter 1?","Kris","Frisk|Chara|Gaster"
"Entertainment: Television","multiple","medium","Which movie served as the KTMA pilot episode for the show &quot;Mystery Science Theater 3000&quot;?","The Green Slime","The Robot Vs. The Aztec Mummy|The Crawling Eye|Plan 9 From Outer Space"
"Entertainment: Japanese Anime &amp; Manga","multiple","hard","Who was the Author of the manga Monster Hunter Orage?","Hiro Mashima","Shin Yamamoto|Keiichi Hikami|Hirohiko Araki"
"Animals","multiple","medium","Which animal was part of an Russian domestication experiment in 1959?","Foxes","Pigeons|Bears|Alligators"
"Entertainment: Video Games","multiple","medium","How much did the indie game &quot;Cave Story&quot; cost when it was first released in 2004?","$0 USD","$5 USD|$10 USD|$15 USD"
"Geography","boolean","easy","Hungary is the only country in the world beginning with H.","False","True"
"Entertainment: Japanese Anime &amp; Manga","multiple","medium","The main protagonist of the fifth part of JoJo&#039;s Bizarre Adventure is which of the following?","Giorno Giovanna","Guido Mista|Jonathan Joestar|Joey JoJo"
"Entertainment: Video Games","multiple","hard","In the &quot;Ace Attorney&quot; series, who was the truly responsible of the forging of the autopsy report of the pivotal IS-7 incident?","Bansai Ichiyanagi","Manfred Von Karma|Gregory Edgeworth|Tateyuki Shigaraki"
"Science &amp; Nature","multiple","hard","Which moon is the only satellite in our solar system to possess a dense atmosphere?","Titan","Europa|Miranda|Callisto"
"History","multiple","medium","When did the Crisis of the Third Century begin?","235 AD","235 BC|242 AD|210 AD"
"General Knowledge","multiple","hard","Who founded the Khan Academy?","Sal Khan","Ben Khan|Kitt Khan|Adel Khan"
"Entertainment: Television","multiple","hard","Which former Coronation Street actress was once a hostess on the British Game Show &quot;Double Your Money&quot;?","Amanda Barrie","Sue Nicholls|Violet Carson|Jean Alexander"
"Entertainment: Video Games","multiple","medium","What is the name of the first level in &quot;Call of Duty: World at War&quot;?","Semper Fi","Ring of Steel|Vendetta|Eviction"
"Entertainment: Music","multiple","easy","Which of these are NOT a Men at Work song?","Basket Case","Dr. Heckyll and Mr. Jive|Who Can It Be Now?|Be Good Johnny"
"Geography","multiple","medium","How many timezones does Russia have?","11","6|24|16"
"General Knowledge","multiple","medium","According to the United States&#039; CDC, one in how many Americans die annually due to smoking?","Five","Twenty|Ten|One hundred"
"Sports","multiple","easy","Which country hosted the 2020 Summer Olympics?","Japan","China|Australia|Germany"
"Entertainment: Comics","multiple","easy","In Black Hammer, what city did the heroes save from the Anti-God?","Spiral City","Mega-City One|Rockwood|Star City"
"Entertainment: Video Games","boolean","medium","In &quot;Resident Evil&quot;, only Chris has access to the grenade launcher.","False","True"
"General Knowledge","multiple","medium","Which of these words means &quot;idle spectator&quot;?","Gongoozler","Gossypiboma|Jentacular|Meupareunia"
"General Knowledge","boolean","easy","The disease cancer in itself is not contagious.","True","False"
"Entertainment: Video Games","multiple","hard","In &quot;Team Fortress 2&quot;, how much health does a scout have when overhealed?","185","215|195|225"
"Entertainment: Music","multiple","easy","From which country did the song &quot;Gangnam Style&quot; originate from?","South Korea","Japan|North Korea|China"
"General Knowledge","multiple","easy","What do sailors call the front of a boat?","Bow","Stern|Port|Starboard"
"Entertainment: Video Games","boolean","easy","Niko Bellic is the protagonist of Grand Theft Auto IV.","True","False"
"General Knowledge","multiple","easy","What do the letters of the fast food chain KFC stand for?","Kentucky Fried Chicken","Kentucky Fresh Cheese|Kibbled Freaky Cow|Kiwi Food Cut"
"General Knowledge","boolean","medium","Francis Bacon died from a fatal case of pneumonia while he was attempting to preserve meat by stuffing a chicken with snow.","True","False"
"Mythology","boolean","medium","According to Norse mythology, Loki is a mother.","True","False"
"Entertainment: Video Games","multiple","medium","In &quot;Clash Royale&quot; what is Arena 4 called?","Spell Valley","Barbarian Bowl|P.E.K.K.A&#039;s Playhouse|Royal Arena"
"History","multiple","easy","The RMS Titanic sunk during her maiden voyage from Southampton, England to which American city?","New York City","Boston |Philadelphia|Washington"
"Entertainment: Video Games","multiple","hard","The Bracken from Lethal Company is also known as:","The Flower Man","The Phantom|The Shadow Demon|Larry"
"Science &amp; Nature","boolean","medium","In the periodic table, Potassium&#039;s symbol is the letter K.","True","False"
"General Knowledge","multiple","easy","Which of these is NOT considered to be a colour that makes up the rainbow?","Pink","Blue|Violet|Orange"
"Entertainment: Television","multiple","easy","How many seasons did &quot;Stargate SG-1&quot; have?","10","3|7|12"
"History","multiple","medium","America&#039;s Strategic Defense System during the Cold War was nicknamed after this famous movie.","Star Wars","Jaws|Blade Runner|Alien"
"Entertainment: Music","boolean","easy","Korean girl group, TWICE, consists of 9 members","True","False"
"Science &amp; Nature","multiple","hard","Which constellation contains the center of the Milky Way?","Sagittarius","Scorpius|Ophiuchus|Capricornus"
"Celebrities","multiple","medium","Which famous New York Yankees outfielder did Marilyn Monroe marry?","Joe DiMaggio","Tino Martinez|Babe Ruth|Mason Williams"
"Entertainment: Music","multiple","medium","Who wrote the musical composition, &quot;Rhapsody In Blue&quot;?","George Gershwin","Irving Berlin|Duke Ellington|Johnny Mandel"
"Entertainment: Video Games","multiple","medium","In &quot;Kingdom Hearts&quot;, who abducts Jasmine in the Lamp Chamber?","Riku","Riku Replica|Xaldin|Captain Hook"
"General Knowledge","multiple","easy","What do sailors call the left side of a boat?","Port","Starboard|Bow|Stern"
"History","multiple","hard","From 1940 to 1942, what was the capital-in-exile of Free France ?","Brazzaville","Algiers|Paris|Tunis"
"Entertainment: Video Games","boolean","medium","The ADAM collecters in the Bioshock series are known as Little Sisters.","True","False"
"Entertainment: Video Games","multiple","hard","&quot;Exile&quot; and &quot;Revelations&quot; were the third and fourth installments of which PC game series?","Myst","Shivers|Doom|Tropico"
"Entertainment: Japanese Anime &amp; Manga","multiple","hard","What year was &quot;JoJo&#039;s Bizarre Adventure: Phantom Blood&quot; first released?","1987","2013|1983|1995"
"Entertainment: Board Games","multiple","hard","When Magic: The Gathering was first solicited, which of the following was it originally titled?","Mana Clash","Magic|Magic Clash|Mana Duels"
"General Knowledge","multiple","easy","Where is the train station &quot;Llanfair&shy;pwllgwyngyll&shy;gogery&shy;chwyrn&shy;drobwll&shy;llan&shy;tysilio&shy;gogo&shy;goch&quot;?","Wales","Moldova|Czech Republic|Denmark"
"History","multiple","medium","The seed drill was invented by which British inventor?","Jethro Tull","Charles Babbage|Isaac Newton|J.J Thomson"
"Entertainment: Video Games","multiple","easy","In which year did the orignal Sims game release?","2000","2001|1999|1998"
"Entertainment: Cartoon &amp; Animations","multiple","easy","Who was the villain of &#039;&#039;The Lion King&#039;&#039;?","Scar","Fred|Jafar|Vada"
"Entertainment: Video Games","multiple","medium","What is Solid Snake&#039;s real name?","David","Solid Snake|John|Huey"
"Entertainment: Music","multiple","medium","Which of these bands is the oldest?","Pink Floyd","AC/DC|Metallica|Red Hot Chili Peppers"
"Entertainment: Books","multiple","easy","Under what pseudonym did Stephen King publish five novels between 1977 and 1984?","Richard Bachman","J. D. Robb|Mark Twain|Lewis Carroll"
"Science &amp; Nature","multiple","hard","The &#039;Islets of Langerhans&#039; is found in which human organ?","Pancreas","Kidney|Liver|Brain"
"Celebrities","multiple","medium","Which radio personality calls himself &quot;The King of All Media&quot;?","Howard Stern","Rush Limbaugh|Pete Tong|Ryan Seacrest"
"Entertainment: Video Games","multiple","hard","How many voice channels does the Nintendo Entertainment System support natively?","5","4|6|3"
"General Knowledge","multiple","easy","The Canadian $1 coin is colloquially known as a what?","Loonie","Boolie|Foolie|Moodie"
"Entertainment: Comics","multiple","medium","In Calvin and Hobbes, what is the name of the babysitter&#039;s boyfriend?","Charlie","Dave|Charles|Nathaniel"
"Entertainment: Video Games","multiple","medium","Which of these songs does NOT play during the Ruins segments of the 2015 game &quot;Undertale&quot;?","Another Medium","Anticipation|Unnecessary Tension|Ruins"
"Science: Computers","multiple","easy","According to the International System of Units, how many bytes are in a kilobyte of RAM?","1000","512|1024|500"
"Science &amp; Nature","multiple","hard","What was the first organic compound to be synthesized from inorganic compounds?","Urea","Propane|Ethanol|Formaldehyde"
"Entertainment: Video Games","multiple","hard","In Xenoblade Chronicles X, which class has a sniper rifle as it&#039;s primary weapon?","Partisan Eagle","Blast Fencer|Winged Viper|Bastion Warrior"
"Celebrities","multiple","hard","The eccentric natural philosopher Tycho Brahe kept what as a pet?","Moose","Dog|Bear|Goat"
"Entertainment: Music","multiple","medium","Which of the following is NOT a song in BROCKHAMPTON&#039;s SATURATION album series?","LAMB","HOTTIE|SWAMP|BUMP"
"Geography","multiple","hard","What is the name of the formerly rich fishing grounds off the island of Newfoundland, Canada?","Grand Banks","Great Barrier Reef|Mariana Trench|Hudson Bay"
"General Knowledge","multiple","medium","In which country was the 1992 Summer Olympics Games held?","Spain","Russia|Korea|USA"
"Geography","multiple","hard","In 2012 the German-speaking microstate &quot;Liechtenstein&quot; in Central Europe had a population of how many inhabitants?","36,600","2,400|90,000|323,400"
"General Knowledge","boolean","medium","Cucumbers are usually more than 90% water.","True","False"
"Entertainment: Cartoon &amp; Animations","multiple","hard","In &quot;Gravity Falls&quot;, the character Bill Cipher remarks that &quot;the universe is what?&quot;","A hologram ","An illusion |A simulation|Corrupting"
"Entertainment: Music","boolean","easy","The alternative rock band, They Might Be Giants, released their album &#039;Flood&#039; in 1990. ","True","False"
"General Knowledge","boolean","medium","The commercial UK channel ITV stands for &quot;International Television&quot;.","False","True"
"Entertainment: Video Games","boolean","medium","DragonForce&#039;s &#039;Through the Fire and Flames&#039; is widely considered to be the hardest song in the Guitar Hero series.","True","False"
"Entertainment: Video Games","multiple","easy","In what year was the game &quot;Fallout&quot; released?","1997","1998|1999|1996"
"Entertainment: Video Games","multiple","medium","In Hitman: Blood Money, what is the name of the target in the mission &quot;Death of a Showman&quot;?","Joseph Clarence","The Swing King|Maynard John|Manuel Delgado"
"Entertainment: Television","multiple","easy","Who was the first ever actor to play &quot;The Doctor&quot; on &quot;Doctor Who&quot;?","William Hartnell","David Tennant|Peter Capaldi|Tom Baker"
"Entertainment: Books","multiple","medium","The title of Adolf Hitler&#039;s autobiography &quot;Mein Kampf&quot; is what when translated to English?","My Struggle","My Hatred|My Sadness|My Desire"
"Entertainment: Video Games","multiple","medium","What was the name of the protagonist of Metal Gear Solid V: The Phantom Pain?","Punished &quot;Venom&quot; Snake","Miller|Solid Snake|Ocelot"
"Entertainment: Music","multiple","easy","The &quot;K&quot; in &quot;K-Pop&quot; stands for which word?","Korean","Kenyan|Kazakhstan|Kuwaiti"
"Entertainment: Video Games","boolean","easy","Tetris is the #1 best-selling video game of all-time.","False","True"
"Entertainment: Television","multiple","medium","Which British writer wrote for both Doctor Who and Sherlock?","Steven Moffatt","Phil Ford|Russell T Davies|Toby Whithouse"
"Animals","multiple","easy","What is Grumpy Cat&#039;s real name?","Tardar Sauce","Sauce|Minnie|Broccoli"
"Entertainment: Japanese Anime &amp; Manga","multiple","medium","In the anime Assassination Classroom what is the class that Korosensei teaches?","Class 3-E","Class 3-A|Class 3-B|Class 3-D"
"Science &amp; Nature","boolean","easy","The Earth and the Moon roughly have the same mass.","False","True"
"Animals","boolean","medium","&quot;Kamea,&quot; the Gilbertese Islander word for dog, is derived from the English phrase &quot;Come here!&quot;","True","False"
"General Knowledge","boolean","medium","Fast food restaurant chains Carl&#039;s Jr. and Hardee&#039;s are owned by the same company.","True","False"
"Entertainment: Video Games","multiple","easy","In the Nintendo DS game &#039;Ghost Trick: Phantom Detective&#039;, what is the name of the hitman seen at the start of the game?","Nearsighted Jeego","One Step Ahead Tengo|Missile|Cabanela"
"Entertainment: Video Games","multiple","medium","In &quot;The Legend of Zelda: Ocarina of Time,&quot; what is the maximum amount of rupees that Link can carry?","500","999|1000|5000"
"Geography","multiple","hard","What is the capital of Wisconsin, USA?","Madison","Milwaukee|Wisconsin Dells|Green Bay"
"Entertainment: Video Games","multiple","hard","In Super Mario RPG: Legend of The Seven Stars, what is Geno&#039;s real name?","♡♪!?","Geno|Exor|Smithy"
"Vehicles","multiple","medium","Which country has the international vehicle registration letter &#039;A&#039;?","Austria","Afghanistan|Australia|Armenia"
"General Knowledge","multiple","medium","What was the original name of the search engine &quot;Google&quot;?","BackRub","CatMassage|SearchPro|Netscape Navigator"
"Geography","multiple","medium","How tall is One World Trade Center in New York City?","1,776 ft","1,888 ft|1,225 ft|1,960 ft"
"Geography","multiple","easy","Greenland is a part of which kingdom?","Denmark","Sweden|Norway|United Kingdom"
"Entertainment: Music","multiple","easy","What Led Zeppelin album contains &quot;Stairway to Heaven&quot;?","Led Zeppelin IV","Houses of the Holy|Physical Graffiti|Led Zeppelin III"
"Geography","boolean","easy","Toronto is the capital city of the North American country of Canada.","False","True"
"Entertainment: Board Games","multiple","medium","In Chess, the Queen has the combined movement of which two pieces?","Bishop and Rook","Rook and King|Knight and Bishop|King and Knight"
"Science: Computers","multiple","hard","What vulnerability ranked #1 on the OWASP Top 10 in 2013?","Injection ","Broken Authentication|Cross-Site Scripting|Insecure Direct Object References"
"Entertainment: Music","boolean","easy","The song &quot;Stronger Than You&quot; is a single by Estelle, who played Garnet in Steven Universe.","True","False"
"General Knowledge","multiple","easy","How many cards are there in a standard deck of playing cards?","52","32|40|64"
"Science &amp; Nature","multiple","hard","How many protons are in an oxygen atom?","Eight","Four|Two|Six"
"Sports","multiple","hard","Which player &quot;kung-fu kicked&quot; a Crystal Palace fan in January 1995?","Eric Cantona","David Seamen|Ashley Cole|Mark Hughes"
"Entertainment: Film","multiple","hard","Which sci-fi cult films plot concerns aliens attempting to prevent humans from creating a doomsday weapon?","Plan 9 from Outer Space","The Man from Planet X|It Came from Outer Space|The Day The Earth Stood Still"
"Entertainment: Music","boolean","easy","Eurobeat is primarily an Italian genre of music.","True","False"
"Entertainment: Video Games","multiple","hard","According to the lore of &quot;Starbound&quot;, what does the &quot;Colony Deed&quot; do when it is placed down?","Sends out an advertisement for someone to move in.","Teleports somebody from somewhere on the planet it is placed.|Teleports a random person to the location.|Materializes a new being at it&#039;s location."
"Entertainment: Music","multiple","medium","Who released the 1991 album &quot;Out of Time&quot;?","R.E.M.","U2|Coldplay|The Rolling Stones"
"Geography","multiple","easy","How many federal states does Germany have?","16","13|32|25"
"Entertainment: Music","multiple","medium","According to the RIAA: Which artist has sold the most albums by the million?","The Beatles","Elvis Presley|Michael Jackson|Pink Floyd"
"Entertainment: Comics","multiple","hard","Which pulp hero made appearances in Hellboy and BPRD comics before getting his own spin-off?","Lobster Johnson","Roger the Homunculus|The Spider|The Wendigo"
"Mythology","multiple","medium","Hel was the daughter of which Norse Mythological figure?","Loki","Thor|Odin|Balder"
"General Knowledge","multiple","easy","The &ldquo;fairy&rdquo; type made it&rsquo;s debut in which generation of the Pokemon core series games?","6th","2nd|7th|4th"
"Science &amp; Nature","multiple","medium","What are human nails made of?","Keratin","Bone|Chitin|Calcium"
"Science &amp; Nature","multiple","medium","An organism described as &quot;heliotropic&quot; has a tendancy to move towards which of these things?","Light","Water|Trees|Pollen"
"Entertainment: Video Games","boolean","easy","In &quot;Super Mario 64&quot;, collecting 100 coins on a level will give you a 1-UP.","False","True"
"Geography","multiple","hard","What is the most populous Muslim-majority nation in 2010?","Indonesia","Saudi Arabia|Iran|Sudan"
"Entertainment: Video Games","multiple","medium","In which country&#039;s version of Half-Life are the HECU Marines replaced with robots?","Germany","Japan|China|France"
"Geography","multiple","medium","What mountain range lines the border between Spain and France?","Pyrenees","Alps|Carpathians|Urals"
"General Knowledge","multiple","hard","Named after the mallow flower, mauve is a shade of what?","Purple","Red|Brown|Pink"
"Entertainment: Video Games","multiple","easy","What is the name of the main protagonist in &quot;Xenoblade Chronicles&quot;?","Shulk","Reyn|Fiora|Dunban"
"General Knowledge","multiple","medium","In ancient Greece, if your job were a &quot;hippeus&quot; which of these would you own?","Horse","Weave|Guitar|Boat"
"Entertainment: Film","multiple","easy","The 2002 film &quot;28 Days Later&quot; is mainly set in which European country?","United Kingdom","France|Italy|Germany"
"Entertainment: Music","multiple","hard","What song originally performed by The Bee Gees in 1978 had a cover version by Steps 20 years later?","Tragedy","Night Fever|Stayin&#039; Alive|You Should Be Dancing"
"Entertainment: Video Games","multiple","easy","Who created the 2011 Video Game &quot;Minecraft&quot;?","Markus Persson","Jens Bergensten|Daniel Rosenfeld|Carl Manneh"
"General Knowledge","multiple","easy","Which of the following blood component forms a plug at the site of injuries?","Platelets","Red blood cells|White blood cells|Blood plasma"
"Entertainment: Video Games","multiple","easy","Which Greek letter represents the &quot;Half-Life&quot; logo?","Lambda","Omega|Alpha|Sigma"
"Entertainment: Television","multiple","medium","In the Netflix show, Stranger Things, what song would Will sing to himself as he was missing?","Should I Stay or Should I Go?","Love Will Tear Us Apart|This Charming Man|Africa"
"Animals","multiple","easy","What colour is the female blackbird?","Brown","Black|White|Yellow"
"Politics","multiple","easy","Former United States President Bill Clinton famously played which instrument?","Saxophone","Baritone horn|Piano|Violin"
"Entertainment: Video Games","boolean","medium","In &quot;Call Of Duty: Zombies&quot;, you can upgrade the &quot;Apothicon Servant&quot; in the &quot;Shadows Of Evil&quot; map.","False","True"
"Geography","multiple","medium","What is the capital of Slovakia?","Bratislava","Sofia|Ljubljana|Sarajevo"
"Entertainment: Video Games","multiple","medium","The cake depicted in Valve&#039;s &quot;Portal&quot; franchise most closely resembles which real-world type of cake?","Black Forest","Devil&#039;s Food|Molten Chocolate|German Chocolate"
"Entertainment: Video Games","multiple","easy","Which franchise was NOT featured in the 2015 video game &quot;Lego Dimensions&quot;?","Breaking Bad","Portal|Doctor Who|Back to the Future"
"Entertainment: Video Games","boolean","medium","In &quot;Team Fortress 2&quot;, the &quot;Bill&#039;s Hat&quot; is a reference to the game &quot;Dota 2&quot;.","False","True"
"General Knowledge","multiple","medium","Scotch whisky and Drambuie make up which cocktail?","Rusty Nail","Screwdriver|Sex on the Beach|Manhattan"
"Entertainment: Comics","multiple","hard","In the Homestuck Series, what is the alternate name for the Kingdom of Lights?","Prospit","No Name|Golden City|Yellow Moon"
"Entertainment: Film","multiple","medium","Who provided a majority of the songs and lyrics for &quot;Spirit: Stallion of the Cimarron&quot;?","Bryan Adams","Smash Mouth|Oasis|Air Supply"
"Geography","multiple","medium","What is the northernmost human settlement with year round inhabitants?","Alert, Canada","Nagurskoye, Russia|McMurdo Station, Antarctica |Honningsv&aring;g, Norway"
"Politics","multiple","medium","What is the primary purpose of the Fourth Amendment to the US Constitution?","Preventing unreasonable searches and seizures","Preventing cruel and unusual punishments|Protecting against imprisonment without due process of law|Protecting the right to keep and bear arms"
"Animals","multiple","medium","What is the collective noun for bears?","Sloth","Drove|Tribe|Husk"
"General Knowledge","multiple","medium","What is the name of the popular animatronic singing fish prop, singing such hits such as &quot;Don&#039;t Worry, Be Happy&quot;?","Big Mouth Billy Bass","Big Billy Bass|Singing Fish|Sardeen"
"Politics","multiple","medium","Which former US president used &quot;Let&#039;s Make America Great Again&quot; as his campaign slogan before Donald Trump&#039;s campaign?","Ronald Reagan","Jimmy Carter|Gerald Ford|Richard Nixon"
"Science: Mathematics","multiple","easy","What is the symbol for Displacement?","&Delta;r","dr|Dp|r"
"Entertainment: Music","multiple","medium","Moby, an American DJ, singer, and musician, achieved worldwide success for the 1999 release of which of the following albums?","Play","Everything Is Wrong|Moby|18"
"Science: Computers","boolean","easy","&quot;HTML&quot; stands for Hypertext Markup Language.","True","False"
"Geography","boolean","medium","There exists an island named &quot;Java&quot;.","True","False"
"Entertainment: Japanese Anime &amp; Manga","boolean","easy","In Pok&eacute;mon, Ash&#039;s Pikachu refuses to go into a pokeball.","True","False"
"Entertainment: Television","multiple","easy","In the TV show &quot;Cheers&quot;, Sam Malone was a former relief pitcher for which baseball team?","Boston Red Sox","New York Mets|Baltimore Orioles|Milwaukee Brewers"
"Entertainment: Video Games","multiple","medium","Who&#039;s the creator of Geometry Dash?","Robert Topala","Scott Cawthon|Adam Engels|Andrew Spinks"
"Entertainment: Video Games","boolean","hard","The names of Roxas&#039;s Keyblades in Kingdom Hearts are &quot;Oathkeeper&quot; and &quot;Oblivion&quot;.","True","False"
"Entertainment: Board Games","multiple","medium","What happens when you roll 3 doubles in a row in Monopoly?","Go to jail","Get paid $200|Pay $200|Move to Free Parking"
"Entertainment: Music","multiple","medium","&quot;Make You Feel My Love&quot; was originally written and performed by which singer-songwriter?","Bob Dylan","Elvis|Adele|Billy Joel"
"Entertainment: Books","multiple","hard","In which classic novel is there a character named Homer Simpson?","The Day of the Locust","Catch-22|Of Mice and Men|A Separate Peace"
"Entertainment: Video Games","multiple","hard","Which character from the Mega Man series made a small cameo on Volt Catfish&#039;s introduction scene in CD versions of Mega Man X3?","Auto","Eddie|Tango|Rush"
"Entertainment: Japanese Anime &amp; Manga","boolean","hard","Kiznaiver is an adaptation of a manga.","False","True"
"Science: Mathematics","boolean","medium","111,111,111 x 111,111,111 = 12,345,678,987,654,321","True","False"
"Entertainment: Video Games","multiple","medium","What are tiny Thwomps called in Super Mario World?","Thwimps","Little Thwomp|Mini Thwomp|Tiny Tims"
"Entertainment: Film","multiple","medium","What film did James Cameron&#039;s Avatar dethrone as the highest-grossing film ever?","Titanic","Star Wars|Gone with the Wind|Jaws"
"General Knowledge","multiple","medium","In a standard set of playing cards, which is the only king without a moustache?","Hearts","Spades|Diamonds|Clubs"
"Entertainment: Music","multiple","medium","Typically, how many keys are on a piano?","88","24|12|96"
"Entertainment: Video Games","multiple","easy","In &quot;PUBATTLEGROUNDS&quot; which ammo type does the M24 use?","7.62mm","5.56mm|9mm|.300 Magnum"
"Art","multiple","easy","Who painted &quot;The Starry Night&quot;?","Vincent van Gogh","Edvard Munch|Pablo Picasso|Claude Monet"
"Entertainment: Video Games","boolean","easy","Watch_Dogs 2 is a prequel.","False","True"
"Entertainment: Music","multiple","medium","What date is referenced in the 1971 song &quot;September&quot; by Earth, Wind &amp; Fire?","21st of September","26th of September|23rd of September|24th of September"
"Entertainment: Video Games","multiple","medium","Which game was the first time Mario was voiced by Charles Martinet?","Mario&#039;s Game Gallery","Super Mario 64|Mario Tennis|Dr. Mario 64"
"Vehicles","multiple","medium","Complete the following analogy: Audi is to Volkswagen as Infiniti is to ?","Nissan","Honda|Hyundai|Subaru"
"Sports","multiple","hard","Which English football team is nicknamed &#039;The Tigers&#039;?","Hull City","Cardiff City|Bristol City|Manchester City"
"Science &amp; Nature","multiple","medium","What is the unit of electrical capacitance?","Farad","Gauss|Henry|Watt"
"Entertainment: Video Games","multiple","easy","What is the boss round featured in the &quot;Call Of Duty: Zombies&quot; map &quot;Five&quot;?","The Pentagon Thief","Hellhounds|Jumping Jacks|Napalm Zombie"
"Entertainment: Music","multiple","easy","Which punk rock band released hit songs such as &quot;Californication&quot;, &quot;Can&#039;t Stop&quot; and &quot;Under the Bridge&quot;?","Red Hot Chilli Peppers","Green Day|Linkin Park|Foo Fighters"
"Entertainment: Video Games","multiple","medium","In Touhou: Embodiment of Scarlet Devil, what song plays during Flandre Scarlet&#039;s boss fight?","U.N. Owen Was Her","Septette for the Dead Princess|Flowering Night|Pierrot of the Star-Spangled Banner"
"Entertainment: Video Games","multiple","hard","In the game Enter the Gungeon, which one of these is not a playable character?","The Wizard","The Bullet|The Robot|The Cultist"
"Entertainment: Video Games","multiple","hard","In &quot;Need for Speed III: Hot Pursuit&quot;, what is the name of the fictional car?","El Ni&ntilde;o","R&aacute;pido|&Aacute;gil|La Ni&ntilde;a"
"Geography","multiple","medium","Where is the area commonly known as the Bermuda Triangle?","North Atlantic Ocean, between Florida and Puerto Rico","North Pacific Ocean, between Japan and the USA|In the Caribbean Sea|South Pacific Ocean, far off Chile"
"Geography","multiple","easy","Which UK country features a dragon on their flag?","Wales","England|North Ireland|Scotland"
"Entertainment: Video Games","multiple","medium","Which one of the first four titles of the &quot;Grand Theft Auto&quot; franchise started the series of iconic image grid cover arts?","Grand Theft Auto III","Grand Theft Auto|Grand Theft Auto II|Grand Theft Auto Vice City"
"Entertainment: Video Games","multiple","easy","Who is the founder of Team Fortress 2&#039;s fictional company &quot;Mann Co&quot;?","Zepheniah Mann","Cave Johnson|Wallace Breem|Saxton Hale"
"Entertainment: Books","multiple","hard","Which of these does Charlie NOT read in The Perks of Being a Wallflower?","The Grapes of Wrath","Hamlet|The Great Gatsby|Peter Pan"
"Science: Gadgets","multiple","hard","Which of the following is the standard THX subwoofer crossover frequency?","80 Hz","70 Hz|90 Hz|100 Hz"
"Science: Computers","multiple","medium","Which of these is the name for the failed key escrow device introduced by the National Security Agency in 1993?","Clipper Chip","Enigma Machine|Skipjack|Nautilus"
"General Knowledge","multiple","medium","What is the star sign of someone born on Valentines day?","Aquarius","Pisces|Capricorn|Scorpio"
"Entertainment: Music","multiple","hard","How many members are there in the idol group &quot;&micro;&#039;s&quot;?","9","48|6|3"
"Sports","multiple","medium","Which country did Kabaddi, a contact sport involving tackling, originate from?","India","Australia|Turkey|Cambodia"
"Geography","multiple","medium","On which continent/s is the entire country of Spain specifically located when taking into account all of its territory?","Europe and Africa","Europe, Africa and Asia|Europe|Europe and Asia"
"Entertainment: Music","multiple","medium","Rick Astley&#039;s hit song &quot;Never Gonna Give You Up&quot; was released in what year?","1987","1985|1986|1988"
"Entertainment: Music","multiple","easy","Which Disney character sings the song &quot;A Dream is a Wish Your Heart Makes&quot;?","Cinderella","Belle|Snow White|Pocahontas"
"History","multiple","medium","What was the name of one of the surviving palaces of Henry VIII located near Richmond, London?","Hampton Court","St James&#039;s Palace|Buckingham Palace|Coughton Court"
"Entertainment: Video Games","multiple","easy","What year did the game &quot;Overwatch&quot; enter closed beta?","2015","2013|2011|2016"
"Entertainment: Video Games","multiple","easy","Which game did &quot;Sonic The Hedgehog&quot; make his first appearance in?","Rad Mobile","Sonic The Hedgehog|Super Mario 64|Mega Man"
"Entertainment: Video Games","multiple","hard","Which video game was recalled for containing a hidden, playable South Park episode?","Tiger Woods 99 PGA Tour","Tony Hawk&#039;s Pro Skater 3|Sonic Adventure|Madden 99"
"General Knowledge","multiple","easy","Which country has the Union Jack in its flag?","New Zealand","South Africa|Canada|Hong Kong"
"General Knowledge","boolean","easy","Jingle Bells was originally meant for Thanksgiving","True","False"
"Entertainment: Video Games","multiple","easy","What was the first video game in the Batman &quot;Arkham&quot; series?","Arkham Asylum","Arkham Knight|Arkham City|Arkham Origins"
"Entertainment: Film","multiple","medium","What was Marilyn Monroe`s character&#039;s first name in the film &quot;Some Like It Hot&quot;?","Sugar","Honey|Caramel|Candy"
"General Knowledge","boolean","hard","&quot;Number 16 Bus Shelter&quot; was a child&#039;s name that was approved by the New Zealand government.","True","False"
"General Knowledge","multiple","easy","In past times, what would a gentleman keep in his fob pocket?","Watch","Money|Keys|Notebook"
"Science: Mathematics","multiple","medium","What is the area of a circle with a diameter of 20 inches if &pi;= 3.1415?","314.15 Inches","380.1215 Inches|3141.5 Inches|1256.6 Inches"
"Sports","multiple","easy","Who won the 2015 Formula 1 World Championship?","Lewis Hamilton","Nico Rosberg|Sebastian Vettel|Jenson Button"
"Entertainment: Video Games","multiple","easy","In Pokemon Red &amp; Blue, what is the name of HM05?","Flash","Strength|Cut|Fly"
"Science &amp; Nature","multiple","easy","How many bones are in the human body?","206","203|209|200"
"Geography","multiple","medium","What is the only country in the world with a flag that doesn&#039;t have four right angles?","Nepal","Panama|Angola|Egypt"
"Entertainment: Music","boolean","hard","Pete Townshend&#039;s solo album, &quot;White City: A Novel&quot;, is set in the metropolitan area of Chicago.","False","True"
"Entertainment: Video Games","multiple","easy","What is the name of a popular franchise that includes placing blocks down and surviving in an open world? ","Minecraft","Unturned|Roblox|Grand Theft Auto V"
"Entertainment: Music","multiple","hard","What year was Min Yoongi from South Korea boy band &quot;BTS&quot; born in?","1993","1992|1995|1994"
"Science: Computers","multiple","medium","What does the acronym CDN stand for in terms of networking?","Content Delivery Network","Content Distribution Network|Computational Data Network|Compressed Data Network"
"Sports","multiple","medium","At which bridge does the annual Oxford and Cambridge boat race start?","Putney","Hammersmith|Vauxhall |Battersea"
"Entertainment: Video Games","multiple","medium","Who is the main protagonist of &quot;Ace Combat Zero: The Belkan War&quot;?","Cipher","Mobius 1|Blaze|Pixy"
"History","multiple","medium","Which king was killed at the Battle of Bosworth Field in 1485? ","Richard III","Edward V|Henry VII|James I"
"Entertainment: Music","multiple","easy","According to a song by Belinda Carlisle, Heaven is a place on what?","Earth","Venus|Mars|Uranus"
"General Knowledge","multiple","easy","In the video-game franchise Kingdom Hearts, the main protagonist, carries a weapon with what shape?","Key","Sword|Pen|Cellphone"
"Entertainment: Music","multiple","hard","Which year was the album &quot;Floral Shoppe&quot; by Macintosh Plus released?","2011","2014|2013|2012"
"Geography","boolean","hard","The two largest ethnic groups of Belgium are Flemish and Walloon. ","True","False"
"Entertainment: Video Games","multiple","medium","Which Game Development company made No Man&#039;s Sky?","Hello Games","Dovetail Games|Valve|Blizzard Entertainment"
"Entertainment: Music","multiple","hard","What event inspired The Cranberries song &quot;Zombie&quot; ?","The Warrington Bombings","September 11 Attacks|The Manchester Arena Bombing|The July 7th bombings"
"Entertainment: Video Games","multiple","medium","In Cook, Serve, Delicious!, which food is NOT included in the game?","Pie","Shish Kabob|Hamburger|Lasagna"
"Science &amp; Nature","multiple","hard","How much radiation does a banana emit?","0.1 Microsievert","0.3 Microsievert|0.5 Microsievert|0.7 Microsievert"
"Entertainment: Video Games","boolean","easy","The Indie Game Development Studio Cing, developers of Hotel Dusk and Last Window, went bankrupt on March 1st, 2010.","True","False"
"Entertainment: Books","multiple","medium","In the novel &quot;Lord of the Rings&quot;, how many rings of power were given to the race of man?","9","5|11|13"
"Entertainment: Books","multiple","easy","Which is NOT a book in the Harry Potter Series?","The House Elf","The Chamber of Secrets|The Prisoner of Azkaban|The Deathly Hallows"
"Science: Gadgets","multiple","medium","Mobile hardware and software company &quot;Blackberry Limited&quot; was founded in which country?","Canada","Norway|United States of America|United Kingdom"
"Sports","multiple","medium","The F1 season of 1994 is remembered for what tragic event?","Death of Ayrton Senna (San Marino)","The Showdown (Australia)|Verstappen on Fire (Germany)|Schumacher&#039;s Ban (Britain)"
"Mythology","boolean","hard","Rannamaari was a sea demon that haunted the people of the Maldives and had to be appeased monthly with the sacrifice of a virgin girl.","True","False"
"Entertainment: Video Games","multiple","medium","What name did &quot;Mario&quot;, from &quot;Super Mario Brothers&quot;, originally have?","Ossan","Jumpman|Mr. Video|Mario"
"Entertainment: Video Games","multiple","medium","In the video game &quot;Pizza Tower&quot;, what is the protagonist&#039;s name?","Peppino","Pastachio|Pepper|Spinachio"
"Art","multiple","hard","What year was the Mona Lisa finished?","1504","1487|1523|1511"
"History","multiple","medium","What is the name of the ship which was only a few miles away from the RMS Titanic when it struck an iceberg on April 14, 1912?","Californian","Carpathia|Cristol|Commerce"
"History","boolean","easy","Thomas Crapper was a plumber who invented the flushing toilet.","False","True"
"Vehicles","multiple","hard","In 2014, over 6 million General Motors vehicles were recalled due to what critical flaw?","Faulty ignition switch","Malfunctioning gas pedal|Breaking fuel lines|Faulty brake pads"
"Entertainment: Video Games","multiple","medium","Which Dota 1 hero changed gender when ported to Dota 2?","Legion Commander","Axe|Keeper of the Light|Templar Assassin"
"Science: Computers","multiple","medium","What does AD stand for in relation to Windows Operating Systems? ","Active Directory","Alternative Drive|Automated Database|Active Department"
"Entertainment: Music","boolean","medium","Norwegian producer Kygo released a remix of the song &quot;Sexual Healing&quot; by Marvin Gaye.","True","False"
"Entertainment: Music","multiple","easy","Who was featured in the song &quot;Words&quot; by Feint? ","Laura Brehm","Anna Yvette |Danyka Nadeau|Veela"
"History","multiple","easy","In 1720, England was in massive debt and became involved in the South Sea Bubble. Who was the main mastermind behind it?","John Blunt","Daniel Defoe|Robert Harley|John Churchill"
"Entertainment: Video Games","multiple","medium","When was Club Penguin launched?","October 24, 2005","October 21, 2005|March 29, 2006|November 22, 2004"
"Entertainment: Video Games","multiple","medium","Which of these is the only fighter in the game &quot;Super Smash Bros. Melee&quot; capable of dealing damage with their taunt animation?","Luigi","Mr. Game &amp; Watch|Jigglypuff|Pichu"
"Geography","boolean","easy","There are no deserts in Europe.","True","False"
"Entertainment: Television","multiple","medium","Which boxing personality was one of the presenters in the 1999 revival of It&#039;s a Knockout?","Frank Bruno","Henry Cooper|Muhammad Ali|Joe Fraiser"
"Science &amp; Nature","boolean","easy","An Astronomical Unit is the distance between Earth and the Moon.","False","True"
"Science &amp; Nature","multiple","medium","Which portion of the Marijuana plant produces the psychoactive substance known as THC?","Female Flower","Leaves|Male Flower|Root Ball"
"Entertainment: Cartoon &amp; Animations","multiple","hard","What town was &quot;Springfield&quot; from &quot;The Simpsons&quot; originally named after?","Springfield, Oregon","Springfield, Missouri|Springfield, Illinois|Springfield, Massachusetts"
"Science: Mathematics","multiple","hard","What is the approximate value of mathematical constant e?","2.72","3.14|1.62|1.41"
"Celebrities","multiple","medium","Which actress&#039;s real name was Frances Ethel Gumm?","Judy Garland","Doris Day|Julie Andrews|Marilyn Monroe"
"Entertainment: Video Games","multiple","medium","In Grand Theft Auto: V, what wanted level does the player receive if they enter Zancudo Army Base north of Los Santos?","4","3|5|1"
"Entertainment: Video Games","multiple","medium","Which one of these was not a member of the Fiendish Five in the game Sly Cooper and the Thievius Raccoonus?","Dimitri Lousteau","Mz. Ruby|Muggshot|Clockwerk"
"Science: Computers","multiple","hard","Who invented the &quot;Spanning Tree Protocol&quot;?","Radia Perlman","Paul Vixie|Vint Cerf|Michael Roberts"
"General Knowledge","multiple","easy","Of the following months, which has the most amount of days?","December","April|September|November "
"Entertainment: Video Games","multiple","hard","Which of these is NOT a possible drink to be made in the game &quot;VA-11 HALL-A: Cyberpunk Bartender Action&quot;?","Sour Appletini","Fringe Weaver|Piano Man|Bad Touch"
"Entertainment: Music","multiple","medium","Which album by American rapper Kanye West contained songs such as &quot;Love Lockdown&quot;, &quot;Paranoid&quot; and &quot;Heartless&quot;?","808s &amp; Heartbreak","Late Registration|The Life of Pablo|Graduation"
"Entertainment: Video Games","multiple","easy","In what year was Hearthstone released?","2014","2011|2013|2012"
"Science: Computers","multiple","medium","In HTML, which non-standard tag used to be be used to make elements scroll across the viewport?","&lt;marquee&gt;&lt;/marquee&gt;","&lt;scroll&gt;&lt;/scroll&gt;|&lt;move&gt;&lt;/move&gt;|&lt;slide&gt;&lt;/slide&gt;"
"Entertainment: Music","boolean","easy","The 2011 movie &quot;The Adventures of Tintin&quot; was directed by Steven Spielberg.","True","False"
"Sports","multiple","medium","Which of these countries&#039; national teams qualified for the 2018 FIFA World Cup in Russia?","Tunisia","United States of America|Italy|Netherlands"
"Entertainment: Cartoon &amp; Animations","multiple","hard","In the 1968 Cartoon Show &quot;Wacky Races&quot; what was the name of cavemen duo who rode in The Boulder Mobile?","The Slag Brothers","The Slate Brothers|The Rock Brothers|The Stone Brothers"
"Entertainment: Music","multiple","medium","Which Beatle led the way across the zebra crossing on the Abbey Road album cover?","John","Paul|George|Ringo"
"Entertainment: Board Games","multiple","easy","When was the board game Twister, released to the public?","April 1966","September 1965|January 1969|February 1966"
"Geography","boolean","easy","Greenland is covered with grass and Iceland covered with ice.","False","True"
"Entertainment: Music","multiple","medium","Which famous 90&#039;s rap album is commonly referred to as &quot;The Bible of Hip Hop&quot;?","Illmatic","The Low End Theory|The Chronic|Enter The Wu-Tang (36 Chambers)"
"Entertainment: Music","multiple","medium","Which song in Drake&#039;s &quot;Views&quot; features Future?","Grammys","Too Good|Faithful|Pop Style"
"Geography","multiple","medium","Where is Hadrian&#039;s Wall located?","Carlisle, England","Rome, Italy|Alexandria, Egypt|Dublin, Ireland"
"Science: Computers","boolean","easy","Ada Lovelace is often considered the first computer programmer.","True","False"
"General Knowledge","multiple","medium","The architect known as Le Corbusier was an important figure in what style of architecture?","Modernism","Neoclassical|Baroque|Gothic Revival"
"Entertainment: Film","multiple","medium","Which actor auditioned for the role of Luke Skywalker?","Kurt Russell","Christopher Lambert|Laurence Fishburne|James Remar"
"Entertainment: Board Games","multiple","medium","How many points is the Z tile worth in Scrabble?","10","8|5|6"
"Entertainment: Video Games","multiple","easy","What does the D stand for in D-pad, found on most video game controllers?","Directional","Dynamic|Dial-up|Design"
"General Knowledge","multiple","hard","What type of dog is &#039;Handsome Dan&#039;, the mascot of Yale University?","Bulldog","Yorkshire Terrier|Boxer|Pug"
"Animals","boolean","easy","Rabbits can&#039;t vomit.","True","False"
"Entertainment: Video Games","multiple","hard","Which of the following games in the The Legend of Zelda franchise was released in Japan before North America?","The Legend of Zelda: The Minish Cap","The Legend of Zelda: Twilight Princess|The Legend of Zelda: Spirit Tracks|The Legend of Zelda: Four Swords"
"Science &amp; Nature","multiple","easy","Which gas forms about 78% of the Earth&rsquo;s atmosphere?","Nitrogen","Oxygen|Argon|Carbon Dioxide"
"Entertainment: Film","multiple","easy","In the movie &quot;Spaceballs&quot;, what are the Spaceballs attempting to steal from Planet Druidia?","Air","The Schwartz|Princess Lonestar|Meatballs"
"Entertainment: Music","multiple","medium","According to their 1974 hit, what were Brownsville Station doing &quot;In The Boys&#039; Room&quot;?","Smokin&#039;","Hangin&#039;|Lovin&#039;|Peein&#039;"
"Entertainment: Video Games","multiple","easy","In &quot;Phoenix Wright: Ace Attorney&quot; which character is the District Chief of Police?","Damon Gant","Miles Edgeworth|Lana Skye|Mike Meekins"
"History","multiple","hard","During the Spanish Civil War (1936), Francisco Franco fought for which political faction?","Nationalist Spain","Republican Spain|Popular Front|Papal State"
"Geography","multiple","medium","What was the African nation of Zimbabwe formerly known as?","Rhodesia","Zambia|Mozambique| Bulawayo"
"Entertainment: Music","multiple","medium","In which year was the Megadeth album &quot;Peace Sells... but Who&#039;s Buying?&quot; released?","1986","1979|1987|1983"
"Science &amp; Nature","multiple","hard","Which of the following is the term for &quot;surgical complications resulting from surgical sponges left inside the patient&#039;s body?","Gossypiboma","Gongoozler|Jentacular|Meupareunia"
"Science: Gadgets","multiple","medium","Which company developed the Hololens?","Microsoft","HTC|Oculus|Tobii"
"Geography","boolean","hard","Only one country in the world starts with the letter Q.","True","False"
"Entertainment: Video Games","multiple","hard","In the Fallout series, on which date did The Great War happen?","October 23rd, 2077","May 15th, 2058|December 14th, 2069|November 5th, 2076"
"Entertainment: Japanese Anime &amp; Manga","multiple","hard","Which studio animated Afro Samurai?","Gonzo","Kyoto Animation|xebec|Production I.G"
"Politics","multiple","easy","Whose 2016 presidential campaign slogan was &quot;Make America Great Again&quot;?","Donald Trump","Ted Cruz|Marco Rubio|Bernie Sanders"
"General Knowledge","multiple","easy","According to the nursery rhyme, what fruit did Little Jack Horner pull out of his Christmas pie?","Plum","Apple|Peach|Pear"
"Entertainment: Video Games","multiple","medium","Which of these is the name of a cut enemy from &quot;Half-Life 2&quot;?","Hydra","Cthulu|Spike|Tremor"
"Entertainment: Video Games","multiple","easy","In the Half-Life series, Gordon Freeman&#039;s signature weapon is a:","Crowbar","Sledgehammer|Fiber Wire|Katana"
"General Knowledge","boolean","medium","Coca-Cola&#039;s original colour was green.","False","True"
"Entertainment: Film","boolean","easy","Samuel L. Jackson had the words, &#039;Bad Motherf*cker&#039; in-scripted on his lightsaber during the filming of Star Wars.","True","False"
"Science &amp; Nature","multiple","medium","On the periodic table of elements, what is the symbol for Tin?","Sn","Ti|Ni|Na"
"Entertainment: Music","boolean","easy","In 1993, Prince changed his name to an unpronounceable symbol because he was unhappy with his contract with Warner Bros.","True","False"
"Entertainment: Books","multiple","easy","Which of the following is the world&#039;s best-selling book?","The Lord of the Rings","The Little Prince|Harry Potter and the Philosopher&#039;s Stone|The Da Vinci Code"
"Entertainment: Cartoon &amp; Animations","multiple","hard","What was Maggie Simpson&#039;s first canonical word, not including the Tracey Ullman shorts?","Daddy.","Sequel?|Ja!|Rusty!"
"History","multiple","medium","When did L. L. Zamenhof first publish &quot;Unua Libro&quot;, the first publication describing his international language Esperanto?","1887","1897|1905|1915"
"Entertainment: Video Games","multiple","hard","What animal is on Link&#039;s pajamas in The Legend of Zelda: The Wind Waker?","Crawfish","Lobster|Salmon|Swordfish"
"Sports","multiple","easy","Which English football club has the nickname &#039;The Foxes&#039;?","Leicester City","Northampton Town|Bradford City|West Bromwich Albion"
"Entertainment: Television","multiple","medium","On the NBC show Community what was Star Burns&#039; real name?","Alex","Todd|Neal|Grimus"
"Entertainment: Film","multiple","medium","In the 1999 movie Fight Club, which of these is not a rule of the &quot;fight club&quot;?","Always wear a shirt","You do not talk about FIGHT CLUB|Only two guys to a fight|Fights will go on as long as they have to"
"Entertainment: Television","multiple","hard","What is the Klingon&#039;s afterlife called?","Sto-vo-kor","Valhalla|Karon&#039;gahk|New Jersey"
"Sports","multiple","medium","Who was the top scorer of the 2014 FIFA World Cup?","James Rodr&iacute;guez","Thomas M&uuml;ller|Lionel Messi|Neymar"
"History","multiple","medium","Which of his six wives was Henry VIII married to the longest?","Catherine of Aragon","Anne Boleyn|Jane Seymour|Catherine Parr"
"History","multiple","hard","Toussaint Louverture led a successful slave revolt in which country?","Haiti","France|Cuba|United States"
"Entertainment: Japanese Anime &amp; Manga","multiple","hard","Who was the Director of the 1988 Anime film &quot;Grave of the Fireflies&quot;?","Isao Takahata","Hayao Miyazaki|Satoshi Kon|Sunao Katabuchi"
"Entertainment: Music","multiple","hard","Which of these artists did NOT remix the song &quot;Faded&quot; by Alan Walker?","Skrillex","Ti&euml;sto|Slushii|Dash Berlin"
"Entertainment: Musicals &amp; Theatres","multiple","medium","What was George Bizet&#039;s last opera?","Carmen","Don Rodrigue|Gris&eacute;lidis|Les p&ecirc;cheurs de perles"
"Entertainment: Film","multiple","easy","What was the first monster to appear alongside Godzilla?","Anguirus","King Kong|Mothra|King Ghidora"
"Entertainment: Video Games","multiple","medium","Capcom&#039;s survival horror title Dead Rising, canonically starts on what day of September 2006?","September 19th","September 21st|September 30th|September 14th"
"Vehicles","multiple","easy","Where are the cars of the brand &quot;Ferrari&quot; manufactured?","Italy","Romania|Germany|Russia"
"History","multiple","hard","The ancient city of Chich&eacute;n Itz&aacute; was built by which civilization?","Mayans","Aztecs|Incas|Toltecs"
"Entertainment: Music","multiple","medium","Who had hits in the 70s with the songs &quot;Lonely Boy&quot; and &quot;Never Let Her Slip Away&quot;?","Andrew Gold","Elton John|Leo Sayer|Barry White "
"Geography","multiple","easy","What is the largest country, by area, that has only one time zone?","China","Canada|India|Russia"
"Science: Mathematics","multiple","medium","Which greek mathematician ran through the streets of Syracuse naked while shouting &quot;Eureka&quot; after discovering the principle of displacement?","Archimedes","Euclid|Homer|Eratosthenes"
"General Knowledge","boolean","easy","Did Michael Jackson invent the moonwalk?","False","True"
"Entertainment: Japanese Anime &amp; Manga","boolean","easy","Studio Ghibli is a Japanese animation studio responsible for the films &quot;Wolf Children&quot; and &quot;The Boy and the Beast&quot;.","False","True"
"Animals","boolean","medium","You can tell the age of a ladybird by counting the spots on his back.","False","True"
"Animals","multiple","medium","What color/colour is a polar bear&#039;s skin?","Black","White|Pink|Green"
"Entertainment: Video Games","multiple","easy","Who&#039;s the voice actor for Thrall in the Warcraft game series?","Chris Metzen","Ben Affleck|Jason Derulo|Jim Carrey"
"Science &amp; Nature","multiple","hard","What nucleotide pairs with guanine?","Cytosine","Thymine|Adenine|Uracil"
"Mythology","multiple","medium","According to Japanese folklore, what is the favorite food of the Kappa.","Cucumbers","Kabocha|Nasu|Soba"
"Entertainment: Video Games","multiple","hard","In Left 4 Dead, what is the character Bill&#039;s last name?","Overbeck","Fish|Roberts|Stevenson"
"History","multiple","hard","When did Spanish Peninsular War start?","1808","1806|1810|1809"
"Entertainment: Video Games","multiple","easy","Which company is the one responsible for creating the strategy videogame Stellaris?","Paradox Development Studio","Overkill Software|Tripwire Interactive LLC|Ensemble Studios"
"Geography","multiple","hard","When does Finland celebrate their independence day?","December 6th","January 2nd|November 12th|February 8th"
"General Knowledge","multiple","medium","After how many years would you celebrate your crystal anniversary?","15","20|10|25"
"Entertainment: Television","multiple","medium","Cesar Romero played which iconic Batman villain from the 1960&#039;s TV show?","The Joker","The Penguin|The Riddler|Mr. Freeze"
"Entertainment: Video Games","boolean","medium","In Riot Games &quot;League of Legends&quot; the name of Halloween event is called &quot;The Reckoning&quot;.","False","True"
"Entertainment: Television","multiple","easy","In the show &quot;Dragonball Z&quot;, what is the name of Cell&#039;s most powerful attack?","Solar Kamehameha","Super Kamehameha|Cell Kamehameha|Android Kamehameha"
"Entertainment: Video Games","multiple","medium","Ellen McLain, the voice of GLaDOS in the Portal game series, is married to the voice actor for which Team Fortress 2 character?","Sniper","Heavy|Soldier|Scout"
"Entertainment: Music","multiple","medium","Which country is singer Kyary Pamyu Pamyu from?","Japan","South Korea|China|Vietnam"
"Entertainment: Film","multiple","medium","Which director directed the movie &quot;Pan&#039;s Labyrinth&quot;?","Guillermo Del Toro","Alfonso Cuar&oacute;n|Alejandro Gonz&aacute;lez I&ntilde;&aacute;rritu| Alejandro Jodorowsky"
"Science: Computers","multiple","medium","Which of these programming languages is a low-level language?","Assembly","Python|C#|Pascal"
"History","boolean","easy","Adolf Hitler was tried at the Nuremberg trials.","False","True"
"Entertainment: Board Games","boolean","medium","&quot;Rich Uncle Pennybags&quot; from the board game &quot;Monopoly&quot; wears a monocle.","False","True"
"Entertainment: Video Games","multiple","medium","In Forza Motorsport 6, which of these track-exclusive cars was NOT featured in the game, either originally with the game or added as DLC?","Aston Martin Vulcan","Ferrari FXX-K|McLaren P1 GTR|Lotus E23"
"Entertainment: Music","multiple","medium","Which of these is not a member of the virtual band Gorillaz?","Phi Cypher","Murdoc Niccals|Noodle|Russel Hobbs"
"Entertainment: Comics","multiple","medium","Found in the Marvel Comics fictional universe, what is the name of the nearly indestructible metal that coats Wolverine&#039;s bones and claws?","Adamantium","Titanium|Vibranium|Carbonadium"
"Science: Computers","multiple","hard","What was the first company to use the term &quot;Golden Master&quot;?","Apple","IBM|Microsoft|Google"
"Entertainment: Film","boolean","easy","Shaquille O&#039;Neal appeared in the 1997 film &quot;Space Jam&quot;.","False","True"
"Entertainment: Video Games","multiple","medium","What former MOBA, created by Waystone Games and published by EA, was shut down in 2014?","Dawngate","Strife|League of Legends|Heroes of Newerth"
"Entertainment: Board Games","multiple","easy","Carcassonne is based on which French town?","Carcassonne","Paris|Marseille|Clermont-Ferrand"
"Entertainment: Japanese Anime &amp; Manga","multiple","medium","What was studio Trigger&#039;s first original long-form animated series for television?","Kill la Kill","Kiznaiver|Inferno Cop|Gurren Lagann"
"Entertainment: Video Games","multiple","easy","In what year was the first &quot;Mass Effect&quot; game released?","2007","2008|2009|2010"
"Sports","multiple","easy","What was the final score of the Germany vs. Brazil 2014 FIFA World Cup match?","7 - 1","0 - 1|3 - 4|16 - 0"
"Entertainment: Music","boolean","easy","Stevie Wonder&#039;s real name is Stevland Hardaway Morris.","True","False"
"Vehicles","multiple","hard","The difference between the lengths of a Boeing 777-300ER and an Airbus A350-1000 is closest to:","0.1m","1m|10m |100m"
"Science: Computers","boolean","medium","The open source program Redis is a relational database server.","False","True"
"History","multiple","hard","Which of the following Physicists aided Nazi Germany in their production of a nuclear weapon?","Werner Heisenberg","John von Neumann|Albert Einstein|Max Planck"
"History","boolean","easy","Former United States Presidents John Adams and Thomas Jefferson died within hours of each other.","True","False"
"Sports","multiple","easy","Which year did Jenson Button won his first ever Formula One World Drivers&#039; Championship?","2009","2010|2007|2006"
"Science &amp; Nature","multiple","hard","What is the name for the auditory illusion of a note that seems to be rising infinitely?","Shepard Tone","Glissandro Illusion|Fransen Effect|McGurck Effect"
"Entertainment: Video Games","multiple","medium","What CoD &quot;Deathstreak&quot; is only featured in Call of Duty : Modern Warfare 2?","Copycat"," Martrydom|Final Stand|Revenge"
"Animals","multiple","hard","What is the scientific name of the Budgerigar?","Melopsittacus undulatus","Nymphicus hollandicus|Pyrrhura molinae|Ara macao"
"Entertainment: Film","multiple","hard","What was the first superhero film James Gunn was involved with?","The Specials","Super|Guardians of the Galaxy|Brightburn"
"Entertainment: Television","multiple","hard","What was the name of the inflatable duck sacrified to the crowd at the end of Episode 34 of the 18th season of Big Brother?","Pablo","Esteban|Carlos|Duckster"
"General Knowledge","multiple","medium","What character was once considered to be the 27th letter of the alphabet?","Ampersand","Interrobang|Tilde|Pilcrow"
"Science &amp; Nature","multiple","hard","What element on the periodic table has 92 electrons?","Uranium","Sulfur|Hydrogen|Iron"
"General Knowledge","multiple","medium","In the Morse code, which letter is indicated by 3 dots? ","S","O|A|C"
"History","multiple","medium","When did the Battle of the Bulge end?","January 25, 1945","August 6, 1945|December 7, 1941|December 16, 1944"
"General Knowledge","multiple","hard","According to Fair Works Australia, how long do you have to work to get Long Service Leave?","7 years","2 years|8 years|6 months"
"Geography","multiple","easy","What is the name of New Zealand&#039;s indigenous people?","Maori","Vikings|Polynesians|Samoans"
"Entertainment: Video Games","multiple","hard","Which game in the &quot;Halo&quot; series has the strongest iteration of the shotgun?","Halo: Combat Evolved","Halo 2|Halo 3|Halo: Reach"
"Mythology","multiple","hard","Who is a minor god that is protector and creator of various arts, such as cheese making and bee keeping.","Aristaeus","Autonoe|Carme|Cephisso"
"Entertainment: Music","multiple","easy","What is the stage name of English female rapper Mathangi Arulpragasam, who is known for the song &quot;Paper Planes&quot;?","M.I.A.","K.I.A.|C.I.A.|A.I.A."
"Entertainment: Film","multiple","medium","Who played Sgt. Gordon Elias in &#039;Platoon&#039; (1986)?","Willem Dafoe","Charlie Sheen|Matt Damon|Johnny Depp"
"Science: Gadgets","multiple","medium","Out of all of the NASA Space Shuttles, which 2 have been destroyed in disasters?","Challenger and Columbia","Enterprise and Atlantis|Discovery and Endeavour|None of the Above"
"Entertainment: Video Games","boolean","easy","In the Monster Hunter Series, it is possible to capture Elder Dragons.","False","True"
"General Knowledge","multiple","hard","Which of the following is not another name for the eggplant?","Potimarron","Brinjal|Guinea Squash|Melongene"
"Entertainment: Cartoon &amp; Animations","multiple","medium","Nickelodeon is owned by what parent company?","Viacom","CBS|FOX|ABC"
"Politics","boolean","medium","Helen Clark was the 37th Prime Minister of Australia.","False","True"
"Geography","boolean","easy","There is a city called Rome in every continent on Earth.","False","True"
"General Knowledge","multiple","easy","Which type of cutlery is most suited for eating soup?","Spoon","Fork|Knife|Chopsticks"
"Entertainment: Video Games","multiple","easy","In the &quot;Hitman&quot; series, what is the name of the main character?","Agent 47","Agent 27|Agent Smith|Agent 67"
"Science &amp; Nature","multiple","hard","What is the unit of electrical inductance?","Henry","Weber|Coulomb|Mho"
"Entertainment: Video Games","multiple","medium","When was &quot;System Shock&quot; released?","1994","1995|2000|1998"
"Entertainment: Video Games","boolean","easy","In &quot;Mario Kart 64&quot;, Waluigi is a playable character.","False","True"
"Sports","multiple","easy","What team did England beat to win in the 1966 World Cup final?","West Germany","Soviet Union|Portugal|Brazil"
"Science &amp; Nature","multiple","hard","Coulrophobia is the irrational fear of what?","Clowns","Cemeteries|Needles|Tunnels"
"Entertainment: Film","multiple","medium","Which of the following actors does not play a role in the movie &quot;The Usual Suspects?&quot;","Steve Buscemi","Kevin Spacey|Benicio Del Toro|Gabriel Byrne"
"Animals","multiple","easy","How many teeth does an adult rabbit have?","28","30|26|24"
"Geography","multiple","medium","On which continent is the country of Angola located?","Africa","South America|Europe|Asia"
"Entertainment: Music","multiple","hard","Which of these artists did NOT feature in the fitfh studio album &quot;Humanz&quot; by British virtual band Gorillaz?","Snoop Dogg","Vince Staples|Pusha T|Danny Brown"
"Entertainment: Music","multiple","hard","What is Pink Floyd&#039;s first album?","The Piper at the Gates of Dawn","The Dark Side of the Moon|Wish You Were Here|Meddle"
"Science: Computers","boolean","easy","The first IBM PC was released in 1981.","True","False"
"Entertainment: Video Games","multiple","hard","In the &quot;Devil May Cry&quot; franchise, which game is chronologically first?","Devil May Cry 3: Dante&#039;s Awakening ","Devil May Cry 4|Devil May Cry|Devil May Cry 2"
"History","multiple","easy","Who was the Prime Minister of Japan when Japan declared war on the US?","Hideki Tojo","Michinomiya Hirohito|Isoroku Yamamoto|Fumimaro Konoe"
"Entertainment: Video Games","multiple","medium","The &#039;64&#039; in the Nintendo-64 console refers to what?","The bits in the CPU architecture","The number of megabytes of RAM|Capacity of the ROM Cartridges in megabytes|Clock speed of the CPU in Hertz"
"General Knowledge","multiple","medium","Which of these Nicktoons were NOT originally a short on Oh Yeah! Cartoons before becoming their own series?","Danny Phantom","ChalkZone|My Life as a Teenage Robot|The Fairly OddParents"
"General Knowledge","multiple","easy","What does VR stand for?","Virtual Reality","Very Real|Visual Recognition|Voice Recognition"
"Sports","multiple","easy","Which African American is in part responsible for integrating  Major League baseball?","Jackie Robinson","Curt Flood|Roy Campanella|Satchell Paige"
"General Knowledge","multiple","medium","What is the Swedish word for &quot;window&quot;?","F&ouml;nster","H&aring;l|Sk&auml;rm|Ruta"
"Entertainment: Japanese Anime &amp; Manga","multiple","medium","What is the name of Ryūko Matoi&#039;s theme song in the anime Kill la Kill?","Before My Body Is Dry","Don&#039;t Lose Your Way|Till I Die|Suck Your Blood"
"History","multiple","medium","One of the deadliest pandemics, the &quot;Spanish Flu&quot;, killed off what percentage of the human world population at the time?","3 to 6 percent","6 to 10 percent|1 to 3 percent|less than 1 percent"
"Entertainment: Video Games","multiple","hard","How many aces can be shot down through the entirety of &quot;Ace Combat Zero: The Belkan War&quot;?","169","100|132|245"
"General Knowledge","boolean","easy","Adolf Hitler was born in Australia. ","False","True"
"Entertainment: Music","multiple","easy","Which song on Daft Punk&#039;s &quot;Random Access Memories&quot; features Pharrell Williams?","Get Lucky","Doin&#039; It Right|Instant Crush|The Game of Love"
"Geography","multiple","hard","In which city is the Big Nickel located in Canada?","Sudbury, Ontario","Calgary, Alberta|Halifax, Nova Scotia |Victoria, British Columbia"
"Entertainment: Video Games","multiple","medium","Which of these is NOT a name of a city in the main island of PLAYERUNKNOWN&#039;S BATTLEGROUNDS?","Belushya Guba","Yasnaya Polyana|Pochinki|Georgopol"
"Animals","boolean","medium","Hyenas are more closely related to cats than to dogs.","True","False"
"Geography","multiple","medium","Which of these countries is not a United Nations member state?","Niue","Tuvalu|South Sudan|Montenegro"
"Geography","boolean","easy","The Republic of Malta is the smallest microstate worldwide.","False","True"
"General Knowledge","multiple","easy","In &quot;Shrek&quot;, what comedic actor voices Donkey?","Eddie Murphy","Chris Rock|Richard Pryor|Bernie Mac"
"Animals","multiple","medium","What are rhino&#039;s horn made of?","Keratin","Bone|Ivory|Skin"
"Sports","multiple","easy","&quot;Stadium of Light&quot; is the home stadium for which soccer team?","Sunderland FC","Barcelona FC|Paris Saints-Germain|Manchester United"
"Entertainment: Film","multiple","hard","In what year did Clint Eastwood star as Inspector Harry Callahan in the film &quot;Dirty Harry&quot;?","1971","1975|1983|1969"
"Entertainment: Video Games","multiple","medium","Which company did Bethesda purchase the Fallout Series from?","Interplay Entertainment ","Capcom|Blizzard Entertainment|Nintendo"
"Entertainment: Japanese Anime &amp; Manga","multiple","medium","In the anime, &quot;Fullmetal Alchemist&quot;, who is known as the &#039;Flame Alchemist&#039;?","Roy Mustang","Edward Elric|Maes Hughes|Lin Yao"
"Animals","boolean","easy","In 2016, the IUCN reclassified the status of Giant Pandas from endangered to vulnerable.","True","False"
"Sports","multiple","easy","What year did the New Orleans Saints win the Super Bowl?","2010","2008|2009|2011"
"Science &amp; Nature","multiple","hard","What is the scientific name for the extinct hominin known as &quot;Lucy&quot;?","Australopithecus Afarensis","Australopithecus Africanus|Australopithecus Architeuthis|Australopithecus Antaris"
"Entertainment: Music","multiple","medium","What year was Weezer&#039;s album &quot;Pinkerton&quot; released? ","1996","1990|2001|1994"
"Entertainment: Comics","multiple","medium","In Calvin and Hobbes, what is the name of Susie&#039;s stuffed rabbit?","Mr. Bun","Mr. Bunbun|Mr. Rabbit|Mr. Hoppy"
"Sports","multiple","easy","Which NFL team plays for New England?","Patriots","Chiefs|Dolphins|49ers"
"Entertainment: Music","multiple","easy","Who is the lead singer of Pearl Jam?","Eddie Vedder","Ozzy Osbourne|Stone Gossard|Kurt Cobain"
"Entertainment: Video Games","multiple","hard","In &quot;Call Of Duty: Zombies&quot;, what does the game traditionally reward you for completing a boss round?","Max Ammo","A Pack-A-Punched gun|Death Machine|Monkey Bombs"
"Science: Computers","multiple","easy","Which computer hardware device provides an interface for all other connected devices to communicate?","Motherboard","Central Processing Unit|Hard Disk Drive|Random Access Memory"
"Entertainment: Video Games","multiple","medium","In the game Overwatch, which hero out of the following 4 is from Brazil?","L&uacute;cio","Sombra|McCree|Symmetra"
"Sports","multiple","medium","Which country is hosting the 2022 FIFA World Cup?","Qatar","Uganda|Vietnam|Bolivia"
"General Knowledge","multiple","easy","Which of the following nations was NOT a belligerent in World War I?","Denmark","Portugal|Greece|Romania"
"Science: Computers","boolean","hard","DHCP stands for Dynamic Host Configuration Port.","False","True"
"General Knowledge","multiple","easy","In &quot;Katamari Damacy&quot;, you control a character known as:","The Prince","Fujio|Ichigo |Foomin"
"History","multiple","hard","The Hagia Sophia was commissioned by which emperor of the Byzantine Empire?","Justinian I","Constantine IV|Arcadius|Theodosius the Great"
"Entertainment: Cartoon &amp; Animations","multiple","medium","Which &quot;Toy Story&quot; character was voiced by Don Rickles?","Mr. Potato Head","Slinky Dog|Hamm|Rex"
"Entertainment: Video Games","multiple","hard","How many partners can you obtain in Paper Mario: The Thousand-Year Door?","7","6|9|10"
"History","multiple","easy","In what year was the M1911 pistol designed?","1911","1907|1899|1917"
"History","multiple","easy","In which year did the Invasion of Kuwait by Iraq occur?","1990","1992|1988|1986"
"Entertainment: Video Games","multiple","hard","What vault in the video game &quot;Fallout 3&quot; is the home of multiple clones named Gary?","Vault 108","Vault 101|Vault 87|Vault 21"
"Entertainment: Film","boolean","hard","&quot;Cube&quot;, &quot;Cube 2: Hypercube&quot; and &quot;Cube Zero&quot; were directed by the same person.","False","True"
"General Knowledge","multiple","easy","What was the nickname given to the Hughes H-4 Hercules, a heavy transport flying boat which achieved flight in 1947?","Spruce Goose","Noah&#039;s Ark|Fat Man|Trojan Horse"
"Entertainment: Music","multiple","hard","What song includes the words &quot;Numa Numa&quot; which was subject to a Viral Video in 2004?","Dragostea Din Tei","Despacito|Gangnam Style|Asereje"
"Entertainment: Television","multiple","easy","In &quot;Star Trek: Voyager&quot;, which episode did Voyager establish real-time communication with Starfleet Headquarters?","Pathfinder","Message In A Bottle|Someone To Watch Over Me|Counterpoint"
"Entertainment: Video Games","multiple","medium","Which of these is not a playable character in &quot;Enter The Gungeon?&quot;","The Heavy","The Bullet|The Robot|The Cultist"
"History","multiple","hard","What was the code name for the Allied invasion of Southern France on August 15th, 1944?","Operation Dragoon","Operation Overlord|Operation Market Garden|Operation Torch"
"Entertainment: Video Games","multiple","easy","Which Elite Four member from the first generation of Pok&eacute;mon became the champion in the next generation?","Lance","Agatha|Bruno|Lorelei"
"Science: Computers","multiple","hard","What type of sound chip does the Super Nintendo Entertainment System (SNES) have?","ADPCM Sampler","FM Synthesizer|Programmable Sound Generator (PSG)|PCM Sampler"
"Geography","multiple","medium","Where is the &quot;Sonoran Desert&quot; located?","North America","South America|Asia|Africa"
"Politics","boolean","easy","One of Donald Trump&#039;s 2016 Presidential Campaign promises was to build a border wall between the United States and Mexico.","True","False"
"Entertainment: Books","multiple","medium","Which Russian author wrote the epic novel War and Peace?","Leo Tolstoy","Fyodor Dostoyevsky|Alexander Pushkin|Vladimir Nabokov"
"Science &amp; Nature","boolean","medium","The most frequent subconscious activity repeated by the human body is blinking.","False","True"
"Entertainment: Music","boolean","easy","American rapper Dr. Dre actually has a Ph.D. doctorate.","False","True"
"Entertainment: Comics","multiple","medium","Which issue of the &quot;Sonic the Hedgehog&quot; comic did Scourge the Hedgehog make his first appearance?","Sonic the Hedgehog #11","Sonic Universe #32|Sonic the Hedgehog #161|Sonic the Hedgehog #47"
"Entertainment: Video Games","multiple","medium","Which of these characters was almost added into Super Smash Bros. Melee, but not included as the game was too far in development?","Solid Snake","Pit|Meta Knight|R.O.B."
"Entertainment: Video Games","multiple","medium","Which character does the player play as in the video game &quot;Bastion&quot;?","The Kid","Rucks|Zulf|Zia"
"General Knowledge","boolean","hard","Stagecoach owned &quot;South West Trains&quot; before losing the rights to FirstGroup and MTR in March of 2017.","True","False"
"Entertainment: Video Games","multiple","medium","In the co-op shooter Payday 2, which contact helps you break out Hoxton?","The Dentist","Vlad|The Elephant|The Butcher"
"Science &amp; Nature","multiple","easy","What is the chemical makeup of water?","H20","C12H6O2|CO2|H"
"Entertainment: Video Games","multiple","hard","In &quot;Starbound&quot;, according to the asset files, the description of the &quot;Erchius Ghost&quot; is the same as which other assets?","Spookit","Petricub|Trictus|Pyromantle"
"History","multiple","medium","The minigun was designed in 1960 by which manufacturer.","General Electric","Colt Firearms|Heckler &amp; Koch|Sig Sauer"
"Science: Computers","multiple","medium","The teapot often seen in many 3D modeling applications is called what?","Utah Teapot","Pixar Teapot|3D Teapot|Tennessee Teapot"
"Entertainment: Video Games","multiple","easy","In the lore of the PAYDAY series, which criminal was arrested and then latered rescued by the PAYDAY gang?","Hoxton","Dallas|Wolf|Chains"
"General Knowledge","multiple","hard","Originally another word for poppy, coquelicot is a shade of what?","Red","Green|Blue|Pink"
"Entertainment: Music","multiple","medium","Saul Hudson (Slash) of the band Guns N&#039; Roses is known for playing what type of guitar?","Les Paul Standard","Fender Stratocaster|LsL Mongrel|Gretsch Falcon"
"Animals","boolean","medium","An octopus can fit through any hole larger than its beak.","True","False"
"Entertainment: Film","boolean","easy","Ewan McGregor did not know the name of the second prequel film of Star Wars during and after filming.","True","False"
"Entertainment: Video Games","multiple","easy","The Khajiit are a race of cat-like creatures from which epic series of role-playing games, set across the land of Tamriel?","The Elder Scrolls","Lord of the Rings|The Witcher|Neverwinter Nights"
"History","multiple","hard","The main objective of the German operation &quot;Case Blue&quot; during World War II was originally to capture what?","Caucasus","Stalingrad|Crimea|Voronezh"
"Science &amp; Nature","multiple","hard","What common name is given to the medial condition, tibial stress syndrome (MTSS)?","Shin Splints","Tennis Elbow|Carpal Tunnel|Housemaid&#039;s Knee"
"Entertainment: Music","multiple","easy","Which English guitarist has the nickname &quot;Slowhand&quot;?","Eric Clapton","Mark Knopfler|Jeff Beck|Jimmy Page"
"Entertainment: Comics","multiple","medium","Which of these game-based comics were published in 2011 by DC Comics?","Infamous","Left 4 Dead: The Sacrifice|Prototype|Kane &amp; Lynch"
"Entertainment: Japanese Anime &amp; Manga","multiple","medium","In Pok&eacute;mon Chronicles, why was Misty afraid of Gyarados?","She crawled into it&#039;s mouth as a baby.","She found it scary.|She was badly injured from it.|It is part Bug."
"Entertainment: Video Games","boolean","medium","Pistons were added to Minecraft in Beta 1.5.","False","True"
"Entertainment: Video Games","multiple","medium","In the &quot;Call Of Duty: Zombies&quot; map &quot;Origins&quot;, how many steps are there to upgrade a Staff?","4","7|5|3"
"General Knowledge","multiple","easy","Which country developed the AK-47 assault rifle?","Soviet Union","Iran|Israel|Poland"
"Geography","multiple","easy","How many countries does the United States share a land border with?","2","1|3|4"
"Science: Mathematics","multiple","medium","In the hexadecimal system, what number comes after 9?","The Letter A","10|The Number 0|16"
"Science: Computers","multiple","hard","What was the name of the first Bulgarian personal computer?","IMKO-1","Pravetz 82|Pravetz 8D|IZOT 1030"
"Entertainment: Board Games","boolean","easy","In the Dungeons and Dragons universe, Beshaba is the deity of bad luck. ","True","False"
"History","multiple","medium","The Fallingwater House, located in Pennsylvania, was designed by which architect?","Frank Lloyd Wright","Antoni Gaudi|Frank Gehry|Le Corbusier"
"Science: Computers","boolean","easy","Pointers were not used in the original C programming language; they were added later on in C++.","False","True"
"Entertainment: Video Games","multiple","medium","In World of Warcraft lore, who was first to have the title &quot;The Ashbringer&quot;?","Alexandros Mograine","Tirion Fordring|Arthas Menethil|Uther the Lightbringer"
"General Knowledge","multiple","medium","What fast food chain has the most locations globally? ","Subway","Starbucks|McDonalds|KFC"
"Vehicles","multiple","medium","Which of the following car models has been badge-engineered (rebadged) the most?","Isuzu Trooper","Holden Monaro|Suzuki Swift|Chevy Camaro"
"Entertainment: Music","multiple","medium","EDM record label Monstercat is based in which country?","Canada","United States|Australia|United Kingdom"
"Entertainment: Television","multiple","hard","What was the UK &quot;Who Wants to be a Millionaire?&quot; cheating scandal known as?","Major Fraud","Ingram Cheater|Coughing Major|Millionaire Crime"
"Entertainment: Video Games","multiple","easy","In the video game &quot;Postal 2&quot;, what is the name of Postal Dude&#039;s dog?","Champ","Snoopy|Krotchy|Duke"
"Geography","multiple","easy","How many time zones does China have?","1","3|4|2"
"Entertainment: Film","multiple","medium","In what year was the first Transformers movie released?","1986","2007|1984|2009"
"Entertainment: Video Games","boolean","easy","The Konami Code is known as Up, Up, Down, Down, Left, Right, Right, Left, B, A, Start.","False","True"
"Entertainment: Japanese Anime &amp; Manga","multiple","hard","Which of the following countries does &quot;JoJo&#039;s Bizarre Adventure: Stardust Crusaders&quot; not take place in?","Philippines","India|Pakistan|Egypt"
"Vehicles","boolean","medium","The Chevrolet Corvette has always been made exclusively with V8 engines only.","False","True"
"Entertainment: Musicals &amp; Theatres","multiple","hard","Which Shakespeare play features the stage direction &quot;Enter a messenger, with two heads and a hand&quot;?","Titus Andronicus","Othello|Macbeth|King Lear"
"Entertainment: Film","multiple","easy","Which animated movie was first to feature a celebrity as a voice actor?","Aladdin","Toy Story|James and the Giant Peach|The Hunchback of Notre Dame"
"Entertainment: Video Games","multiple","medium","&quot;Rollercoaster Tycoon&quot; was programmed mostly entirely in...","x86 Assembly","C++|C|ALGOL"
"Entertainment: Video Games","multiple","medium","Mirror&#039;s Edge Catalyst takes place in the City of...?","Glass","Mirrors|Purity|Diamonds"
"Vehicles","multiple","hard","Which of the following FIA Rally cars was approved for use in the Group B class first? ","Porsche 911 Turbo","Audi Quattro A2|BMW M1|Lancia Rally 037"
"Science: Mathematics","multiple","medium","How many zeros are there in a googol?","100","10|1,000|1,000,000"
"General Knowledge","boolean","medium","Kraft &quot;Cheez Whiz&quot; contains cheese culture, but doesn&#039;t actually contain cheese","True","False"
"General Knowledge","multiple","medium","What is a Burgee?","A flag","A rope|A window|A type of food"
"Entertainment: Music","multiple","medium","What is the real name of Canadian electronic music producer deadmau5?","Joel Zimmerman","Sonny Moore|Adam Richard Wiles|Thomas Wesley Pentz"
"General Knowledge","multiple","hard","Which of these cities does NOT have a United States Minting location?","St. Louis, MO","San Fransisco, CA|Philidelphia, PA|West Point, NY"
"Celebrities","multiple","medium","Which of these celebrities was not a member of the Jackson 5?","Bo Jackson","Tito Jackson|Jermaine Jackson|Marlon Jackson"
"Entertainment: Music","multiple","easy","Which artist released the 2012 single &quot;Harlem Shake&quot;, which was used in numerous YouTube videos in 2013?","Baauer","RL Grime|NGHTMRE|Flosstradamus"
"History","multiple","medium","Who was the only US President to be elected four times?","Franklin Roosevelt","Theodore Roosevelt|George Washington|Abraham Lincoln"
"Sports","multiple","medium","Who won the 2011 Stanley Cup?","Boston Bruins","Montreal Canadiens|New York Rangers|Toronto Maple Leafs"
"Entertainment: Music","multiple","easy","What is the real name of American rapper Eminem, also known as Slim Shady?","Marshall Mathers","Calvin Broadus|Shawn Carter|Nasir Jones"
"Entertainment: Television","multiple","hard","In &quot;Star Trek&quot;, who was the founder of the Klingon Empire and its philosophy?","Kahless the Unforgettable","Lady Lukara of the Great Hall|Molor the Unforgiving|Dahar Master Kor"
"Entertainment: Video Games","multiple","medium","Who is the creator of the free, open-source rhythm game &#039;osu!&#039;?","Dean &#039;Peppy&#039; Herbert","Daisuke &#039;Pixel&#039; Amaya|Eric &#039;ConcernedApe&#039; Barone|Toby &#039;FwugRadiation&#039; Fox"
"History","boolean","easy","The Tiananmen Square protests of 1989 were held in Hong Kong.","False","True"
"Entertainment: Video Games","multiple","easy","In the Super Smash Bros. series, which character was the first one to return to the series after being absent from a previous game?","Dr. Mario","Mewtwo|Lucas|Roy"
"General Knowledge","multiple","medium","Which month is Black History Month in the US?","February","May|November|August"
"History","multiple","easy","How long did World War II last?","6 years","4 years|5 years|7 years"
"Entertainment: Japanese Anime &amp; Manga","multiple","medium","In &quot;Highschool DxD&quot;, Koneko Toujou is from what race?","Nekomata","Kitsune|Human|Kappa"
"Science &amp; Nature","multiple","medium","Which of these is a type of stretch/deep tendon reflex?","Ankle jerk reflex","Gag reflex|Pupillary light reflex|Scratch reflex"
"Politics","multiple","hard","Which letter do you need to have on a European driver license in order to ride any motorbikes?","A","X|D|B"
"Entertainment: Video Games","multiple","hard","In the original &quot;Super Mario Bros.&quot;, what is the acceleration of Mario if he was in free fall?","91.28 m/s^2","110  m/s^2|9.42  m/s^2|4.4  m/s^2"
"Animals","multiple","medium","What type of animal is a natterjack?","Toad","Bird|Fish|Insect"
"Entertainment: Video Games","multiple","medium","In the game &quot;Persona 4&quot;, what is the canonical name of the protagonist?","Yu Narukami","Chino Mashido|Tunki Sunada|Masaki Narinaka"
"Entertainment: Books","multiple","hard","In the Magic: The Gathering universe, the Fallen Empires expansion takes place on which continent?","Sarpadia","Otaria|Terisiare|Shiv"
"Entertainment: Cartoon &amp; Animations","multiple","medium","Which city did Anger berate for ruining pizza in &quot;Inside Out&quot;?","San Francisco","Minnesota|Washington|California"
"Entertainment: Video Games","multiple","easy","In Grand Theft Auto V, what was Michael De Santa&#039;s former surname?","Townley","De Santos|Watson|Simpson"
"Entertainment: Video Games","multiple","hard","In the &quot;Little Lost Girl&quot; Easter Egg in Call of Duty: Black Ops II, what&#039;s the last step required for the achievement?","Raise Hell","Freedom|Skewer the Winged Beast|Ascend from Darkness"
"Science: Computers","multiple","hard","How many Hz does the video standard PAL support?","50","59|60|25"
"Science &amp; Nature","multiple","medium","The humerus, paired radius, and ulna come together to form what joint?","Elbow","Knee|Sholder|Ankle"
"Entertainment: Video Games","multiple","easy","Which psychopath(s) in Dead Rising 1 gave you the small chainsaw?","Adam the Clown","Cliff Hudson|The convicts|Larry the butcher"
"Entertainment: Cartoon &amp; Animations","multiple","medium","Bugs Bunny, Tony the Tiger, and other bipedal animal characters are known as what type of character?","Anthropomorphic","Anthropolegic |Anthrologic|Anthrogenetic"
"Entertainment: Video Games","multiple","medium","In &quot;Resident Evil 2&quot;, which virus was William Birkin mutated by?","G-Virus","T-Virus|C-Virus|E-Virus"
"Entertainment: Music","multiple","hard","The song &quot;Old Town Road&quot; by American rapper Lil Nas X samples the song &quot;34 Ghosts IV&quot; by which band?","Nine Inch Nails","Death Grips|Iron Maiden|Animal Collective"
"Entertainment: Television","multiple","medium","In which year did the British television series &quot;The Bill&quot; end?","2010","2001|2007|2012"
"Entertainment: Film","multiple","medium","Which Marvel superhero did Chris Evans play prior to his role as Captain America?","Human Torch","Cyclops|Iceman|Daredevil"
"Science &amp; Nature","multiple","hard","Which one of these is scientific term for &quot;Brain Freeze&quot;?","Sphenopalatine Ganglioneuralgia","Hyacinthoides Italica|Amaranthus Retroflexus|Amblyomma Americanum"
"History","multiple","medium","In which year was Constantinople conquered by the Turks?","1453","1435|1454|1440"
"History","multiple","easy","Which one of these countries was NOT in the Central Powers during WWI?","Spain","Austria-Hungary|Turkey|Germany"
"Entertainment: Video Games","multiple","easy","What type of Pok&eacute;mon is Charizard?","Fire/Flying","Fire|Dragon|Fire/Dragon"
"Sports","multiple","hard","What is &ldquo;The Sport of Kings&rdquo;?","Horse Racing","Chess|Jousting|Fencing"
"Entertainment: Board Games","multiple","hard","Which of these cards from &quot;Magic: The Gathering&quot; has a flavor text that begins with &quot;Oi oi oi&quot;?","Uthden Troll","Lotleth Troll|Albino Troll|Harvester Troll"
"Entertainment: Video Games","multiple","medium","In Terraria, what does the Wall of Flesh not drop upon defeat?","Picksaw","Pwnhammer|Breaker Blade|Laser Rifle"
"Entertainment: Film","multiple","easy","Who plays protagonist Ethan Hunt in the &quot;Mission: Impossible&quot; film-series?","Tom Cruise","Johnny Depp|Sean Connery|Pierce Brosnan"
"Geography","multiple","hard","What is the largest city and commercial capital of Sri Lanka?","Colombo","Moratuwa|Negombo|Kandy"
"History","multiple","hard","Which English king was married to Eleanor of Aquitaine?","Henry II","Richard I|Henry I|Henry V"
"Politics","multiple","hard","What is centralism?"," Concentration of power and authority in a central organization.","Conforming to one single common political agenda.|Remaining politically neutral.|The grey area in the spectrum of political left and right."
"Entertainment: Books","multiple","hard","In the Harry Potter universe, what is Cornelius Fudge&#039;s middle name?","Oswald","James|Harold|Christopher"
"Geography","multiple","easy","Which nation claims ownership of Antarctica?","No one, but there are claims.","United States of America|United Nations|Australia"
"Science: Gadgets","multiple","easy","What is the name of a simple machine that is made up of a stiff arm that can move freely around a fixed point?","Lever","Wedge|Screw|Pulley"
"General Knowledge","boolean","medium","An eggplant is a vegetable.","False","True"
"Science: Computers","multiple","hard","America Online (AOL) started out as which of these online service providers?","Quantum Link","CompuServe|Prodigy|GEnie"
"History","multiple","hard","Who is the creator of the soft drink, Dr. Pepper?","Charles Alderton","James Wellington|Johnson Hinsin|Boris Heviltik"
"Science: Computers","multiple","medium","What five letter word is the motto of the IBM Computer company?","Think","Click|Logic|Pixel"
"Entertainment: Video Games","multiple","medium","The walls of the Goldenrod City Gym in &quot;Pok&eacute;mon Gold and Silver&quot; are arranged in the shape of which Pok&eacute;mon?","Clefairy","Bulbasaur|Pikachu|Pidgey"
"Mythology","multiple","hard","What immense structure is referred to in Norse Mythology as the Yggdrasil.","Tree","Mountain|Temple|Castle"
"History","multiple","easy","On what street did the 1666 Great Fire of London start?","Pudding Lane","Baker Street|Houses of Parliament|St Paul&#039;s Cathedral"
"Entertainment: Video Games","multiple","medium","In &quot;Overwatch&quot;, what is the name of Mercy&#039;s &quot;ultimate ability&quot;?","Valkyrie","Earthshatter|Rocket Barrage|Molten Core"
"Entertainment: Comics","multiple","medium","Which Doom Patrol member was a later addition, first appearing in 1989?","Crazy Jane","Elast-Girl|Robotman|Negative Man"
"Science: Computers","multiple","medium","What is the correct term for the metal object in between the CPU and the CPU fan within a computer system?","Heat Sink","CPU Vent|Temperature Decipator|Heat Vent"
"Sports","multiple","easy","In Baseball, how many times does the ball have to be pitched outside of the strike zone before the batter is walked?","4","1|2|3"
"Entertainment: Video Games","multiple","medium","In &quot;The Binding of Isaac&quot;, what is the name of the final boss that you fight in The Void?","Delirium","Mega Satan|Hush|The Lamb"
"Entertainment: Television","multiple","medium","In &quot;Star Trek&quot;, what is the Klingon death ritual?","Look into sky and yell loudly in mourning.","Kiss the jagged forehead before burial.|Shoot into space in a torpedo casing.|Split the deceased&#039;s earnings between bloodkin."
"Entertainment: Cartoon &amp; Animations","multiple","easy","What is lost in Hawaiian and is also the name of a little girl in a 2002 film which features a alien named &quot;Stitch&quot;?","Lilo","Lolo|Lucy|Lulu"
"Geography","boolean","medium","You could walk from Norway to North Korea while only passing through Russia.","True","False"
"Geography","boolean","easy","Tokyo is the capital of Japan.","True","False"
"Entertainment: Video Games","multiple","medium","In &quot;Resident Evil 2&quot;, what is Leon Kennedy&#039;s middle name?","Scott","Shaun|Simon|Sam"
"Entertainment: Video Games","multiple","easy","Who is Sonic&#039;s sidekick?","Tails","Shadow|Amy|Knuckles"
"Entertainment: Japanese Anime &amp; Manga","boolean","easy","Gosho Aoyama Made This Series: (Detective Conan / Case Closed!)","True","False"
"General Knowledge","multiple","medium","Where does water from Poland Spring water bottles come from?","Maine, United States","Hesse, Germany|Masovia, Poland|Bavaria, Poland"
"Celebrities","multiple","medium","Which American celebrity died in 1977 playing golf in La Moraleja, Madrid?","Bing Crosby","Elvis Presley|Charlie Chaplin|Groucho Marx"
"Science: Computers","boolean","easy","Time on Computers is measured via the EPOX System.","False","True"
"Entertainment: Japanese Anime &amp; Manga","multiple","medium","Who is the creator of the manga series &quot;One Piece&quot;?","Eiichiro Oda","Yoshihiro Togashi|Hayao Miyazaki|Masashi Kishimoto"
"Politics","multiple","hard","What year did the effort to deploy the Common Core State Standards (CCSS) in the US begin?","2009","2012|2006|1997"
"Entertainment: Video Games","multiple","hard","When was Pokemon GO released in North America?","July 6th, 2016","June 5th, 2016|May 24th, 2016|January 2nd, 2017"
"Politics","multiple","medium","The 2014 movie &quot;The Raid 2: Berandal&quot; was mainly filmed in which Asian country?","Indonesia","Thailand|Brunei|Malaysia"
"General Knowledge","multiple","easy","In DC comics where does the Green Arrow (Oliver Queen) live?","Star City","Central City|Gotham City|Metropolis"
"Entertainment: Books","multiple","medium","Which of these book series is by James Patterson?","Maximum Ride","Harry Potter|The Legend of Xanth|The Bartemaeus Trilogy"
"Science &amp; Nature","multiple","hard","What is isobutylphenylpropanoic acid more commonly known as?","Ibuprofen","Morphine|Ketamine|Aspirin"
"Science &amp; Nature","multiple","hard","Which of the following elements is typically used in the doping of the semiconductor silicon?","Boron","Oxygen|Carbon|Iron"
"Entertainment: Video Games","multiple","hard","Which of the Master levels in &quot;Super Monkey Ball&quot; is also used in the arcade version of the game, simply named &quot;Monkey Ball&quot;?","MASTER 9 - Bridge Master","MASTER 3 - Stamina Master|MASTER 10 - Monkey Master|MASTER 6 - Roll Master"
"Science: Mathematics","multiple","hard","What is the fourth digit of &pi;?","1","2|3|4"
"Entertainment: Music","multiple","hard","The heavy metal band Black Sabbath hail from which English city?","Birmingham","Manchester|London|Newcastle-Upon-Tyne"
"Entertainment: Film","multiple","easy","When does &quot;Rogue One: A Star Wars Story&quot; take place chronologically in the series?","Between Episode 3 and 4","After Episode 6|Before Episode 1|Between Episode 4 and 5"
"Entertainment: Board Games","multiple","hard","In Magic: The Gathering, what card&#039;s flavor text is &quot;Catch!&quot;?","Lava Axe","Stone-Throwing Devils|Ember Shot|Throwing Knife"
"Entertainment: Video Games","boolean","easy","In Team Fortress 2, the weapon &quot;Your Eternal Reward&quot; is a reference to the 1992 film Aladdin.","True","False"
"Entertainment: Musicals &amp; Theatres","multiple","easy","What is Jean ValJean&#039;s first prisoner number?","24601","9430|1729|32769"
"General Knowledge","multiple","easy","What is the shape of the toy invented by Hungarian professor Ernő Rubik?","Cube","Sphere|Cylinder|Pyramid"
"Geography","multiple","medium","Which of these countries is NOT located in Africa?","Suriname","Burkina Faso|Mozambique|Algeria"
"General Knowledge","multiple","easy","What do sailors call the right side of a boat?","Starboard","Port|Stern|Bow"
"Entertainment: Television","boolean","easy","In &quot;Doctor Who&quot;, the Doctor gets his TARDIS by stealing it.","True","False"
"Entertainment: Video Games","multiple","easy","In PROTOTYPE 2. who is referred to as &quot;Tango Primary&quot;?","James Heller","Alex Mercer|Dana Mercer|Any Goliaths roaming around"
"Animals","multiple","medium","What is the world&#039;s longest venomous snake?","King Cobra","Green Anaconda|Inland Taipan|Yellow Bellied Sea Snake"
"Entertainment: Video Games","multiple","easy","In &quot;A Hat in Time&quot;, what must Hat Kid collect to finish a level","A time piece","A heart fragment|A relic fragment|A hat"
"General Knowledge","boolean","easy","The Great Wall of China is visible from the moon.","False","True"
"Entertainment: Video Games","multiple","easy","Pok&eacute;mon Go is a location-based augmented reality game developed and published by which company?","Niantic","Rovio|Zynga|Supercell"
"Entertainment: Video Games","multiple","hard","In TF2 Lore, what are the names of the Heavy&#039;s younger sisters?","Yana and Bronislava","Gaba and Anna|Yanna and Gaba|Anna and Bronislava"
"General Knowledge","multiple","easy","Which sign of the zodiac comes between Virgo and Scorpio?","Libra","Gemini|Taurus|Capricorn"
"Entertainment: Television","boolean","medium","In AMC&#039;s &quot;The Walking Dead,&quot; the characters Rick, Carl, Daryl, Morgan, Carol and Maggie were introduced in Season 1.","False","True"
"Entertainment: Video Games","multiple","medium","What is not a playable race in &quot;Final Fantasy XIV: A Realm Reborn&quot;?","Hume","Miqo&#039;te|Lalafell|Roegadyn"
"Entertainment: Video Games","multiple","hard","What military rank is the protagonist &quot;Nomad&quot; in &quot;Crysis&quot;?","First Lieutenant","Captain|First Sargent |Staff Sargent"
"History","multiple","medium","Which Las Vegas casino was originally constructed and operated by mobster Bugsy Siegel?","The Flamingo","The MGM Grand|The Sands|The Sahara"
"Entertainment: Video Games","multiple","hard","Which team won the &quot;Tom Clancy&#039;s Rainbow Six Siege&quot; Invitational Event February 2017 in the PC Category?","Continuum","GIFU|Santos Dexterity|eRa Eternity"
"Entertainment: Video Games","multiple","medium","What numbers did Sayaka Maizono write on the wall in Dangan Ronpa Trigger Happy Havoc?","11037","4, 8, 15, 16, 23, 42|55730|3, 9, 11, 12, 15, 17,"
"Mythology","multiple","medium","In African mythology, Anansi is a trickster and storyteller who takes the shape of which animal?","Spider","Wild dog|Monkey|Crocodile"
"Sports","multiple","medium","What is the exact length of one non-curved part in Lane 1 of an Olympic Track?","84.39m","100m|100yd|109.36yd"
"Entertainment: Music","multiple","hard","Who designed the album cover for True Romance, an album by Estelle?","Rebecca Sugar","Matt Burnett|Ian Jones Quartey|Ben Leven"
"Entertainment: Video Games","multiple","easy","What is the name of the game developer who created &quot;Call Of Duty: Zombies&quot;?","Treyarch","Sledgehammer Games|Infinity Ward|Naughty Dog"
"Entertainment: Video Games","multiple","medium","Who is Sora&#039;s Nobody in Kingdom Hearts?","Roxas","Riku|Kairi|Mickey"
"Science &amp; Nature","multiple","hard","Which of these chemical compounds is NOT found in gastric acid?","Sulfuric acid","Hydrochloric acid|Potassium chloride|Sodium chloride"
"Mythology","multiple","easy","The ancient Roman god of war was commonly known as which of the following?","Mars","Jupiter|Juno|Ares"
"Entertainment: Film","multiple","easy","In &quot;ALF&quot;, what was ALF&#039;s real name?","Gordon Shumway","Gordon Milipp|Gordon Foster|Gordon von Gam"
"History","multiple","medium","Which of the following battles is often considered as marking the beginning of the fall of the Western Roman Empire?","Battle of Adrianople","Battle of Thessalonica|Battle of Pollentia|Battle of Constantinople"
"Geography","multiple","easy","Which of these is the name of the largest city in the US state Tennessee?","Memphis","Thebes|Alexandria|Luxor"
"Entertainment: Music","multiple","easy","The &quot;British Invasion&quot; was a cultural phenomenon in music where British boy bands became popular in the USA in what decade?","60&#039;s","50&#039;s|40&#039;s|30&#039;s"
"Entertainment: Japanese Anime &amp; Manga","multiple","medium","In &quot;Love Live: School Idol Project&quot; what pseudonym does Kotori Minami use in her job as a maid?","Minalinsky","Stanoytchev|Kuznetsov|Aqours"
"Entertainment: Cartoon &amp; Animations","multiple","hard","In &quot;Gravity Falls&quot;, what does Quentin Trembley do when he is driven out from the White House?","Eat a salamander and jump out the window.","Leave in peace.|Jump out the window.|Release 1,000 captive salamanders into the white house."
"Entertainment: Video Games","multiple","medium","Who is the villain company in &quot;Stardew Valley&quot;?","Joja Co ","Ronin|Empire|Robotnik Industry&#039;s "
"Entertainment: Video Games","multiple","easy","What year was the game &quot;Overwatch&quot; revealed?","2014","2015|2011|2008"
"Geography","boolean","easy","Portugal&#039;s modern territory was once a part of the Roman Empire.","True","False"
"Entertainment: Comics","multiple","medium","Who was the first American Vampire (Scott Snyder&#039;s American Vampire)?","Skinner Sweet","Hattie Hargrove|Pearl Jones|James &quot;Jim&quot; Book"
"History","multiple","medium","Joseph Smith was the founder of what religion?","Mormonism","Buddhism|Christianity|Hinduism"
"Entertainment: Cartoon &amp; Animations","multiple","easy","What was the first Disney movie to use CGI?","The Black Cauldron","Tron|Toy Story|Fantasia"
"Politics","boolean","medium","Jeb Bush was elected as Governor of Florida in 2002, starting his political career.","False","True"
"Geography","multiple","hard","Into which basin does the Jordan River flow into?","Dead Sea","Aral Sea|Caspian Sea|Salton Sea"
"Science: Mathematics","multiple","hard","Which of the following mathematicians made major contributions to game theory?","John Von Neumann","Carl Friedrich Gauss|Leonhard Euler|Stefan Banach"
"Entertainment: Comics","multiple","easy","This Marvel superhero is often called &quot;The man without fear&quot;.","Daredevil","Thor|Wolverine|Hulk"
"Vehicles","multiple","medium","Which one is NOT the function of engine oil in car engines?","Combustion","Lubrication|Cooling|Reduce corrosion"
"Entertainment: Video Games","multiple","medium","In the Kingdom Heart series who provides the english voice for Master Eraqus?","Mark Hamill","Jason Dohring|Jesse McCartney|Haley Joel Osment"
"General Knowledge","boolean","easy","&quot;27 Club&quot; is a term used to refer to a list of famous actors, musicians, and artists who died at the age of 27.","True","False"
"Science: Mathematics","multiple","hard","The decimal number 31 in hexadecimal would be what?","1F","3D|2E|1B"
"Entertainment: Music","multiple","medium","Who is the vocalist and frontman of rock band &quot;Guns N&#039; Roses&quot;?","Axl Rose","Kurt Cobain|Slash|Bono"
"Art","multiple","hard","Which of these is not an additional variation of the color purple?","Kobicha","Byzantium|Pomp and Power|Palatinate"
"History","multiple","medium","Which of these founding fathers of the United States of America later became president?","James Monroe","Alexander Hamilton|Samuel Adams|Roger Sherman"
"Entertainment: Television","multiple","medium","What is the name of the race horse that Tony Soprano becomes attached to?","Pie-O-My","Man o&#039; war|Bada Bing|Honest Earnings"
"Celebrities","multiple","hard","How tall is Tom Cruise?","5&prime; 7&Prime;","5&prime; 9&Prime;|5&prime; 4&Prime;|5&prime; 5&Prime;"
"Science: Computers","multiple","hard","What internet protocol was documented in RFC 1459?","IRC","HTTP|HTTPS|FTP"
"Vehicles","multiple","medium","Which of these car models are produced by Lamborghini?","Aventador","Huayra|918|Chiron"
"Science &amp; Nature","boolean","medium","The &quot;Gympie Stinger&quot; is the deadliest plant in the world.","False","True"
"Entertainment: Video Games","multiple","medium","What is the browser game Kantai Collection heavily inspired by?","Second World War","Manga|World of Warcraft|An Anime"
"General Knowledge","multiple","easy","Five dollars is worth how many nickels?","100","50|25|69"
"General Knowledge","multiple","medium","Which river flows through the Scottish city of Glasgow?","Clyde","Tay|Dee|Tweed"
"Entertainment: Video Games","multiple","easy","Which Animal Crossing game was for the Nintendo Wii?","Animal Crossing: City Folk","Animal Crossing: New Leaf|Animal Crossing: Wild World|Animal Crossing: Population Growing!"
"Entertainment: Video Games","multiple","medium","Who is credited with having created the world&#039;s first video game Easter Egg?","Warren Robinett","Julius Smith|Will Crowther|Don Woods"
"Geography","boolean","easy","A group of islands is called an &#039;archipelago&#039;.","True","False"
"Entertainment: Music","boolean","medium","Dave Grohl recorded the Foo Fighters&#039; debut, &quot;Foo Fighters,&quot; by himself.","True","False"
"Entertainment: Video Games","multiple","medium","This weapon in Counter-Strike: Global Offensive does not exist in real life.","M4A4","AWP|M4A1|MP9"
"Geography","multiple","medium","The following Spanish provinces are located in the northern area of Spain except:","Murcia","Asturias|Navarre|Le&oacute;n"
"Entertainment: Video Games","multiple","easy","Which of the following Elite Four members from the 6th Generation of Pok&eacute;mon was a member of Team Flare?","Malva","Siebold|Wikstrom|Drasna"
"Entertainment: Video Games","multiple","easy","What is the most expensive weapon in Counter-Strike: Global Offensive?","Scar-20/G3SG1","M4A1|AWP|R8 Revolver"
"Entertainment: Cartoon &amp; Animations","boolean","easy","Bill Cipher in the show &quot;Gravity Falls&quot; is the good guy.","False","True"
"Entertainment: Video Games","multiple","hard","When was the Valve Corporation founded?","August 24, 1996","December 26, 1994|March 22, 1997|March 13, 1997"
"Entertainment: Television","multiple","medium","When did Spongebob Squarepants first air?","May 1, 1999","July 20, 2000|February 6, 2003|June 27, 1997"
"Entertainment: Books","multiple","medium","How many books are in the Chronicles of Narnia series?","7","6|8|5"
"Geography","multiple","hard","The mountainous Khyber Pass connects which of the two following countries?","Afghanistan and Pakistan","India and Nepal|Pakistan and India|Tajikistan and Kyrgyzstan"
"Entertainment: Film","multiple","easy","Which of the following is not the name of a &quot;Bond Girl&quot;? ","Vanessa Kensington","Pam Bouvier|Mary Goodnight|Wai Lin"
"Entertainment: Cartoon &amp; Animations","multiple","medium","What Cartoon Network show aired its first episode on November 4th, 2013?","Steven Universe","Regular Show|Adventure Time|The Amazing World of Gumball"
"History","boolean","easy","The Cold War ended with Joseph Stalin&#039;s death.","False","True"
"Entertainment: Japanese Anime &amp; Manga","multiple","medium","The main antagonist of the second part of JoJo&#039;s Bizarre Adventure is which of the following?","Kars","Erina Joestar|Santana|Wired Beck"
"Entertainment: Board Games","boolean","easy","When setting up a chess board, the king is placed on a square of his own color.","False","True"
"Entertainment: Music","multiple","hard","When did the rapper Eazy-E die?","March 26, 1995","July 11, 1992|February 14, 1993|October 21, 1994"
"Entertainment: Film","multiple","medium","Actress Susan Sarandon caught pneumonia during filming of which movie?","The Rocky Horror Picture Show","Thelma and Louise|Dead Man Walking|Enchanted"
"Science &amp; Nature","multiple","medium","At what temperature does water boil?","212&deg;F","200&deg;F|181&deg;F|178&deg;F"
"Science: Computers","multiple","medium","What was Bitcoin&#039;s block size limit in 2010?","1 MB","1GB|1 KB|1 TB"
"History","multiple","medium","Against which country did the Dutch Republic fight the Eighty Years&#039; War?","Spain","France|England|Portugal"
"Geography","boolean","medium","Israel is 7 hours ahead of New York.","True","False"
"Vehicles","multiple","hard","Which Variable Valve Timing technology is used by BMW?","VANOS","VVT-iw|VVEL|MultiAir"
"Entertainment: Cartoon &amp; Animations","multiple","medium","Which singer provided the voice of Metroid&#039;s Mother Brain in the animated series &quot;Captain N: The Game Master&quot;?","Levi Stubbs","Freddie Mercury|Janet Jackson|Joan Jett"
"Entertainment: Video Games","multiple","easy","The starting pistol of the Terrorist team in a competitive match of Counter Strike: Global Offensive is what?","Glock-18","Tec-9|Desert Eagle|Dual Berretas"
"Entertainment: Music","multiple","easy","&quot;Grande Valse&quot; is a phrase from the song &quot;Gran Vals&quot;. What is that song segment known as?","Nokia Tune","Hello Moto [Motorola Ringtone]|Droid Ringtone|Microsoft Ringtone"
"General Knowledge","multiple","medium","Which Italian automobile manufacturer gained majority control of U.S. automobile manufacturer Chrysler in 2011?","Fiat","Maserati|Alfa Romeo|Ferrari"
"Entertainment: Board Games","multiple","easy","In chess, which is a characteristic of the King&#039;s Gambit?","Sacrificing a pawn","Sacrificing the king for a queen|Castling kingside|Moving the king on the 2nd move"
"Sports","multiple","medium","What was Sir Donald Bradman&#039;s batting average in test matches?","99.94","100|69.51|44.78"
"Animals","multiple","medium","What is the scientific name for the &quot;Polar Bear&quot;?","Ursus Maritimus","Polar Bear|Ursus Spelaeus|Ursus Arctos"
"Sports","multiple","hard","At which race was the 2018 F1 Drivers Championship won?","Mexico","United States|Belgium|Abu Dhabi"
"Geography","multiple","hard","Which of these is NOT a province in China?","Yangtze","Fujian|Sichuan|Guangdong"
"Science &amp; Nature","multiple","medium","Along with Oxygen, which element is primarily responsible for the sky appearing blue?","Nitrogen","Helium|Carbon|Hydrogen"
"Entertainment: Video Games","multiple","easy","Which of the following is not a character in the video game Doki Doki Literature Club?","Nico","Monika|Natsuki|Sayori"
"Entertainment: Video Games","boolean","easy","Gordon Freeman, the protagonist of &quot;Half-Life&quot;, is said to have once had a ponytail.","True","False"
"Entertainment: Video Games","boolean","medium","As of February 2019, the &quot;Donkey Kong Country&quot; series only had released five games (not counting remakes or ports).","True","False"
"Entertainment: Video Games","multiple","medium","The original Planetside was released in North America on...","May 20, 2003","June 17, 2001|September 29, 2003|January 14, 2005"
"Geography","multiple","medium","Which city is the capital of Switzerland?","Bern","Z&uuml;rich|Frankfurt|Wien"
"General Knowledge","boolean","medium","Popcorn was invented in 1871 by Frederick W. Rueckheim in the USA where he sold the snack on the streets of Chicago.","False","True"
"Entertainment: Video Games","multiple","hard","What major event caused the events of Half-Life 1?","The Resonance Cascade ","The Blue Shift|The Seven Hour War|The Narbacular Drop"
"Entertainment: Video Games","boolean","medium","In &quot;Overwatch,&quot; an allied McCree will say &quot;Step right up&quot; upon using his ultimate ability Deadeye.","True","False"
"Entertainment: Music","multiple","medium","In what year was the smash hit song &quot;Scatman&#039;s World&quot; released?","1995","1996|1994|1993"
"History","boolean","medium","Ottoman Empire was created in 1299.","True","False"
"Mythology","multiple","medium","The Norse god Odin has two pet crows named &quot;Huginn&quot; and &quot;Muninn&quot;.  What do their names mean?","Thought &amp; Memory","Power &amp; Peace|War &amp; Learning|Sleeping &amp; Waking"
"Entertainment: Video Games","boolean","medium","In World of Warcraft lore, Thrall is the original wielder of &quot;Doomhammer&quot;.","False","True"
"Science &amp; Nature","multiple","hard","What genetic disease is caused by having an extra Y chromosome (XYY)?","Jacob&#039;s Syndrome","Klinefelter&#039;s Syndrome|Turner&#039;s Syndrome|Down Syndrome"
"Entertainment: Video Games","multiple","hard","In the SHMUP series, &quot;Darius&quot;, what is the name of the antagonist faction you fight against?","Belsar","Bacterion|Bydo|Orn Empire"
"General Knowledge","multiple","medium","Which of these American singers and songwriters won a Nobel Prize in Literature?","Bob Dylan","Buddy Holly|Johnny Cash|Alice Cooper"
"Politics","multiple","medium","Which U.S. president is said to have had the longest beard?","Rutherford B. Hayes","Zachary Taylor|John Quincy Adams|James A. Garfield"
"Entertainment: Music","boolean","easy","Daft Punk originated in France.","True","False"
"Science: Computers","multiple","medium","What is the number of keys on a standard Windows Keyboard?","104","64|94|76"
"Entertainment: Board Games","multiple","medium","At the start of a standard game of the Monopoly, if you throw a double six, which square would you land on?","Electric Company","Water Works|Chance|Community Chest"
"Entertainment: Books","multiple","hard","In the Beatrix Potter books, what type of animal is Tommy Brock?","Badger","Fox|Frog|Rabbit"
"History","multiple","easy","Which of the following African countries was most successful in resisting colonization?","Ethiopia","C&ocirc;te d&rsquo;Ivoire|Congo|Namibia"
"Geography","multiple","easy","How many US states start with the letter K?","Two","One|None|Three"
"Entertainment: Musicals &amp; Theatres","multiple","medium","When was the play &quot;Macbeth&quot; written?","1606","1605|1723|1628"
"General Knowledge","boolean","easy","Slovakia is a member of European Union-","True","False"
"History","multiple","medium","Who was the first President of the People&#039;s Republic of China?","Mao Zedong","Liu Shaoqi|Dong Biwu|Li Xiannian"
"Geography","boolean","medium","Norway has a larger land area than Sweden.","False","True"
"Entertainment: Video Games","multiple","medium","Who is the half-demon character in Divinity: Original Sin 2 who you talk to to transition between acts?","Malady","Meister Siva|Gawin|Exter"
"Entertainment: Japanese Anime &amp; Manga","multiple","hard","In the Naruto manga, what is the last name of Tsunade?","Senju","Haruno|Uzumaki|Yamanaka"
"Sports","multiple","medium","In what sport does Fanny Chmelar compete for Germany?","Skiing","Swimming|Showjumping|Gymnastics"
"Sports","multiple","easy","The Rio 2016 Summer Olympics held it&#039;s closing ceremony on what date?","August 21","August 23|August 19|August 17"
"Geography","multiple","easy","Which of the following European languages is classified as a &quot;language isolate?&quot;","Basque","Galician|Maltese|Hungarian"
"Entertainment: Video Games","multiple","easy","Which Kirby game first introduced Copy Abilities?","Kirby&#039;s Adventure","Kirby Super Star|Kirby&#039;s Dream Land 2|Kirby&#039;s Dream Land"
"Entertainment: Books","multiple","easy","&quot;Green Eggs And Ham&quot; is a book by which author?","Dr. Seuss","Beatrix Potter|Roald Dahl|A.A. Milne"
"Entertainment: Video Games","multiple","hard","What is the main theme song of &quot;Sonic Adventure 2&quot;?","Live and Learn","Open Your Heart|Can You Feel the Sunshine?|His World"
"General Knowledge","multiple","hard","In &quot;Resident Evil 3&quot;, how many inventory slots does Jill have at the start of the game?","8","6|10|12"
"Entertainment: Comics","multiple","medium","What is the designation given to the Marvel Cinematic Universe?","Earth-199999","Earth-616|Earth-10005|Earth-2008"
"Entertainment: Video Games","multiple","hard","Meryl Silverburgh, a video game character from the Metal Gear series, was originally a character in which game?","Policenauts","Gradius|Contra|Castlevania: Symphony of the Night"
"Entertainment: Board Games","multiple","medium","Europa Universalis is a strategy video game based on which French board game?","Europa Universalis","Europe and the Universe|Europa!|Power in Europe"
"Entertainment: Video Games","multiple","easy","In most FPS video games such as Counter-Strike, shooting which part of the body does the highest damage?","Head","Arm|Leg|Chest"
"General Knowledge","multiple","hard","Which film star has his statue in Leicester Square?","Charlie Chaplin","Paul Newman|Rowan Atkinson |Alfred Hitchcock"
"General Knowledge","multiple","medium","What is the Italian word for &quot;tomato&quot;?","Pomodoro","Aglio|Cipolla|Peperoncino"
"History","multiple","easy","Who discovered Penicillin?","Alexander Flemming","Marie Curie|Alfred Nobel|Louis Pasteur"
"Entertainment: Video Games","multiple","easy","In CoD: Black Ops III, what is the name of the rogue A.I. antagonist?","Corvus","Cabal|Legion|Icarus"
"Entertainment: Video Games","multiple","hard","What was the name of Sonic the Hedgehog&#039;s original human girlfriend?","Madonna","Celeste|Sierra|Nina"
"Sports","multiple","hard","Which city features all of their professional sports teams&#039; jersey&#039;s with the same color scheme?","Pittsburgh","New York|Seattle|Tampa Bay"
"Entertainment: Japanese Anime &amp; Manga","multiple","medium","In the &quot;To Love-Ru&quot; series, how many Trans-weapons were created?","3","1|2|4"
"History","boolean","easy","The French Kingdom helped the United States gain their independence over Great Britain during the Revolutionary War.","True","False"
"Entertainment: Video Games","multiple","medium","In Minecraft: Java Edition, which of the following feature/block was added to Survival mode in Beta 1.3?","Beds","Hunger|The Nether|Grass"
"Entertainment: Cartoon &amp; Animations","multiple","hard","Townsend Coleman provided the voice for which turtle in the original 1987 series of &quot;Teenage Mutant Ninja Turtles&quot;?","Michelangelo","Leonardo|Donatello|Raphael"
"Vehicles","multiple","medium","What nickname was given to Air Canada Flight 143 after it ran out of fuel and glided to safety in 1983?","Gimli Glider","Gimli Microlight|Gimli Chaser|Gimli Superb"
"History","multiple","medium","In what year did Neil Armstrong and Buzz Aldrin land on the moon?","1969","1965|1966|1973"
"Vehicles","multiple","hard","Volkswagen&#039;s legendary VR6 engine has cylinders positioned at what degree angle?","15 Degree","30 Degree|45 Degree|90 Degree"
"Entertainment: Video Games","multiple","hard","Which of these characters in &quot;Undertale&quot; can the player NOT go on a date with?","Toriel","Papyrus|Undyne|Alphys"
"Sports","multiple","medium","What is the oldest team in the NFL?","Arizona Cardinals","Chicago Bears|Green Bay Packers|New York Giants"
"Vehicles","multiple","easy","The LS1 engine is how many cubic inches?","346","350|355|360"
"Science &amp; Nature","multiple","medium","How old is the universe?","13.8 Billion Years","4.5 Billion Years|7.9 Billion Years|16.2 Billion Years"
"Entertainment: Music","multiple","medium","Who had a 1976 hit with the song &#039;You Make Me Feel Like Dancing&#039;?","Leo Sayer","Elton John|Billy Joel|Andy Gibb"
"Entertainment: Board Games","multiple","hard","The board game &quot;Ra&quot; was designed by which designer? ","Reiner Knizia","Bruno Cathala|Uwe Rosenburg|Allison Kline"
"Entertainment: Board Games","multiple","hard","What was the development code name for the &quot;Weatherlight&quot; expansion for &quot;Magic: The Gathering&quot;, released in 1997?","Mocha Latte","Decaf|Frappuccino|Macchiato"
"Entertainment: Japanese Anime &amp; Manga","multiple","easy","What is the age of Ash Ketchum in Pokemon when he starts his journey?","10","11|12|9"
"Entertainment: Board Games","multiple","hard","What is the world&#039;s oldest board game?","Senet","Chess|Checkers|Go"
"Entertainment: Japanese Anime &amp; Manga","multiple","medium","Who voices &quot;Shou Suzuki&quot; in the English dub of &quot;Mob Psycho 100&quot;?","Casey Mongillo","Ben Diskin|Chris Niosi|David Naughton"
"Entertainment: Music","multiple","medium","Irish musician Hozier released a music track in 2013 titled, &quot;Take Me to ______&quot;","Church","Mosque|Synagogue|Temple"
"General Knowledge","boolean","medium","Albert Einstein had trouble with mathematics when he was in school.","False","True"
"Entertainment: Film","multiple","medium","In the film &quot;John Wick&quot; why does John Wick get out of retirement?","His puppy is killed and his car was stolen","He was punched in the face|He got mugged|He needed money"
"Entertainment: Film","multiple","medium","Which 1958 movie starred Kirk Douglas and Tony Curtis as half-brothers Einar and Eric?","The Vikings ","The Long Ships|Prince Valiant|Spartacus"
"Entertainment: Video Games","multiple","medium","Which Sonic the Hedgehog game introudced Knuckles the Echidna?","Sonic the Hedgehog 3","Sonic the Hedgehog 2|Sonic &amp; Knuckles|Sonic Adventure"
"Entertainment: Film","multiple","medium","Who is the director of the 1991 film &quot;Silence of the Lambs&quot;?","Jonathan Demme","Stanley Kubrick|Frank Darabont|Michael Bay"
"Entertainment: Video Games","boolean","medium","A cancelled Call Of Duty title would have taken place in ancient Rome.","True","False"
"Science &amp; Nature","multiple","hard","Which of the following is NOT a real element?","Vitrainium","Praseodymium|Hassium|Lutetium"
"Science &amp; Nature","multiple","medium","Which of these stars is the largest?","UY Scuti","VY Canis Majoris|Betelgeuse|RW Cephei"
"Entertainment: Japanese Anime &amp; Manga","boolean","hard","In the &quot;Kagerou Daze&quot; series, Shintaro Kisaragi is prominently shown with the color red.","True","False"
"Entertainment: Cartoon &amp; Animations","multiple","easy","Which cartoon family lives in 742 Evergreen Terrace, Springfield USA?","The Simpsons","The Hills|The Flintstones|The Griffins"
"Entertainment: Books","multiple","medium","The novel &quot;Of Mice And Men&quot; was written by what author? ","John Steinbeck ","George Orwell|Mark Twain |Harper Lee"
"Entertainment: Japanese Anime &amp; Manga","multiple","medium","What is the name of the protagonist of the 2017 anime &quot;Land of the Lustrous&quot;?","Phosphophyllite","Watermelon Tourmaline|Cinnabar|Padparadscha"
"Entertainment: Film","multiple","hard","What was the name of the actor who played Leatherface in the 1974 horror film, The Texas Chainsaw Massacre?","Gunnar Hansen","Edwin Neal|John Dugan|Joe Bill Hogan"
"Geography","multiple","hard","Which country was NOT formerly part of Yugoslavia?","Albania","Croatia|Serbia|Macedonia"
"Entertainment: Japanese Anime &amp; Manga","multiple","medium","In &quot;Puella Magi Madoka Magica&quot;, what is the first name of Madoka&#039;s younger brother?","Tatsuya","Montoya|Tomohisa|Minato"
"Sports","multiple","medium","Which car manufacturer won the 2016 24 Hours of Le Mans?","Porsche","Toyota|Audi|Ferrari"
"Science: Computers","multiple","easy","What does the computer software acronym JVM stand for?","Java Virtual Machine","Java Vendor Machine|Java Visual Machine|Just Virtual Machine"
"Geography","boolean","medium","The capital of the US State Ohio is the city of Chillicothe.","False","True"
"Entertainment: Cartoon &amp; Animations","boolean","easy","Waylon Smithers from &quot;The Simpsons&quot; was originally black when he first appeared in the series.","True","False"
"Sports","multiple","easy","Who won the UEFA Champions League in 2016?","Real Madrid C.F.","FC Bayern Munich|Atletico Madrid|Manchester City F.C."
"Entertainment: Music","multiple","medium","Which Beatle wrote and sang the song &quot;Why Don&#039;t We Do It in the Road&quot; after being inspired by seeing two monkeys copulating in the street?","Paul","John|George|Ringo"
"History","multiple","medium","In what year did Texas secede from Mexico?","1836","1838|1845|1844"
"History","multiple","medium","Which U.S. president took part in the Potsdam Conference, where the Allies reached a peace settlement with Germany?","Harry S. Truman","Dwight D. Eisenhower|Franklin D. Roosevelt|Herbert Hoover"
"Science &amp; Nature","multiple","medium","Where did the dog breed &quot;Chihuahua&quot; originate?","Mexico","France|Spain|Russia"
"Science &amp; Nature","multiple","easy","How many moons does the Earth have?","1","0|2|3"
"Entertainment: Board Games","multiple","medium","The board game, Nightmare was released in what year?","1991","1992|1989|1995"
"Entertainment: Cartoon &amp; Animations","multiple","hard","Who voice acted the character Hiccup in the movie &quot;How to Train Your Dragon&quot;?","Jay Baruchel","Jack Brauchel|John Powell|Gerard Butler"
"Entertainment: Video Games","multiple","medium","Which CS:GO eSports team won the major event ESL One Cologne 2016?","SK Gaming","Team Liquid|Fnatic|Virtus.pro"
"Entertainment: Japanese Anime &amp; Manga","boolean","medium","The animated film &quot;Spirited Away&quot; won the Academy Award for Best Animated Feature at the 75th Academy Awards in 2003.","True","False"
"General Knowledge","multiple","easy","Who is the youngest person to receive a Nobel Prize?","Malala Yousafzai","Lawrence Bragg|Werner Heisenberg|Yasser Arafat"
"Entertainment: Film","multiple","medium","Which movie sequel had improved box office results compared to its original film?","Toy Story 2","Sin City: A Dame to Kill For|Speed 2: Cruise Control|Son of the Mask"
"Entertainment: Video Games","multiple","medium","When was the Sega Genesis released in Japan?","October 29, 1988","August 14, 1989|November 30, 1990|September 1, 1986"
"Entertainment: Film","multiple","medium","What type of cheese, loved by Wallace and Gromit, had it&#039;s sale prices rise after their successful short films?","Wensleydale","Cheddar|Moon Cheese|Edam"
"Sports","multiple","medium","What country hosted the 2014 Winter Olympics?","Russia","Canada|United States|Germany"
"History","multiple","hard","What was the real name of the Albanian national leader Skanderbeg?","Gjergj Kastrioti","Diturak Zhulati|Iskander Bejko|Mirash Krasniki"
"Entertainment: Japanese Anime &amp; Manga","multiple","medium","What year did the anime &quot;Himouto! Umaru-chan&quot; air?","2015","2014|2012|2013"
"History","multiple","easy","Who was the first prime minister of Canada?","John Macdonald","John Abbott|Alexander Mackenzie|Robert Borden"
"Science &amp; Nature","multiple","easy","What is the elemental symbol for mercury?","Hg","Me|Mc|Hy"
"Science: Computers","multiple","easy","What amount of bits commonly equals one byte?","8","1|2|64"
"Entertainment: Video Games","multiple","easy","When was the game &#039;Portal 2&#039; released?","2011","2014|2009|2007"
"General Knowledge","multiple","hard","Which product did Nokia, the telecommunications company, originally sell?","Paper","Phones|Computers|Processors"
"History","multiple","medium","Which country gifted the Statue of Liberty to the United States of America?","France","Spain|England|Germany"
"Science: Computers","boolean","medium","The HTML5 standard was published in 2014.","True","False"
"Entertainment: Board Games","multiple","medium","In what year was the card game Magic: the Gathering first introduced?","1993","1987|1998|2003"
"Science &amp; Nature","multiple","medium","What is the standard SI unit for electric current?","Ampere","Volt|Ohm|Watt"
"Entertainment: Video Games","boolean","easy","In &quot;Super Mario 3D World&quot;, the Double Cherry power-up originated from a developer accidentally making two characters controllable.","True","False"
"Entertainment: Japanese Anime &amp; Manga","multiple","medium","What is the name of the infamous pachinko machine from &quot;Kaiji&quot;?","The Bog","The Devil|The Undefeated|The Dragon"
"Entertainment: Music","multiple","medium","In what year was Taylor Swift born?","1989","1988|1987|1990"
"Animals","multiple","hard","What scientific family does the Aardwolf belong to?","Hyaenidae","Canidae|Felidae|Eupleridae"
"Entertainment: Video Games","multiple","medium","In the &quot;Ace Attorney&quot; series, what is the relationship between Apollo Justice and Trucy Wright?","They&#039;re half-siblings","They&#039;re co-workers|They&#039;re friends|They&#039;re both attorneys"
"Entertainment: Music","multiple","medium","Who is the Pink Floyd song &quot;Shine On You Crazy Diamond&quot; written about?","Syd Barrett","John Lennon|David Gilmour|Floyd"
"Entertainment: Film","multiple","easy","Which of these actors/actresses is NOT a part of the cast for the 2016 movie &quot;Suicide Squad&quot;?","Scarlett Johansson","Jared Leto|Will Smith|Margot Robbie"
"Entertainment: Film","multiple","hard","Which actors made up the trio in &quot;The Good, the Bad, and the Ugly&quot;? ","Clint Eastwood, Eli Wallach, and Lee Van Cleef","Sergio Leone, Ennio Morricone, and Tonino Delli Colli|Yul Brynner, Steve McQueen, and Charles Bronson|Aldo Giuffr&egrave;, Mario Brega, and Luigi Pistilli"
"Science: Computers","multiple","easy","What is the code name for the mobile operating system Android 7.0?","Nougat","Ice Cream Sandwich|Jelly Bean|Marshmallow"
"Geography","multiple","easy","Which Russian oblast forms a border with Poland?","Kaliningrad","Samara|Nizhny Novgorod|Omsk"
"Entertainment: Board Games","multiple","medium","In the Board Game, Settlers of Catan, a die roll of what number causes the Robber to attack? ","7","3|10|1"
"Entertainment: Music","multiple","easy","In the words of his 1973 song, Bob Dylan is &quot;knock, knock, knockin&quot; on which door?","Heaven&#039;s","Opportunity&#039;s|Angie&#039;s|Eileen&#039;s"
"Geography","boolean","medium","Seoul is the capital of North Korea.","False","True"
"General Knowledge","multiple","easy","What are Panama hats made out of?","Straw","Silk|Hemp|Flax"
"General Knowledge","boolean","easy","The mitochondria is the powerhouse of the cell.","True","False"
"History","multiple","medium","What is the oldest US state?","Delaware","Rhode Island|Maine|Virginia"
"Entertainment: Cartoon &amp; Animations","multiple","hard","In the 1969 Cartoon show &quot;Dastardly and Muttley in Their Flying Machines&quot;, which were NOT one of the lyrics in the opening theme?","Stab him","Nab him|Jab him|Tab him"
"Entertainment: Music","multiple","hard","What is the British term for a 64th note?","Hemidemisemiquaver","Semihemidemisemiquaver|Semiquaver|Demisemiquaver"
"History","multiple","medium","Which of the following snipers has the highest amount of confirmed kills?","Simo H&auml;yh&auml;","Chris Kyle|Vasily Zaytsev|Craig Harrison"
"General Knowledge","boolean","easy","Vietnam&#039;s national flag is a red star in front of a yellow background.","False","True"
"Entertainment: Video Games","boolean","medium","In Half-Life 2, if you play the zombies&#039; speech in reverse, they actually speak coherent English.","True","False"
"Entertainment: Books","multiple","hard","In the book &quot;The Martian&quot;, how long was Mark Watney trapped on Mars (in Sols)?","549 Days","765 Days|401 Days|324 Days"
"Mythology","multiple","medium","Who is the God Loki&#039;s son? ","Fenrir ","Odin|Hel|Sigyn"
"History","multiple","medium","Which Nation did NOT have a Colony in modern-day North America?","Portugal","Spain|Sweden|Netherlands"
"Entertainment: Comics","multiple","medium","Which &quot;Green Arrow&quot; sidekick commonly wears a baseball cap?","Roy Harper","Black Canary|Emiko Queen|Dick Grayson"
"Entertainment: Music","multiple","medium","Which novelty band was best known for their UK chart hits &quot;Combine Harvester&quot; and &quot;I Am a Cider Drinker&quot; in 1976?","The Wurzels","Goldie Lookin Chain|Bonzo Dog Doo-Dah Band|The Firm"
"Entertainment: Japanese Anime &amp; Manga","multiple","easy","On what medium was &quot;Clannad&quot; first created?","Visual novel","Anime|Manga|Light novel"
"Entertainment: Cartoon &amp; Animations","multiple","easy","Who voices for Ruby in the animated series RWBY?","Lindsay Jones","Tara Strong|Jessica Nigri|Hayden Panettiere"
"Sports","boolean","easy","Peyton Manning retired after winning Super Bowl XLIX.","False","True"
"Entertainment: Video Games","multiple","hard","Which gaming series includes &quot;The Diabolical Box&quot; and &quot;The Curious Village&quot;?","Professor Layton","Persona|Etrian Odyssey|Sam &amp; Max"
"General Knowledge","multiple","easy","Who is considered the &quot;Father of Modern Philosophy&quot;?","Ren&eacute; Descartes","Plato|Albert Einstein|Antoine Lavoiser"
"Entertainment: Video Games","multiple","medium","What was the first PlayStation game to require the use of the DualShock controller?","Ape Escape","Metal Gear|Tekken |Tomba 2!"
"Entertainment: Cartoon &amp; Animations","multiple","medium","Which episode from The Amazing World Of Gumball won the Childrens Choice Award at the British Animation Awards in 2016?","The Shell","The Limit|The Kids|The Gripes"
"Entertainment: Film","multiple","medium","Bela Lugosi was a Hungarian-American actor best known for his starring role of what 1931 horror film?","Count Dracula","Dr Frankenstein|Werewolf|The Creature from the Black Lagoon"
"Entertainment: Video Games","boolean","medium","Tony Hawk&#039;s Pro Skater was released in 1999.","True","False"
"Entertainment: Video Games","multiple","easy","When was Left 4 Dead 2 released?","November 17, 2009","May 3, 2008|November 30, 2009|June 30, 2010"
"General Knowledge","multiple","medium","Who invented Pastafarianism?","Bobby Henderson","Eric Tignor|Bill Nye|Zach Soldi"
"Geography","multiple","hard","What is the largest freshwater lake by volume?","Lake Baikal","Lake Superior|Lake Huron|Lake Michigan"
"Entertainment: Television","multiple","medium","How many seasons did the TV show &quot;Donkey Kong Country&quot; last?","2","1|4|5"
"Science &amp; Nature","multiple","medium","What stage of development do the majority of eukaryotic cells remain in for most of their life?","Interphase","Prophase|Stasis|Telophase"
"Entertainment: Comics","multiple","hard","What year was the first San Diego Comic-Con?","1970","2000|1990|1985"
"Entertainment: Video Games","multiple","medium","Who is the character you play as in Yume Nikki?","Madotsuki","Masada|Uboa|Poniko"
"Science &amp; Nature","multiple","hard","Which of the following is a major muscle of the back?","Trapezius","Trapezium|Trapezoid|Triquetrum"
"History","multiple","medium","How many years did the Hundred Years&#039; War last?","116","100|90|101"
"Entertainment: Music","multiple","medium","Which of these is not a song on the album Graduation by Kanye West?","Waves","I Wonder|Big Brother|The Glory"
"Entertainment: Comics","multiple","medium","In Bionicle, who was formerly a Av-Matoran and is now the Toa of Light?","Takua","Jaller|Vakama|Tahu"
"Science &amp; Nature","boolean","medium","Shrimp can swim backwards.","True","False"
"Entertainment: Music","multiple","easy","Which of the following is not a studio album by the band Pink Floyd?","Moving Pictures","The Dark Side of the Moon|Wish You Were Here|Animals"
"Science: Computers","boolean","easy","The Windows ME operating system was released in the year 2000.","True","False"
"Entertainment: Cartoon &amp; Animations","multiple","medium","Before becoming the Autobot leader, Optimus Prime was known by what name on Cybertron?","Orion Pax","Long Haul|P-138|Teletran-1"
"Entertainment: Video Games","multiple","medium","In Fallout: New Vegas, upon starting each one of the four campaign DLCs, which one of them does not have a warning screen/recommended level? ","Honest Hearts ","Old World Blues|Lonesome Road|Dead Money"
"Entertainment: Video Games","multiple","medium","In World of Warcraft Lore, four Old Gods created a giant and powerful creature. What was it called? ","The Ancient One","Anomalous|Eater of Souls|The Lich King"
"History","multiple","hard","On which day did ARPANET suffer a 4 hour long network crash?","October 27, 1980","November 21, 1969|October 29, 1969|December 9, 1991"
"Politics","multiple","medium","Who was the British Prime Minister at the outbreak of the Second World War?","Neville Chamberlain","Clement Attlee|Winston Churchill|Stanley Baldwin"
"History","boolean","medium","Sir Issac Newton served as a Member of Parliament, but the only recorded time he spoke was to complain about a draft in the chambers.","True","False"
"Entertainment: Video Games","multiple","hard","Which of these online games was originally named LindenWorld in it&#039;s early development?","SecondLife","ActiveWorlds|IMVU|HabboHotel"
"Entertainment: Cartoon &amp; Animations","multiple","medium","In the show &quot;Fat Albert and the Cosby Kids&quot;, what is the name of the characters&#039; fictional gang?","The Junkyard Gang","The Trash Troupe|The Scrapyard Seven|The Rotten Posse"
"Entertainment: Television","multiple","hard","What was the callsign of Commander William Adama in Battlestar Galactica (2004)?","Husker","Starbuck|Apollo|Crashdown"
"Entertainment: Music","multiple","hard","What album is the song &#039;New Slang&#039; by The Shins found on?","Oh, Inverted World","Wincing The Night Away|Chutes Too Narrow|Port Of Morrow"
"Science &amp; Nature","multiple","medium","In Psychology, which need appears highest in the &quot;Maslow&#039;s hierarchy of needs&quot; pyramid?","Esteem","Love|Safety|Physiological"
"Entertainment: Music","multiple","easy","The 2016 song &quot;Starboy&quot; by Canadian singer The Weeknd features which prominent electronic artist?","Daft Punk","deadmau5|Disclosure|DJ Shadow"
"Art","multiple","medium","Which one of these paintings is not by Caspar David Friedrich?","The Black Sea","The Sea of Ice|Wanderer above the Sea of Fog|The Monk by the Sea"
"Entertainment: Video Games","multiple","medium","In &quot;Overwatch&quot;, how much health does Roadhog&#039;s &quot;Take a Breather&quot; ability recover?","300","100|200|400"
"Entertainment: Film","multiple","medium","What does TIE stand for in reference to the TIE Fighter in &quot;Star Wars&quot;?","Twin Ion Engine","Twin Iron Engine|Twin Intercepter Engine|Twin Inception Engine"
"Vehicles","multiple","medium","Which car manufacturer created the &quot;Aventador&quot;?","Lamborghini","Ferrari|Pagani|Bugatti"
"Entertainment: Film","multiple","medium","What is the name of the robot in the 1951 science fiction film classic &#039;The Day the Earth Stood Still&#039;?","Gort","Robby|Colossus|Box"
"Science: Computers","multiple","easy","In computing, what does LAN stand for?","Local Area Network","Long Antenna Node|Light Access Node|Land Address Navigation"
"Sports","multiple","hard","In Canadian football, scoring a rouge is worth how many points?","1","2|3|4"
"Entertainment: Video Games","multiple","medium","Which town was Seamus &quot;Sledge&quot; Cowden from &quot;Tom Clancy&#039;s Rainbow Six Siege&quot; born in?","John O&#039;Groats","Brawl|Kearvaig|Talmine"
"Entertainment: Video Games","boolean","medium","Mortal Kombat was almost based on Jean-Claude Van Damme movie.","True","False"
"Entertainment: Television","multiple","medium","Which track by &quot;Massive Attack&quot; is used for the theme of &quot;House&quot;? ","Teardrop","Protection|Angel|Black Milk"
"Entertainment: Video Games","multiple","easy","The Touhou Project series of games is often associated with which genre?","Shoot &#039;em up","Strategy|FPS|Casual"
"Science &amp; Nature","multiple","easy","71% of the Earth&#039;s surface is made up of","Water","Deserts|Continents|Forests"
"Entertainment: Video Games","multiple","easy","In what year was the game &quot;FTL: Faster Than Light&quot; released?","2012","2014|2013|2011"
"Entertainment: Musicals &amp; Theatres","multiple","hard","Who wrote the lyrics for Leonard Bernstein&#039;s 1957 Brodway musical West Side Story?","Stephen Sondheim","Himself|Oscar Hammerstein|Richard Rodgers"
"Entertainment: Music","multiple","medium","What is the last song on the first Panic! At the Disco album?","Build God, Then We&#039;ll Talk","Nails for Breakfast, Tacks for Snacks|I Write Sins Not Tragedies|Lying Is The Most Fun A Girl Can Have Without Taking Her Clothes Off"
"Entertainment: Video Games","multiple","easy","What ingredients are required to make a cake in Minecraft?","Milk, Sugar, Egg, and Wheat","Milk, Bread, Egg, and Wheat|Milk, Sugar Cane, Egg, and Wheat|Milk, Sugar, and Wheat"
"Entertainment: Music","multiple","medium","What was Bon Iver&#039;s debut album released in 2007?","For Emma, Forever Ago","Bon Iver, Bon Iver|22, A Million|Blood Bank EP"
"Science: Mathematics","boolean","hard","L&#039;H&ocirc;pital was the mathematician who created the homonymous rule that uses derivatives to evaluate limits with indeterminations.","False","True"
"History","multiple","easy","The idea of Socialism was articulated and advanced by whom?","Karl Marx","Vladimir Lenin|Joseph Stalin|Vladimir Putin"
"Celebrities","multiple","medium","Which of these people is NOT a part of the Internet comedy group Mega64?","Jon Jafari","Rocco Botte|Derrick Acosta|Shawn Chatfield"
"Entertainment: Japanese Anime &amp; Manga","multiple","easy","What&#039;s the English Dub Name of &quot;Smile Precure&quot;?","Glitter Force","Sparkle Girls|Fairy Tale Patrol|Power Princesses"
"Entertainment: Video Games","multiple","easy","Who is the creator of the Super Smash Bros. Series?","Masahiro Sakurai","Reggie Fils-Aim&eacute;|Bill Trinen|Hideo Kojima"
"Sports","multiple","easy","Which country hosted the 2018 FIFA World Cup?","Russia","Germany|United States|Saudi Arabia"
"Entertainment: Film","multiple","easy","In &quot;Jurassic World&quot;, what is the name of the dinosaur that is a genetic hybrid?","Indominus Rex","Mosasaurus|Pteranodon|Tyrannosaurus Rex "
"Entertainment: Video Games","multiple","medium","In &quot;Kingdom Hearts&quot;, what mission are Donald and Goofy assigned by King Mickey?","To find the Key bearer and stick with him!","To find the Key bearer and steal the key!|To find the Key bearer and report back!|To find the Key bearer and kill him!"
"Science &amp; Nature","multiple","hard","What does the scientific name of the Cambrian-Period sea creature Anomalocaris mean?","Abnormal Shrimp","Deformed Fish|Strange Crab|Anomalous Clam"
"Mythology","multiple","easy","In Greek mythology, who is the god of wine?","Dionysus","Hephaestus|Demeter|Apollo"
"Entertainment: Cartoon &amp; Animations","multiple","medium","Who is the &quot;dumb blonde&quot; character in Nickelodeon&#039;s &quot;The Loud House&quot;?","Leni","Luan|Luna|Lincoln"
"Animals","multiple","medium","Which of these species is not extinct?","Komodo dragon","Japanese sea lion|Tasmanian tiger|Saudi gazelle"
"Entertainment: Board Games","multiple","easy","The board game Monopoly takes its street names from which real American city?","Atlantic City, New Jersey","Las Vegas, Nevada|Duluth, Minnesota|Charleston, South Carolina"
"Entertainment: Television","multiple","medium","What is the setting of the show &quot;Parks and Recreation&quot;?","Pawnee, Indiana","Eagleton, Indiana|Pasadena, California|London, England"
"Entertainment: Video Games","multiple","medium","Which of the following is NOT an official game in Nintendo&#039;s Super Smash Bros. series?","Super Smash Bros. Crusade","Super Smash Bros. Melee|Super Smash Bros. Brawl|Super Smash Bros. for Nintendo 3DS and Wii U"
"Geography","multiple","medium","In which English county is the city of Portsmouth?","Hampshire","Oxfordshire|Buckinghamshire|Surrey"
"Entertainment: Video Games","multiple","easy","Which Mario spin-off game did Waluigi make his debut?","Mario Tennis","Mario Party 3|Mario Kart: Double Dash!!|Mario Golf: Toadstool Tour"
"Geography","multiple","easy","The Space Needle is located in which city?","Seattle","Los Angles|Toronto|Vancouver"
"Entertainment: Film","multiple","easy","What breed of dog was Marley in the film &quot;Marley &amp; Me&quot; (2008)?","Labrador Retriever","Golden Retriever|Dalmatian|Shiba Inu"
"General Knowledge","multiple","easy","What is the famous Papa John&#039;s last name?","Schnatter","Chowder|Williams|ANDERSON"
"Entertainment: Film","multiple","hard","In the film &quot;Harry Potter and the Order of The Phoenix&quot;, why was Harry Potter&#039;s scream, after Sirius Black died, muted?","Too Agonizing","Too Loud|Too Harsh|Too Violent"
"Entertainment: Music","multiple","medium","Which of the following rappers were NOT part of the hip-hop group Odd Future?","Vince Staples","Tyler, the Creator|Frank Ocean|Mike G"
"Entertainment: Television","multiple","easy","Which show is known for the songs &quot;You are a Pirate&quot;, &quot;Cooking by the Book&quot; and &quot;We Are Number One&quot;?","LazyTown","Sofia the First|DuckTales|Tom and Jerry"
"Entertainment: Film","boolean","easy","In Alfred Hitchcock&#039;s film &#039;Psycho&#039; it is said he used chocolate syrup to simulate the blood in the famous shower scene from ","True","False"
"Entertainment: Film","multiple","medium","Who plays the Nemesis in the Resident Evil movies?","Matthew Taylor","Jason Dip|Eric Mabius|Jimmy Matts"
"General Knowledge","boolean","easy","Nutella is produced by the German company Ferrero.","False","True"
"Animals","multiple","easy","Which class of animals are newts members of?","Amphibian","Fish|Reptiles|Mammals"
"Science: Mathematics","boolean","easy","The &#039;Squaring the Circle&#039; problem is solvable.","False","True"
"History","multiple","medium","What disease crippled President Franklin D. Roosevelt and led him to help the nation find a cure? ","Polio","Cancer|Meningitis|HIV"
"General Knowledge","boolean","easy","Water is naturally coloured blue.","False","True"
"Entertainment: Television","multiple","easy","In Star Trek: The Next Generation, what is the name of Data&#039;s cat?","Spot","Mittens|Tom|Kitty"
"Science: Computers","multiple","medium","What is the name of the default theme that is installed with Windows XP?","Luna","Neptune|Whistler|Bliss"
"Entertainment: Music","multiple","hard","Artis Leon Ivey Jr. is better known as which rap artist?","Coolio","Dr Dre|Snoop Dogg|Ice T"
"Entertainment: Video Games","boolean","easy","There are 6 legendary cards in &quot;Clash Royale&quot;.","False","True"
"Entertainment: Television","multiple","easy","In the show &quot;Tengen Toppa Gurren Lagann&quot; what is the name of the character who force everyone to live underground?","Lordgenome","Kingloname|Lord Genome|King Loname"
"Celebrities","multiple","hard","Billy Herrington is from which US state?","New York","Arizona|California|Georgia"
"Entertainment: Video Games","multiple","medium","Which of the following Copy Abilities was only featured in &quot;Kirby &amp; The Amazing Mirror&quot;?","Mini","Magic|Smash|Missile"
"General Knowledge","multiple","easy","Which of these fast-food chains is NOT mainly known to sell pizza?","Wendy&#039;s","Domino&#039;s|Little Caesars|Papa John&#039;s"
"General Knowledge","multiple","easy","Who invented the first ever chocolate bar, in 1847?","Joseph Fry","Andrew Johnson|John Cadbury|John Tyler"
"History","multiple","medium","In relation to the British Occupation in Ireland, what does the IRA stand for.","Irish Republican Army","Irish Rebel Alliance|Irish Reformation Army|Irish-Royal Alliance"
"Entertainment: Video Games","boolean","easy","The game &quot;Battlefield 1&quot; takes place during World War I.","True","False"
"Entertainment: Film","multiple","medium","Who played Batman in the 1997 film &quot;Batman and Robin&quot;?","George Clooney","Michael Keaton|Val Kilmer|Christian Bale"
"Entertainment: Music","multiple","easy","Whose signature guitar technique is called the &quot;windmill&quot;?","Pete Townshend","Jimmy Page|Eddie Van Halen|Jimi Hendrix"
"Entertainment: Music","boolean","medium","Arcade Fire&#039;s &#039;The Suburbs&#039; won the Album of the Year award in the 2011 Grammys.","True","False"
"Geography","multiple","easy","What is the capital of Indonesia?","Jakarta","Bandung|Medan|Palembang"
"Science &amp; Nature","multiple","hard","An organic compound is considered an alcohol if it has what functional group?","Hydroxyl","Carbonyl|Alkyl|Aldehyde"
"Entertainment: Film","multiple","easy","In the 1992 film &quot;Army of Darkness&quot;, what name does Ash give to his double-barreled shotgun?","Boomstick","Bloomstick|Blastbranch|2-Pump Chump"
"Entertainment: Video Games","multiple","easy","What is the last name of the primary female protagonist of Final Fantasy VIII?","Heartilly","Loire|Almasy|Trepe"
"Mythology","multiple","medium","In Norse Mythology, what is the name of the symbol commonly referred to as the &quot;Tree of Life&quot;?","Yggdrasil","Ymir|Tree of the Earth|Odin&#039;s Roots"
"Politics","multiple","hard","&quot;Yes, America Can!&quot; was this United States politician&#039;s de facto campaign slogan in 2004.","George W. Bush","John Kerry|Barack Obama|Al Gore"
"Entertainment: Cartoon &amp; Animations","multiple","hard","In the TV show &quot;Rick and Morty&quot;, Rick uses the catchphrase &quot;Wubba Lubba Dub Dub&quot;, which means what in Birdperson?","I am in great pain, please help me.","I pray that my life ends soon.|Lets get this party started!|I am suffering, please help me."
"History","multiple","medium","Which building was set aflame on August 24th, 1812?","The White House","Parliament Building|Grand National Assembly Building|Palace of the Nation"
"Entertainment: Video Games","multiple","easy","Which of 2 Valve Games are set in the same universe?","Half-life and Portal","Portal and Left 4 Dead|Half-life and Left 4 Dead|Half-life and Counter Strike"
"General Knowledge","multiple","medium","Which country has the most Trappist breweries?","Belgium","Netherlands|France|USA"
"Entertainment: Film","boolean","medium","Joan Cusack starred in the 2009 disaster movie, &quot;2012&quot;.","False","True"
"Entertainment: Video Games","multiple","medium","Who is the protagonist of the videogame &quot;Dead Rising 2&quot;?","Chuck Greene","Nick Ramos|Frank West|Katie Greene"
"Entertainment: Video Games","multiple","hard","What was the first &quot;Call Of Duty: Zombies&quot; map to be directed by Jason Blundell?","Mob Of The Dead","Buried|Origins|Moon"
"Entertainment: Video Games","multiple","medium","Which of the following is a character in the video game Destiny?","Cayde-6","Ostrava of Boletaria|Mordecai the Hunter|Leon S. Kennedy"
"Entertainment: Books","multiple","easy","What&#039;s the second book in George R. R. Martin&#039;s &#039;A Song of Ice and Fire&#039; series?","A Clash of Kings","A Dance with Dragons|A Storm of Swords|A Feast for Crows"
"Entertainment: Film","boolean","easy","In the original Star Wars trilogy, Alec Guinness provided the voice for Darth Vader.","False","True"
"Science: Gadgets","multiple","medium","What are the base station trackers used for the HTC Vive called?","Lighthouse","Motion|Constellation |Trackers"
"Science: Gadgets","multiple","easy","When was the DVD invented?","1995","2000|1990|1980"
"Entertainment: Film","multiple","medium","Who directed the movie &quot;Alien&quot;?","Ridley Scott","Christopher Nolan|Michael Bay|James Cameron"
"Entertainment: Books","multiple","easy","What is the name of Sherlock Holmes&#039;s brother?","Mycroft Holmes","Mederi Holmes|Martin Holmes|Herbie Hancock Holmes"
"Entertainment: Video Games","multiple","hard","Which of these TrackMania environments was NOT in the original game?","Bay","Desert|Snow|Rally"
"Entertainment: Comics","multiple","medium","Who is the second person to take up the mantle of Night Owl in the Watchmen graphic novel?","Daniel Dreiberg","Nelson Gardner|Hollis Mason|Adrian Veidt"
"General Knowledge","multiple","easy","What was the first ever London Underground line to be built?","Metropolitan Line","Circle Line|Bakerloo Line|Victoria Line"
"Entertainment: Video Games","multiple","medium","What is the lowest amount of max health you can have in Team Fortress 2?","70","100|50|95"
"Science &amp; Nature","boolean","hard","Albert Einstein won a noble prize for his theory of relativity.","False","True"
"Science &amp; Nature","multiple","medium","Which chemical element was originally known as Alabamine?","Astatine","Selenium|Antimony|Molybdenum"
"Entertainment: Video Games","multiple","easy","In the game &quot;DELTARUNE&quot;, what is Ralsei&#039;s special ability?","Pacify","Persuade|Eliminate|Hug"
"Science &amp; Nature","multiple","hard","Which of these animals belongs in class Chondrichthyes?","Great white shark","Octopus|Killer whale|Catfish"
"History","multiple","medium","During the Mongolian invasions of Japan, what were the Mongol boats mostly stopped by?","Typhoons","Tornados|Economic depression|Samurai"
"Entertainment: Music","multiple","hard","Who was the first Jazz Musician to win the Pulitzer Prize for Music","Wynton Marsalis","Michael Brecker|Herbie Hancock|Joe Henderson"
"Entertainment: Video Games","multiple","easy","How many differently shaped Tetris pieces are there?","7","5|6|8"
"Entertainment: Film","multiple","easy","Who starred as Bruce Wayne and Batman in Tim Burton&#039;s 1989 movie &quot;Batman&quot;?","Michael Keaton","George Clooney|Val Kilmer|Adam West"
"Science &amp; Nature","boolean","medium","Steel is an alloy of Iron and Carbon.","True","False"
"Entertainment: Video Games","boolean","easy","In Pok&eacute;mon Sun and Moon, a male Salandit can evolve to a Salazzle.","False","True"
"Entertainment: Television","multiple","easy","In &quot;Rick And Morty&quot;, who shot &quot;Mr. Poopybutthole&quot; in the episode &quot;Total Rickall&quot;?","Beth","Rick|Jerry|Morty"
"Entertainment: Video Games","multiple","easy","In what year was Garry&#039;s Mod released as a standalone title on Valve&#039;s Steam distribution service?","2006","2007|2004|2003"
"Entertainment: Video Games","multiple","medium","Who voiced the character Joel in &quot;The Last of Us&quot;?","Troy Baker","Nolan North|John DiMaggio|Steve Blum"
"Entertainment: Cartoon &amp; Animations","multiple","hard","What was the release date of the first episode of &quot;The Powerpuff Girls&quot;?","November 18, 1998","June 25, 1999|July 28, 2000|April 14, 2001"
"Entertainment: Japanese Anime &amp; Manga","multiple","medium","In Haikyuu!!, who is not a member of Karasuno VBC?","Shigeru Yahaba","Tadashi Yamaguchi|Hisashi Kinoshita|Kazuhito Narita"
"Science: Computers","multiple","medium","What is known as &quot;the brain&quot; of the Computer?","Central Processing Unit","Motherboard|Graphics Processing Unit|Keyboard"
"Geography","multiple","hard","What is the most common climbing route for the second highest mountain in the world, K2?","Abruzzi Spur","Magic Line|Cesen Route|Polish Line"
"Entertainment: Books","multiple","hard","Which fictional English county was the setting for Thomas Hardy&#039;s novels?","Wessex","Barsetshire|Fulchester|Ambridge"
"Entertainment: Video Games","multiple","medium","Where does &quot;The Legend of Zelda: Majora&#039;s Mask&quot; take place?","Termina","Hyrule|Gysahl|Besaid"
"Entertainment: Video Games","multiple","hard","How many playable characters are there in Super Smash Bros. for Nintendo 3DS and Wii U?","58","48|51|55"
"Entertainment: Music","multiple","medium","Which song is not by TheFatRat?","Ascent","Monody|Windfall|Infinite Power!"
"General Knowledge","multiple","hard","In flight systems, what does the initialism &quot;TCAS&quot; stand for?","Traffic Collision Avoidance System","Traffic Communication Alert System|Traffic Configuration Alignment System|Traffic Call-sign Abbreviation System"
"General Knowledge","multiple","medium","Which language is NOT Indo-European?","Hungarian","Russian|Greek|Latvian"
"General Knowledge","boolean","easy","The National Animal of Scotland is the Unicorn.","True","False"
"Entertainment: Video Games","multiple","medium","In what year were screenshots added to Steam?","2011","2010|2008|2009"
"Entertainment: Video Games","multiple","hard","How many voice channels does the Super Nintendo Entertainment System support?","8","6|10|12"
"Science &amp; Nature","multiple","medium","What is the Linnean name of the domestic apple tree?","Malus pumila","Malus americana|Pomus domestica|Appelus delectica"
"Science &amp; Nature","multiple","medium","Which desert is the only desert in the world where the &quot;Saguaro&quot; cactus grows indigenously?","The Sonoran Desert","The Gobi Desert|The Yuma Desert|The Arabian Desert"
"History","multiple","hard","The Second Boer War in 1899 was fought where?","South Africa","Argentina|Nepal|Bulgaria"
"Science &amp; Nature","multiple","hard","The core of the Sun can reach which temperature?","27&deg; Million F (15&deg; Million C)","938,000&deg; F (521093.3&deg; C)|8&deg; Billion F (&deg;4.4 Billion C)|Absolute Zero (Both F and C)"
"Entertainment: Board Games","boolean","easy","The top human players can easily beat the top computers at chess","False","True"
"Entertainment: Film","multiple","easy","Which of these actors does NOT appear in the 1998 movie &quot;Saving Private Ryan&quot;?","Ralph Fiennes","Tom Hanks|Vin Diesel|Matt Damon"
"Entertainment: Music","multiple","hard","What year did Dire Straits&#039;s Song &quot;Money for Nothing&quot; release?","1985","1973|1980|1991"
"General Knowledge","multiple","hard","&quot;Nephelococcygia&quot; is the practice of doing what? ","Finding shapes in clouds","Sleeping with your eyes open|Breaking glass with your voice|Swimming in freezing water"
"Entertainment: Japanese Anime &amp; Manga","multiple","medium","In &quot;Shakugan no Shana&quot; what was the Shana usually referred as?","Flame-Haired Burning-Eyed Hunter","Flame Haze|Flame-Haired Burning-Eyed Haze|Shana"
"Entertainment: Video Games","multiple","easy","In the game Battleblock Theater, what was the name of the voice actor who voiced the narrator?","Will Stamper","Steve Blum|Richard Epcar|Yuri Lowenthal"
"Sports","multiple","medium","Which of these teams isn&#039;t a member of the NHL&#039;s &quot;Original Six&quot; era?","Philadelphia Flyers","New York Rangers|Toronto Maple Leafs|Boston Bruins"
"Politics","multiple","medium","Due to the Nagoya Resolution, China agreed to allow Taiwan to compete separately in international sporting events under what name?","Chinese Taipei","Chinese Taiwan|Republic of Taiwan|Republic of Taipei "
"Entertainment: Music","multiple","easy","Who was &quot;Kung Fu Fighting&quot; in 1974?","Carl Douglas","The Bee Gees|Heatwave|Kool &amp; the Gang"
"Entertainment: Video Games","multiple","easy","Which water-type Pok&eacute;mon starter was introduced in the 4th generation of the series?","Piplup","Totodile|Oshawott|Mudkip"
"General Knowledge","multiple","easy","What organ of the body produces bile?","Liver","Gallbladder|Pancreas|Stomach"
"History","multiple","medium","The Thirty Years War ended with which treaty?","Peace of Westphalia","Treaty of Versailles|Treaty of Paris|Peace of Prague"
"General Knowledge","multiple","easy","Which of the following is the IATA code for Manchester Airport?","MAN","EGLL|LHR|EGCC"
"Entertainment: Video Games","multiple","easy","What was the original name of Crash Bandicoot?","Willie Wombat","Coco Bandicoot|Marvelous Mole|Wally Wombat"
"Entertainment: Books","multiple","medium","What book series published by Jim Butcher follows a wizard in modern day Chicago?","The Dresden Files","A Hat in Time|The Cinder Spires|My Life as a Teenage Wizard"
"Entertainment: Japanese Anime &amp; Manga","multiple","easy","The name of Junko Enoshima&#039;s imposter at the beginning of Danganronpa: Trigger Happy Havoc is?","Mukuro Ikusaba","Ryota Mitarai|Ultimate Imposter|Komaru Naegi"
"Entertainment: Books","boolean","easy","Dracula is destroyed by contact with sunlight","False","True"
"Entertainment: Video Games","multiple","medium","Which of these characters won the Super Smash Bros. Fighter Ballot in 2015?","Bayonetta","Cloud|Ryu|Megaman"
"Geography","multiple","medium","How many countries are inside the United Kingdom?","Four","Two|Three|One"
"Science &amp; Nature","multiple","easy","What lies at the center of our galaxy?","A black hole","A wormhole|A supernova|A quasar"
"Entertainment: Video Games","multiple","easy","Which of the following is not a faction in Tom Clancy&#039;s The Division?","CDC","Cleaners|Last Man Batallion|Rikers"
"General Knowledge","multiple","easy","What is the nickname of the US state of California?","Golden State","Sunshine State|Bay State|Treasure State"
"General Knowledge","boolean","medium","The pickled gherkin was first added to hamburgers because a US health law required all fast-food to include a source of Vitamin C.","False","True"
"Science &amp; Nature","boolean","easy","An exothermic reaction is a chemical reaction that releases energy by radiating electricity.","False","True"
"History","multiple","medium","In which years did the Battle of Gallipoli take place?","1915 - 1916","1914 - 1918|1914 - 1915|1915 - 1918"
"Vehicles","multiple","hard","Which one of these chassis codes are used by BMW 3-series?","E46","E39|E85|F10"
"Entertainment: Music","multiple","easy","Which music publication is often abbreviated to NME?","New Musical Express","New Metro Entertainment|Next Musical Enterprise|North Manchester Express"
"Science: Mathematics","boolean","easy","An isosceles triangle has two sides of equal length as opposed to three.","True","False"
"Sports","boolean","easy","Roger Federer is a famous soccer player.","False","True"
"Entertainment: Video Games","multiple","easy","In Rust, how many Timed Explosive Charges does it take to destroy a Ladder Hatch?","1","3|2|5"
"Entertainment: Books","boolean","easy","&quot;Elementary, my dear Watson&quot; is a phrase that is never truly said within the Conan Doyle books of Sherlock Holmes.","True","False"
"Geography","multiple","hard","How many stations does the Central Line have on the London Underground?","49","51|43|47"
"Entertainment: Cartoon &amp; Animations","multiple","medium","What was the number on Gerald&#039;s shirt in &quot;Hey Arnold!&quot;?","33","88|38|83"
"Science &amp; Nature","multiple","medium","All the following metal elements are liquids at or near room temperature EXCEPT:","Beryllium","Gallium|Caesium|Mercury"
"Entertainment: Video Games","multiple","medium","Which of the following games was not a launch title for the Nintendo Gamecube?","Super Mario Sunshine","Luigi&rsquo;s Mansion|Star Wars Rogue Squadron II|Disney&rsquo;s Tarzan Untamed"
"Entertainment: Film","multiple","medium","In the 2010 Nightmare on Elm Street reboot, who played Freddy Kruger?","Jackie Earle Haley","Tyler Mane|Derek Mears|Gunnar Hansen"
"General Knowledge","multiple","easy","What do sailors call the back of a boat?","Stern","Bow|Starboard|Port"
"Science: Gadgets","multiple","medium","Which company designed the &quot;Betamax&quot; video cassette format?","Sony","Panasonic|LG|Fujitsu"
"General Knowledge","multiple","medium","The website &quot;Shut Up &amp; Sit Down&quot; reviews which form of media?","Board Games","Television Shows|Video Games|Films"
"Entertainment: Video Games","boolean","medium","In career mode of &quot;Need for Speed: Underground 2&quot;, the first car the player can drive is the BMW M3 GTR.","False","True"
"Entertainment: Cartoon &amp; Animations","multiple","easy","Which of these characters from &quot;SpongeBob SquarePants&quot; is not a squid?","Gary","Orvillie|Squidward|Squidette"
"Science: Mathematics","multiple","medium","What shape does sin(x) or cos(x) make on a graph?","Waves","A Parabola|A Straight Line|Zig-Zags"
"Entertainment: Japanese Anime &amp; Manga","multiple","easy","Which anime heavily features music from the genre &quot;Eurobeat&quot;?","Initial D","Wangan Midnight|Kino no Tabi|Cowboy Bebop"
"Entertainment: Video Games","multiple","medium","Which of these is NOT a faction included in the game Counter-Strike: Global Offensive?","BOPE","GSG-9|Elite Crew|Phoenix Connexion"
"Politics","boolean","medium","George W. Bush lost the popular vote in the 2004 United States presidential election.","False","True"
"Entertainment: Video Games","multiple","medium","Which of these is NOT a game under the Worms series?","Major Malfunction","Crazy Golf|Clan Wars|Ultimate Mayhem"
"Entertainment: Video Games","multiple","easy","In the PAYDAY series, who betrayed the PAYDAY gang that got Hoxton arrested?","Hector","Vlad|The Dentist|The Elephant"
"Entertainment: Video Games","multiple","easy","In the original Spyro game who is the first villain?","Gnasty Gnorc","Ripto|Sorceress|Cynder"
"Mythology","multiple","medium","Hera is god of...","Marriage","Agriculture|Sea|War"
"Entertainment: Film","multiple","medium","What year did the movie &quot;Napoleon Dynamite&quot; come out?","2004","2002|2003|2005"
"General Knowledge","boolean","easy","Dihydrogen Monoxide is a dangerous chemical.","False","True"
"Politics","boolean","easy","The S in Harry S. Truman stands for &quot;Samuel&quot;.","False","True"
"Entertainment: Television","multiple","easy","Which of these characters in &quot;Stranger Things&quot; has the power of Telekinesis?","Eleven","Mike|Lucas|Karen"
"Entertainment: Music","multiple","medium","What is the relationship between the band members of American rock band King of Leon?","Brothers &amp; cousins","Childhood friends|Former classmates|Fraternity house members"
"Science: Gadgets","multiple","medium","What is the &quot;Mitsubishi Wakamaru&quot;?","A robot","A pickup truck|An motorcycle|A motorboat"
"Geography","multiple","hard","Which is not a country in Africa?","Guyana","Senegal|Liberia|Somalia"
"Entertainment: Board Games","multiple","hard","How many rooms are there, not including the hallways and the set of stairs, in the board game &quot;Clue&quot;?","9","1|6|10"
"Entertainment: Video Games","multiple","medium","Who is the main antagonist of Silent Hill 4?","Walter Sullivan","Alessa Gillespie|Pyramid Head|Claudia Wolf"
"Sports","boolean","medium","ATP tennis hosted several tournaments on carpet court before being replaced to reduce injuries.","True","False"
"History","multiple","hard","What did the abbreviation &quot;RMS&quot; stand for in the RMS Titanic in 1912?","Royal Mail Ship","Royal Majesty Service|Regular Maritime Schedule |Regulated Maelstrom Sensor"
"Entertainment: Music","multiple","easy","What is not a wind instrument?","Viola","Oboe|Trombone|Duduk"
"Entertainment: Cartoon &amp; Animations","multiple","easy","Who voiced the Genie in Disney&#039;s &quot;Aladdin&quot;?","Robin Williams","Billy Crystal|Adam Sandler|Jim Carrey"
"Celebrities","multiple","easy","Neil Hamburger is played by which comedian?","Gregg Turkington","Nathan Fielder|Tim Heidecker|Todd Glass"
"Entertainment: Video Games","multiple","medium","Psych-Horror &quot;Eternal Darkness: Sanity&#039;s Requiem&quot;, developed by Silicon Knights in 2002, was published by who and on what platform?","Nintendo&reg; Co. Ltd. | GameCube&trade;","Sony&reg; Computer Entertainment&trade; Inc. | PlayStation&reg; 2|Microsoft&reg; Game Studios&trade; | XBox&trade;|Sega&reg; Enterprises Co. Ltd. | Dreamcast&trade;"
"Science &amp; Nature","multiple","medium","What medication was once commonly used as rat poison?","Coumadin","Aspirin|Eliquis|Tylenol"
"Geography","multiple","easy","What state is the largest state of the United States of America?","Alaska","California|Texas|Washington"
"Entertainment: Cartoon &amp; Animations","multiple","medium","What is the name of the Alligator that The Simpsons &quot;killed&quot; in the episode &quot;Kill The Alligator and Run&quot;?","Captain Jack","Captain Jake|Captain Hector|Captain Flynn"
"Entertainment: Television","boolean","medium","The show &quot;Gilligan&#039;s Island&quot; was cancelled because of low ratings.","False","True"
"Geography","multiple","easy","What is the capital of the US State of New York?","Albany","Buffalo|New York|Rochester"
"Sports","multiple","medium","Which NBA player has the most games played over the course of their career?","Robert Parish","Kareem Abdul-Jabbar|Kevin Garnett|Kobe Bryant"
"Entertainment: Film","multiple","medium","What is the correct phrase for the Latin saying &quot;Romanes Eunt Domus&quot; in Monty Python&#039;s Life of Brian?","Romani Ite Domum","Romans Go Home|Roxani Ite Domum|Tomate Ite Domum"
"History","boolean","medium","Assyrian king Sennacherib&#039;s destruction of Babylon in 689 BCE was viewed as a triumph by other Assyrian citizens.","False","True"
"Entertainment: Video Games","multiple","easy","When was &quot;Luigi&#039;s Mansion 3&quot; released?","October 31st, 2019","January 13th, 2019|September 6th, 2018|October 1st, 2019"
"Entertainment: Video Games","boolean","easy","In the Monster Hunter Series, G-Rank is the highest possible prestige a Hunter can recieve.","True","False"
"Entertainment: Music","multiple","medium","Which of these is NOT an album released by The Beatles?","The Wall","Abbey Road|Magical Mystery Tour|Revolver"
"Politics","multiple","hard","What is the name of Niccol&ograve; Machiavelli&#039;s work that argued effective leaders needed to crush their opponents at all costs?","The Prince","The Rape of Lucrece|Will to Power|Love&#039;s Labours Lost"
"Celebrities","multiple","medium","Who is &quot;James Rolfe&quot; better known as?","The Angry Video Game Nerd","TotalBiscuit|PeanutButterGamer|PewDiePie"
"Entertainment: Video Games","boolean","medium","The character that would eventually become Dr. Eggman was considered for the role of Sega&#039;s new flagship mascot before Sonic was.","True","False"
"Sports","multiple","easy","Which country won the 2018 FIFA World Cup hosted in Russia?","France","Croatia|Belgium|England"
"General Knowledge","multiple","easy","The Hyundai Motor Company was founded in which country?","South Korea","Russia|Japan|China"
"Entertainment: Video Games","multiple","medium","The default playermodel of Garry&#039;s Mod is this Half Life 2 character.","Isaac Kleiner","G-Man|Alyx Vance|Gordon Freeman"
"Entertainment: Video Games","multiple","easy","In Divinity: Original Sin II, what is the name of the skeletal origin character?","Fane","Lohse|The Red Prince|There are no skeletal origin characters"
"Entertainment: Music","multiple","medium","Who is the lead singer of Bastille?","Dan Smith","Will Farquarson|Kyle Simmons|Chris Wood"
"Science &amp; Nature","boolean","easy","Great Whites sometimes perform the bump-and-bite attack (a test bite) on victims.","True","False"
"Entertainment: Japanese Anime &amp; Manga","boolean","easy","The name of the attack &quot;Kamehameha&quot; in Dragon Ball Z was named after a famous king of Hawaii.","True","False"
"History","multiple","medium","Which Greek god was the god of the Sun?","Helios","Zeus|Hades|Poseidon"
"History","multiple","medium","Which of the following Presidents of the United States was assassinated?","William McKinley","Lyndon Johnson|Chester Arthur|Franklin Roosevelt"
"Entertainment: Books","multiple","hard","In the Magic: The Gathering universe, which plane does the Homelands expansion take place in?","Ulgrotha","Bant|Llanowar|Tazeem"
"Entertainment: Japanese Anime &amp; Manga","multiple","medium","Which animation studio animated the 2016 anime &quot;Mob Psycho 100&quot;?","Bones","A-1 Pictures|Shaft|Madhouse"
"Science: Computers","multiple","easy","What does GHz stand for?","Gigahertz","Gigahotz|Gigahetz|Gigahatz"
"Entertainment: Video Games","multiple","medium","What was the first weapon pack for &quot;PAYDAY 2&quot;?","The Gage Weapon Pack #1","The Overkill Pack|The Gage Chivalry Pack|The Gage Historical Pack"
"Celebrities","multiple","easy","By which name is Ramon Estevez better known as?","Martin Sheen","Charlie Sheen|Ramon Sheen|Emilio Estevez"
"General Knowledge","multiple","easy","According to the Book of Genesis in the Old Testament, how many days did it take God to create the world?","Six","Seven|One|Twelve"
"Entertainment: Video Games","multiple","easy","In Pokemon, the ability Wonder Guard is exclusive to which Pokemon? ","Shedinja ","Sableye|Spiritomb|Silvally "
"General Knowledge","multiple","easy","What is the largest organ of the human body?","Skin","Heart|large Intestine|Liver"
"Entertainment: Television","boolean","hard","The Klingon home planet is Qo&#039;noS.","True","False"
"Entertainment: Television","boolean","medium","An episode of &quot;The Simpsons&quot; is dedicated to Moe Szyslak&#039;s bar rag.","True","False"
"History","multiple","medium","The fraudelent doctor John R. Brinkley acummulated great fame and wealth in the early 1900s offering what service?","Goat testicles transplant","Pig blood transfusion|Cow liver transplant|Turkey breast implants"
"Entertainment: Music","multiple","hard","Pamina and Papageno are characters in what Mozart opera?","The Magic Flute","The Marriage of Figaro|The Impresario|The Goose of Cairo"
"Entertainment: Cartoon &amp; Animations","multiple","easy","Which of these is NOT a catchphrase used by Rick Sanchez in the TV show &quot;Rick and Morty&quot;?","Slam dunk, nothing but net!","Hit the sack, Jack!|Rikki-Tikki-Tavi, biatch!|Wubba-lubba-dub-dub!"
"Entertainment: Video Games","multiple","medium","In Touhou 12: Undefined Fantastic Object, which of these was not a playable character?","Izayoi Sakuya","Hakurei Reimu|Kirisame Marisa|Kochiya Sanae"
"Entertainment: Video Games","boolean","easy","The end credits sequence in Grand Theft Auto 5 is over half an hour long.","True","False"
"Entertainment: Film","multiple","medium","Who voiced Metalbeard in &quot;The Lego Movie&quot;?","Nick Offerman","Liam Neeson|Morgan Freeman|Will Arnet"
"Geography","multiple","medium","Which of the following countries is within the Eurozone but outside of the Schengen Area?","Cyprus","Malta|Greece|Portugal"
"Science: Mathematics","boolean","medium","Zero factorial is equal to zero. ","False","True"
"Geography","multiple","medium","What&#039;s the first National Park designated in the United States?","Yellowstone","Sequoia |Yosemite|Rocky Mountain"
"History","multiple","medium","What was the code name for the German invasion of the Soviet Union in WW2?","Operation Barbarossa","Operation Kaiserschlact|Operation Unthinkable|Operation Molotov"
"History","multiple","hard","What did the first vending machines in the early 1880&#039;s dispense?","Post cards","Alcohol|Cigarettes|Sodas "
"Entertainment: Video Games","multiple","easy","League of Legends, DOTA 2, Smite and Heroes of the Storm are all part of which game genre?","Multiplayer Online Battle Arena (MOBA)","Real Time Strategy (RTS)|First Person Shooter (FPS)|Role Playing Game (RPG)"
"Entertainment: Film","multiple","medium","Which musical artist had a prominent role in the 2017 film &quot;Kingsman: The Golden Circle&quot;?","Elton John","Lady Gaga|Rihanna|Justin Bieber"
"History","multiple","medium","Which country was an allied power in World War II?","Soviet Union","Italy|Germany|Japan"
"Science &amp; Nature","multiple","hard","Which scientific unit is named after an Italian nobleman?","Volt","Pascal|Ohm|Hertz"
"Animals","boolean","medium","Otters have pockets under their arms for carrying their favourite snacks and rocks.","True","False"
"Entertainment: Japanese Anime &amp; Manga","multiple","hard","In the Overlord Anime who was Cocytus made by?","Warrior Takemikazuchi","Peroroncino|Ulbert Alain Odle|Bukubukuchagama"
"General Knowledge","multiple","medium","What does the &quot;G&quot; mean in &quot;G-Man&quot;?","Government","Going|Ghost|Geronimo"
"Mythology","multiple","medium","Who is the god of war in Polynesian mythology?","&#039;Oro","Hina|Kohara|Māui"
"Entertainment: Cartoon &amp; Animations","multiple","easy","Wendy O. Koopa appeared in the Super Mario DIC Cartoons, but what was she known as?","Kootie Pie","Sweetie Pie|Wendy Pie|Honey Pie"
"Entertainment: Books","multiple","hard","In which classic novel by Mark Twain did a beggar and Prince of Wales switch clothes, and learn about social class inequality?","The Prince and the Pauper","Hamlet|Wealthy Boy and the Schmuck|A Modern Twain Story"
"History","boolean","easy","Vikings were the first Europeans to discover North America.","True","False"
"Science &amp; Nature","multiple","easy","What is the atomic mass of Carbon?","12","14|16|10"
"Entertainment: Video Games","multiple","medium","Which of these features was added in the 1994 game &quot;Heretic&quot; that the original &quot;DOOM&quot; could not add due to limitations?","Looking up and down","Increased room sizes|Unlimited weapons|Highly-detailed textures"
"Geography","multiple","medium","Montreal is in which Canadian province?","Quebec","Ontario|Nova Scotia|Alberta"
"General Knowledge","multiple","easy","What airline was the owner of the plane that crashed off the coast of Nova Scotia in 1998?","Swiss Air","Air France|British Airways|TWA"
"Entertainment: Video Games","multiple","easy","What was the name of the cancelled sequel of Team Fortress?","Team Fortress 2: Brotherhood of Arms","Team Fortress 2: Desert Mercenaries|Team Fortress 2: Operation Gear Grinder|Team Fortress 2: Return to Classic"
"Entertainment: Video Games","multiple","medium","Where was the Sniper character in Team Fortress 2 born?","New Zealand","South Africa|Antarctica|Australia"
"History","multiple","easy","Which famous world leader is famed for the saying, &quot;Let them eat cake&quot;, yet is rumored that he/she never said it at all?","Marie Antoinette","Czar Nicholas II|Elizabeth I|Henry VIII"
"Entertainment: Music","multiple","medium","The letters in the name of the band &quot;TWRP&quot; stand for what?","Tupperware Remix Party","Totally Wicked Robot Performers|Team Wild and the Radio Pirates|Taiwan Roleplay"
"Entertainment: Books","multiple","medium","In Michael Crichton&#039;s novel &quot;Jurassic Park&quot;, John Hammond meets his demise at the claws of which dinosaur?","Procompsognathus","Dilophosaurus|Tyrannosaurus Rex|Velociraptor"
"History","multiple","medium","On which day did construction start on &quot;The Pentagon&quot;, the headquarters for the United States Department of Defense?","September 11, 1941","June 15, 1947|January 15, 1943|September 2, 1962"
"General Knowledge","multiple","easy","Which of the following presidents is not on Mount Rushmore?","John F. Kennedy","Theodore Roosevelt|Abraham Lincoln|Thomas Jefferson"
"Entertainment: Books","boolean","hard","Harry Potter was born on July 31st, 1980.","True","False"
"Entertainment: Video Games","multiple","medium","In vanilla Minecraft, you can make armor out of all BUT which of the following?","Emeralds","Diamonds|Iron|Leather"
"Science: Computers","multiple","hard","Which kind of algorithm is Ron Rivest not famous for creating?","Secret sharing scheme","Hashing algorithm|Asymmetric encryption|Stream cipher"
"Entertainment: Video Games","multiple","easy","Which of the following is NOT a summon in the game &quot;South Park: The Stick of Truth&quot;?","Towelie","Jesus|Mr. Hankey|Mr. Slave"
"Entertainment: Video Games","multiple","medium","In the Mass Effect trilogy, who is the main protagonist?","Shepard","Mordin|Garrus|Thane"
"Entertainment: Japanese Anime &amp; Manga","multiple","medium","In &quot;Black Lagoon&quot;, what colour is Rock&#039;s tie?","Teal","Crimson|Dark Brown|Black"
"Entertainment: Video Games","multiple","medium","In Portal, what color is the Morality Core?","Purple","Red|Yellow|Blue"
"Science: Computers","multiple","easy","What does the Prt Sc button do?","Captures what&#039;s on the screen and copies it to your clipboard","Nothing|Saves a .png file of what&#039;s on the screen in your screenshots folder in photos|Closes all windows"
"Sports","boolean","easy","In association football, or soccer, a corner kick is when the game restarts after someone scores a goal.","False","True"
"Entertainment: Japanese Anime &amp; Manga","multiple","easy","In Ms. Kobayashi&#039;s Dragon Maid, who is Kobayashi&#039;s maid?","Tohru","Lucoa|Kanna|Elma"
"Entertainment: Music","multiple","easy","Which term best describes the connection of two sections of a musical piece through a transitional passage?","Bridge","Coda|Capo|Binary Form"
"Entertainment: Video Games","multiple","medium","In the ARPG &quot;Path of Exile,&quot; what is the highest amount of sockets that an item can have?","6","5|4|8"
"Entertainment: Film","multiple","medium","In which 1973 film does Yul Brynner play a robotic cowboy who malfunctions and goes on a killing spree?","Westworld","Runaway|Android|The Terminators"
"Entertainment: Cartoon &amp; Animations","multiple","medium","How many episodes were in season five of Samurai Jack?","10","12|11|13"
"General Knowledge","multiple","medium","Rolex is a company that specializes in what type of product?","Watches","Cars|Computers|Sports equipment"
"Entertainment: Video Games","boolean","medium","Resident Evil 4 was originally meant to be a Nintendo GameCube exclusive.","True","False"
"Entertainment: Video Games","multiple","medium","Which video game earned music composer Mike Morasky the most awards for his work?","Portal 2","Left 4 Dead 2|Team Fortress 2|Counter-Strike: Global Offensive"
"Politics","multiple","medium","Who was the only president to not be in office in Washington D.C?","George Washington","Abraham Lincoln|Richard Nixon|Thomas Jefferson"
"Entertainment: Television","multiple","medium","What is the name of the main antagonists in Battlestar Galactica?","The Cylons","The Collective|The Federation|The Rebels"
"Mythology","multiple","easy","In most traditions, who was the wife of Zeus?","Hera","Aphrodite|Athena|Hestia"
"Entertainment: Video Games","multiple","easy","Which of these is NOT a player class in Team Fortress 2?","Healer","Demoman|Pyro|Spy"
"Entertainment: Video Games","boolean","easy","Rebecca Chambers does not appear in any Resident Evil except for the original Resident Evil and the Gamecube remake.","False","True"
"Entertainment: Japanese Anime &amp; Manga","multiple","medium","What year does Part 7 of &quot;JoJo&#039;s Bizarre Adventure&quot; take place in?","1890","1888|1999|2003"
"Entertainment: Film","multiple","easy","Who directed the 2015 movie &quot;The Revenant&quot;?","Alejandro G. I&ntilde;&aacute;rritu","Christopher Nolan|David Fincher|Wes Anderson"
"Sports","multiple","easy","When was the first official international game played?","1872","1880|1863|1865"
"Entertainment: Video Games","boolean","easy","The names of Tom Nook&#039;s cousins in the Animal Crossing franchise are named &quot;Timmy&quot; and &quot;Jimmy&quot;.","False","True"
"Entertainment: Film","multiple","hard","What was the last Marx Brothers film to feature Zeppo?","Duck Soup","A Night at the Opera|A Day at the Races|Monkey Business"
"Geography","multiple","easy","Which area of Eastern Europe is famous for its association with vampires?","Transylvania","Silesia|Macedonia|Slovakia"
"History","multiple","easy","The &quot;Trail of Tears&quot; was a result of which United States President&#039;s Indian Removal Policy?","Andrew Jackson","Harry S. Truman|Martin Van Buren|John Quincy Adams"
"Geography","multiple","medium","What is the capital of Estonia?","Tallinn","Helsinki|Tartu|Riga"
"Entertainment: Television","multiple","easy","Who won Big Brother 2014 UK?","Helen Wood","Christopher Hall|Pauline Bennett|Pavandeep &quot;Pav&quot; Paul"
"Science: Computers","boolean","medium","The first dual-core CPU was the Intel Pentium D.","False","True"
"Entertainment: Music","multiple","easy","What album did The Lumineers release in 2016?","Cleopatra","Winter|The Lumineers|Tracks From The Attic"
"Entertainment: Film","boolean","easy","Brandon Routh plays the titular character in the movie &quot;John Wick&quot;.","False","True"
"Entertainment: Video Games","multiple","medium","What is the name the location-based augmented reality game developed by Niantic before Pok&eacute;mon GO?","Ingress","Aggress|Regress|Digress"
"Entertainment: Video Games","multiple","hard","In the game &quot;Overwatch,&quot; which quote does the hero &quot;McCree&quot; NOT say upon using his flashbang ability?","&quot;You done?&quot;","&quot;Whoa there.&quot;|&quot;Hold up now.&quot;|&quot;Don&#039;t move.&quot;"
"Entertainment: Video Games","boolean","medium","The scrapped Sonic the Hedgehog 2 level &quot;Hidden Palace Zone&quot; was later reused in the iOS port of the game. ","True","False"
"Entertainment: Video Games","boolean","medium","The Sniper&#039;s SMG in Team Fortress 2, was originally intended to be the Scout&#039;s primary weapon.","True","False"
"Entertainment: Video Games","multiple","medium","Who voices the infamous Citadel Station A.I known as S.H.O.D.A.N, in the System Shock games?","Terri Brosius"," Jennifer Hale|Jenn Taylor|Lori Alan"
"Entertainment: Television","multiple","medium","Which of the following was not an actor/actress on the American television show &quot;Saturday Night Live&quot; in Season 42?","Tina Fey","Mikey Day|Kate McKinnon|Sasheer Zamata"
"Entertainment: Video Games","multiple","easy","In the fighting game &quot;Skullgirls,&quot; which character utilizes a folding chair called the &quot;Hurting&quot; as a weapon?","Beowulf","Big Band|Squigly|Cerebella"
"Entertainment: Cartoon &amp; Animations","multiple","easy","What is the name of the creatures that the protagonists of the webshow RWBY fight against?","Grimm","Reavers|Heartless|Dark Ones"
"Entertainment: Japanese Anime &amp; Manga","multiple","medium","What studio animated Ouran High School Host Club?","Bones","Production I.G|Kyoto Animation|xebec"
"Entertainment: Music","multiple","medium","Iconic cartoon character Mickey Mouse made his onscreen debut in what year?","1928","1929|1922|1932"
"Entertainment: Cartoon &amp; Animations","multiple","easy","What is the surname of one of the male teachers in the BBC series Postman Pat?","Pringle","Walker|Dorito|Lays"
"Entertainment: Video Games","multiple","easy","What Nationality is D.Va from Overwatch?","Korean","Japanese|Chinese|Vietnamese "
"Entertainment: Television","multiple","easy","Who is the star of the AMC series Breaking Bad?","Walter White","Saul Goodman|Jesse Pinkman|Skyler White"
"Sports","multiple","medium","Who was the topscorer for England national football team?","Wayne Rooney","David Beckham|Steven Gerrard|Michael Owen"
"General Knowledge","multiple","medium","What is the world&#039;s most expensive spice by weight?","Saffron","Cinnamon|Cardamom|Vanilla"
"Celebrities","multiple","medium","When was Elvis Presley born?","January 8, 1935","December 13, 1931|July 18, 1940|April 17, 1938"
"General Knowledge","multiple","easy","What is the name of Poland in Polish?","Polska","Pupcia|Polszka|P&oacute;land"
"General Knowledge","multiple","easy","What is Tasmania?","An Australian State","A flavor of Ben and Jerry&#039;s ice-cream|A Psychological Disorder|The Name of a Warner Brothers Cartoon Character"
"Geography","multiple","easy","What colour is the circle on the Japanese flag?","Red","White|Yellow|Black"
"History","multiple","medium","What is the mnemonic device for remembering the fates of the wives of Henry VIII?","Divorced, Beheaded, Died, Divorced, Beheaded, Survived","Beheaded, Died, Divorced, Divorced, Beheaded, Survived|Died, Beheaded, Divorced, Beheaded, Survived, Divorced|Survived, Beheaded, Died, Divorced, Divorced, Beheaded"
"Entertainment: Film","multiple","hard","Which was the first of Alfred Hitchcock&#039;s movies to be filmed in colour?","Rope","Psycho|Vertigo|Rebecca"
"Science &amp; Nature","multiple","medium","What part of the body produces insulin?","Pancreas","Kidney|Liver|Stomach"
"Entertainment: Video Games","multiple","medium","The city of Rockport is featured in which of the following video games?","Need for Speed: Most Wanted (2005)","Infamous 2|Saints Row: The Third|Burnout Revenge"
"History","multiple","medium","When was Napoleon Bonaparte crowned emperor of the French? "," December 2nd 1804"," July 3rd 1802| March 8th 1803| October 15th 1804"
"Geography","multiple","hard","Which country is completely landlocked by South Africa?","Lesotho","Swaziland|Botswana|Zimbabwe"
"Entertainment: Film","multiple","easy","Which of the following movies was not based on a novel by Stephen King? ","The Thing","Carrie|Misery|The Green Mile"
"Science: Computers","multiple","medium","What was the name given to Android 4.3?","Jelly Bean","Lollipop|Nutella|Froyo"
"Celebrities","multiple","easy","What does film maker Dan Bell typically focus his films on?","Abandoned Buildings and Dead Malls","Historic Landmarks|Action Films|Documentaries "
"Entertainment: Video Games","multiple","hard","Which of these Generation 1 Pokemon did NOT have an evolution in Generation 4?","Jynx","Electabuzz|Magmar|Rhydon"
"Geography","boolean","easy","St. Louis is the capital of the US State Missouri.","False","True"
"Vehicles","multiple","medium","Which animal features on the logo for Abarth, the motorsport division of Fiat?","Scorpion","Snake|Bull|Horse"
"Politics","multiple","easy","How many people are in the U.S. House of Representatives?","435","260|415|50"
"Entertainment: Video Games","multiple","medium","What was the first .hack game?",".hack//Infection",".hack//Zero|.hack//Sign|.hack//Liminality"
"Science: Mathematics","multiple","medium","How many books are in Euclid&#039;s Elements of Geometry?","13","8|10|17"
"Science: Computers","multiple","easy","In networking, what does OSPF stand for?","Open Shortest Path First","Order State Part First|Order Sense Ping Find|Open Signal Path Finder"
"Geography","multiple","medium","What is the largest lake in the African continent?","Lake Victoria","Lake Tanganyika|Lake Malawi|Lake Turkana"
"History","multiple","hard","When was the SS or Schutzstaffel established?","April 4th, 1925","September 1st, 1941|March 8th, 1935|February 21st, 1926"
"Entertainment: Film","multiple","easy","Daniel Radcliffe became a global star in the film industry due to his performance in which film franchise?","Harry Potter","Ted|Spy Kids|Pirates of the Caribbean "
"Entertainment: Film","multiple","easy","Which movie released in 2016 features Superman and Batman fighting?","Batman v Superman: Dawn of Justice","Batman v Superman: Superapocalypse|Batman v Superman: Black of Knight|Batman v Superman: Knightfall"
"Entertainment: Video Games","multiple","hard","What is the name of the alligator in Where&#039;s My Water?","Swampy","Cranky|Crocky|Justice"
"Entertainment: Video Games","boolean","easy","Doki Doki Literature Club was developed in Japan.","False","True"
"Entertainment: Music","multiple","medium","What is the name of French electronic music producer Madeon&#039;s 2015 debut studio album?","Adventure","The City|Icarus|Pop Culture"
"Science &amp; Nature","multiple","medium","Who made the discovery of X-rays?","Wilhelm Conrad R&ouml;ntgen","Thomas Alva Edison|James Watt|Albert Einstein"
"Entertainment: Video Games","multiple","easy","In the first game of the Sly Cooper franchise, what family heirloom did Sly Cooper want to steal back?","Thievius Raccoonus","Raccoon Training 101|The Art of Sneak|Raccoonus Teachus"
"Entertainment: Video Games","multiple","easy","Which company did Gabe Newell work at before founding Valve Corporation?","Microsoft","Apple|Google|Yahoo"
"Entertainment: Film","multiple","hard","Before &quot;Jurassic Park III&quot; was finalized and the Spinosaurus was chosen, which dinosaur was going to be the star?","Baryonyx","Tyrannosaurus Rex|Velociraptor|Suchomimus"
"Geography","multiple","hard","The Andaman and Nicobar Islands in South East Asia are controlled by which country?","India","Vietnam|Thailand|Indonesia"
"Entertainment: Video Games","multiple","easy","What year was the game Dishonored released?","2012","2011|2008|2013"
"Entertainment: Music","multiple","medium","Which of these is NOT a name of an album released by American rapper Pitbull?","Welcome to Miami","Dale|Global Warming|Armando"
"Science: Computers","multiple","hard","The Harvard architecture for micro-controllers added which additional bus?","Instruction","Address|Data|Control"
"Geography","multiple","hard","What national museum will you find in Cooperstown, New York?","National Baseball Hall of Fame","Metropolitan Museum of Art|National Toy Hall of Fame|Museum of Modern Art"
"Entertainment: Television","multiple","easy","What is the name of the planet that the Doctor from television series &quot;Doctor Who&quot; comes from?","Gallifrey","Sontar|Skaro|Mondas"
"Entertainment: Video Games","multiple","easy","Which of these is NOT a playable character in the 2016 video game Overwatch?","Invoker","Mercy|Winston|Zenyatta"
"Geography","multiple","medium","What European country is not a part of the EU?","Norway","Lithuania|Ireland|Czechia"
"Animals","boolean","easy","Rabbits can see what&#039;s behind themselves without turning their heads.","True","False"
"General Knowledge","multiple","medium","The new One World Trade Center in Manhattan, New York City was designed by which architect? ","David Childs","Bjarke Ingels|Michael Arad|Fumihiko Maki"
"Entertainment: Music","boolean","medium","EDM label Monstercat signs tracks instead of artists.","True","False"
"General Knowledge","boolean","medium","Haggis is traditionally ate on Burns Night.","True","False"
"Vehicles","multiple","easy","The LS2 engine is how many cubic inches?","364","346|376|402"
"General Knowledge","multiple","medium","Macintosh has named six of its operating systems after big cats. What big cat did Macintosh name their 2007 release after? ","Leopard","Tiger|Panther|Puma"
"Entertainment: Video Games","multiple","medium","What is the item required to summon the boss Duke Fishron in the game Terraria?","Truffle Worm","Suspicious Looking Fish|King Grasshopper|Slug"
"Entertainment: Japanese Anime &amp; Manga","multiple","easy","Which of the following originated as a manga?","Akira","Cowboy Bebop|High School DxD|Gurren Lagann"
"Entertainment: Television","multiple","medium","What does Bart sell his soul for in The Simpsons episode &#039;Bart Sells His Soul&#039;?","$5","A Copy of Bonestorm 2|$100|A Giant Gobstopper"
"Art","boolean","medium","Pablo Picasso is one of the founding fathers of &quot;Cubism.&quot;","True","False"
"Science: Computers","multiple","hard","Which of these names was an actual codename for a cancelled Microsoft project?","Neptune","Enceladus|Pollux|Saturn"
"Sports","multiple","medium","What is the highest belt you can get in Taekwondo?","Black","White|Red|Green"
"Entertainment: Television","boolean","easy","In &quot;Star Trek&quot;, Klingons are aliens.","True","False"
"Geography","boolean","medium","The longest place named in the United States is Lake Chargoggagoggmanchauggagoggchaubunagungamaugg, located near Webster, MA.","True","False"
"Politics","multiple","hard","Which nation joined NATO as its 29th member in 2017?","Montenegro","Estonia|Andorra|Iceland"
"Science: Mathematics","multiple","medium","What numbers are in the 5th row of Pascal&#039;s Triangle?","1 4 6 4 1","1 3 3 1|1 5 10 10 5 1|1 6 15 20 15 6 1"
"Entertainment: Video Games","multiple","medium","What is the name of Joel&#039;s daughter in the game, &quot;The Last of Us&quot;? ","Sarah","Ellie|Tess|Marlene"
"Animals","multiple","hard","How many known living species of hyenas are there?","4","8|2|6"
"Entertainment: Video Games","multiple","hard","In Counter Strike: Global Offensive, what is the code implanted onto the C4 as the Terrorists plant the bomb?","7355608","7890728|7256380|7726354"
"General Knowledge","multiple","easy","What is the French word for &quot;hat&quot;?","Chapeau","Bonnet| &Eacute;charpe| Casque"
"Sports","boolean","medium","In 2008, Usain Bolt set the world record for the 100 meters with one shoelace untied.","True","False"
"Science: Computers","multiple","easy","If you were to code software in this language you&#039;d only be able to type 0&#039;s and 1&#039;s.","Binary","JavaScript|C++|Python"
"Entertainment: Music","multiple","medium","&quot;The Day the Music Died&quot; was a tragic plane crash that killed three musicians in which decade?","50&#039;s","60&#039;s|70&#039;s|40&#039;s"
"Entertainment: Video Games","multiple","easy","In Final Fantasy XIV, what is the name of the Deep Dungeon that was introduced in the expansion pack, Heavensward?","Palace of the Dead","Heaven on High|Aetherochemical Research Facility|Sunken Temple of Qarn"
"History","boolean","easy","The Spitfire originated from a racing plane.","True","False"
"Entertainment: Music","multiple","medium","What was the title of Sakamoto Kyu&#039;s song &quot;Ue o Muite Arukou&quot; (I Look Up As I Walk) changed to in the United States?","Sukiyaki","Takoyaki|Sushi|Oden"
"History","boolean","medium","The Hundred Years&#039; War was fought for more than a hundred years.","True","False"
"Entertainment: Japanese Anime &amp; Manga","multiple","medium","What sport is being played in the Anime Eyeshield 21?","American Football","Baseball|Football|Basketball"
"Entertainment: Cartoon &amp; Animations","multiple","easy","What is the relationship between Rick and Morty in the show &quot;Rick and Morty&quot;?","Grandfather and Grandson","Father and Son|Best Friends|Crimefighting Partners"
"Entertainment: Japanese Anime &amp; Manga","boolean","hard","Throughout the entirety of &quot;Dragon Ball Z&quot;, Goku only kills two characters: a miniboss named Yakon and Kid Buu.","True","False"
"Vehicles","multiple","hard","Which car is the first mass-produced hybrid vehicle?","Toyota Prius","Chevrolet Volt|Honda Fit|Peugeot 308 R HYbrid"
"Entertainment: Music","multiple","medium","Which of these artists do NOT originate from France?","The Chemical Brothers","Air|Justice|Daft Punk"
"Entertainment: Video Games","boolean","easy","Super Mario Bros. was the first video game ever created.","False","True"
"Art","multiple","medium","Which artist&rsquo;s studio was known as &#039;The Factory&#039;?","Andy Warhol","Roy Lichtenstein|David Hockney|Peter Blake"
"History","multiple","easy","Who was the first American in space?","Alan Shephard","Neil Armstrong|John Glenn|Jim Lovell"
"History","multiple","hard","Which U.S. president was said to have been too honest to lie to his father about chopping down a cherry tree?","George Washington","Abraham Lincoln|Thomas Jefferson|James Monroe"
"Entertainment: Music","multiple","medium","How many studio albums have the heavy metal band, &#039;Metallica&#039; released in the period between 1983 and 2016?","10","7|9|12"
"Science &amp; Nature","boolean","medium","Male pandas do handstands while urinating on trees. ","True","False"
"Mythology","boolean","medium","In Greek mythology, Hera is the goddess of harvest.","False","True"
"Entertainment: Music","multiple","medium","What is Brian May&#039;s guitar called?","Red Special","Blue Special|Green Special|Yellow Special"
"Science: Computers","boolean","easy","The logo for Snapchat is a Bell.","False","True"
"Science &amp; Nature","multiple","hard","What is the scientific name of the knee cap?","Patella","Femur|Foramen Magnum|Scapula"
"Entertainment: Music","multiple","medium","In the song &ldquo;The Ultimate Showdown of Ultimate Destiny,&rdquo; who is the only one to survive the battle?","Mr. Rogers","Batman|Chuck Norris|Godzilla"
"History","multiple","medium","In what year did the First World War end?","1918","1914|1916|1912"
"Entertainment: Music","multiple","medium","In what film was the Michael Jackson song &quot;Will You Be There&quot; featured?","Free Willy","Sleepless in Seattle|Men in Black|Bad Boys"
"Vehicles","boolean","medium","Arriva is owned by the Deutsche Bahn.","True","False"
"Entertainment: Video Games","multiple","medium","In the game The World Ends With You, all of these characters act as a game partner with Neku for a week except:","Rhyme","Shiki|Joshua|Beat"
"Geography","multiple","medium","What is the capital of British Columbia, Canada?","Victoria","Vancouver|Hope|Kelowna"
"Entertainment: Video Games","multiple","easy","In Minecraft, which two items must be combined to craft a torch?","Stick and Coal","Stick and Fire|Wood and Coal|Wood and Fire"
"History","multiple","hard","Which of these theoretical phycisists first predicted the existence of antimatter?","Paul Dirac","Niels Bohr|Albert Einstein|Werner Heisenberg"
"General Knowledge","boolean","easy","Ping-Pong originated in England","True","False"
"History","multiple","medium","What historical event was Tchaikovsky&#039;s 1812 Overture referencing?","The Napoleonic Wars","The American War of 1812|The Russian Revolution|The Charge of the Light Brigade (Crimean War)"
"General Knowledge","multiple","hard","Sciophobia is the fear of what?","Shadows","Eating|Bright lights|Transportation"
"Entertainment: Video Games","multiple","hard","In &quot;Magicka&quot;, which two elements are combined to cast the spell, &quot;Nullify&quot;?","Arcane + Shield","Lightning + Shield|Lightning + Life|Arcane + Life"
"Entertainment: Video Games","multiple","medium","In the game &quot;Red Dead Redemption&quot;, what is the name of John Marston&#039;s dog?","Rufus","Rutus|Finn|Apollo"
"Entertainment: Music","multiple","hard","Who was not in the band &quot;The Smiths&quot;?","Martin Chambers","Morrissey|Andy Rourke|Mike Joyce"
"Entertainment: Video Games","multiple","medium","How many games are there in the &quot;Colony Wars&quot; series for the PlayStation?","3","2|4|5"
"General Knowledge","multiple","easy","Which sign of the zodiac is represented by the Crab?","Cancer","Libra|Virgo|Sagittarius"
"Entertainment: Film","multiple","easy","What was the first James Bond film?","Dr. No","Goldfinger|From Russia With Love|Thunderball"
"History","multiple","hard","How long did the Warsaw Uprising during World War II last?","63 Days","20 Days|55 Days|224 Days"
"Animals","boolean","easy","A bear does NOT defecate during hibernation. ","True","False"
"Science: Computers","multiple","hard","The acronym &quot;RIP&quot; stands for which of these?","Routing Information Protocol","Runtime Instance Processes|Regular Interval Processes|Routine Inspection Protocol"
"Entertainment: Video Games","multiple","medium","When was Nintendo&#039;s Virtual Boy released?","1995","1989|1997|1992"
"Animals","boolean","medium","Tigers have one colour of skin despite the stripey fur.","False","True"
"Entertainment: Video Games","multiple","easy","In the video game, Half-life, what event started the Half-life universe as we know today?","The Resonance Cascade","World War 3|The Xen Attack|The Black Mesa Nuke"
"Entertainment: Video Games","multiple","medium","Killing Floor started as a mod for which Unreal Engine 2 game?","Unreal Tournament 2004","Deus Ex: Invisible War|Unreal Tournament 3|Postal"
"Entertainment: Video Games","multiple","medium","Which one of these nations was added to Civilization V with the &quot;Gods &amp; Kings&quot; expansion?","The Netherlands","The Zulu|The Ottomans|The Kongo"
"Sports","multiple","medium","Which German sportswear company&#039;s logo is the &#039;Formstripe&#039;?","Puma","Nike|Adidas|Reebok"
"Entertainment: Film","multiple","medium","Which actor and martial artist starred as Colonel Guile in the 1994 action film adaptation of Street Fighter?","Jean-Claude Van Damme","Chuck Norris|Steven Seagal|Scott Adkins"
"Entertainment: Television","multiple","medium","This composer worked on the 2003 TV series Battlestar Galatica.","Bear McCreary","Ramin Djawadi|Jeremy Soule|Harry Gregson-Williams"
"Entertainment: Books","multiple","hard","The novel &quot;Jane Eyre&quot; was written by what author? ","Charlotte Bront&euml;","Emily Bront&euml;|Jane Austen|Louisa May Alcott"
"Entertainment: Film","multiple","medium","What was another suggested name for, the 1985 film, Back to the Future?","Spaceman From Pluto","Hill Valley Time Travelers|The Time Travelers|The Lucky Man"
"General Knowledge","multiple","easy","When was Pong released?","November 29, 1972","March 29, 2017|November 29, 1970|December 14, 1974"
"Entertainment: Musicals &amp; Theatres","multiple","hard","What is the name of Broadway&#039;s first &quot;long-run&quot; musical?","The Elves","Wicked|Hamilton|The Book of Mormon"
"Geography","multiple","easy","Which of the following former Yugoslavian states is landlocked?","Serbia","Bosnia and Herzegovina|Montenegro|Croatia"
"Animals","multiple","easy","What is the fastest  land animal?","Cheetah","Lion|Thomson&rsquo;s Gazelle|Pronghorn Antelope"
"Entertainment: Television","multiple","easy","In AMC&#039;s TV Series &quot;The Walking Dead&quot; what are &quot;Zombies&quot; referred to as?","Walkers","Creepers|Maggots|Hell Pigs"
"General Knowledge","multiple","easy","The word &quot;dozen&quot; usually refers to a group of how many objects?","12","6|20|10"
"Entertainment: Film","multiple","medium","In the Friday The 13th series, what is Jason&#039;s mother&#039;s first name?","Pamela","Mary|Christine|Angeline"
"Entertainment: Video Games","multiple","easy","Which character in Undertale tells you that you&#039;re &quot;gonna have a bad time&quot;?","Sans","Undyne|Asgore|Asriel Dreemurr"
"Entertainment: Film","multiple","medium","Which actor played the main character in the 1990 film &quot;Edward Scissorhands&quot;?","Johnny Depp"," Clint Eastwood|Leonardo DiCaprio|Ben Stiller"
"Entertainment: Video Games","multiple","easy","What was the name of the canceled projected by Blizzard Entertainment that would be later become Overwatch?","Titan","Omnic|Omega|Ghost"
"Animals","multiple","easy","How many legs do butterflies have?","6","2|4|0"
"Science &amp; Nature","multiple","easy","What is the largest planet in the Solar System?","Jupiter","Saturn|Earth|Mars"
"Entertainment: Film","multiple","easy","Which actor plays Obi-Wan Kenobi in Star Wars Episodes I-III?","Ewan McGregor","Alec Guinness|Hayden Christensen|Liam Neeson"
"Entertainment: Music","boolean","medium","Scottish producer Calvin Harris is from the town of Dumfries, Scotland.","True","False"
"General Knowledge","multiple","medium","What is the defining characteristic of someone who is described as hirsute?","Hairy","Rude|Funny|Tall"
"Science: Computers","boolean","easy","Linus Torvalds created Linux and Git.","True","False"
"Geography","multiple","medium","Which of these countries is located the FURTHEST away from the South China Sea?","Bangladesh","Malaysia|Vietnam|Philippines"
"Science: Gadgets","multiple","easy","Which gaming console is developed by Sony?","PlayStation","Xbox|Atari|Nintendo Switch"
"Entertainment: Video Games","multiple","hard","Which of these characters from Final Fantasy VIII primarily spoke in one word sentences?","Fujin","Raijin|Seifer|Zell"
"Entertainment: Video Games","multiple","medium","In &quot;Call of Duty: Black Ops III&quot; Zombies, what does completing all the main easter eggs reward you with?","1,000,000 XP","Juggernog at the start of each game|50 Liquid Diviniums|All three options."
"Science &amp; Nature","boolean","medium","Like with the Neanderthals, Homo sapiens sapiens also interbred with the Denisovans.","True","False"
"History","multiple","medium","What year did Skoal, a smokeless Tobacco company, release their first line of Pouches, known as &quot;Skoal Bandits&quot;?","1983","1934|1984|1822"
"Entertainment: Video Games","multiple","easy","In the &quot;Metal Gear Solid&quot; series, what&#039;s the name of Solid Snake&#039;s brother?","Liquid Snake","Kulus Snake|Billy Snake|Gilur Snake"
"Science &amp; Nature","boolean","medium","Anatomy considers the forms of macroscopic structures such as organs and organ systems.","True","False"
"Entertainment: Music","multiple","hard","What was the last Aphex Twin album released before his decade-long hiatus?","Drukqs","Windowlicker|Syro|Collected Ambient Works 85-92"
"Sports","multiple","hard","Which year was the third Super Bowl held?","1969","1968|1971|1970"
"Entertainment: Video Games","multiple","medium","Which one of these is NOT a character in the video game Overwatch","Garen","Reaper|Hana Song|Tracer"
"Celebrities","multiple","easy","Named after a character he played in a 1969 film, what is the name of the ski resort in Utah that Robert Redford bought in 1968?","Sundance","Woodward|Turner|Booker"
"Geography","multiple","easy","What is the name of the peninsula containing Spain and Portugal?","Iberian Peninsula","European Peninsula|Peloponnesian Peninsula|Scandinavian Peninsula"
"Entertainment: Film","multiple","hard","In 2012, which movie won every category in the 32nd &quot;Golden Raspberry Awards&quot;?","Jack and Jill","The Girl with the Dragon Tattoo|Thor|The King&#039;s Speech"
"Entertainment: Video Games","multiple","hard","Which one of these characters appeared in Marvel vs Capcom: Infinite? ","Firebrand","Wolverine|Dr. Doom|Jill Valentine"
"Science &amp; Nature","multiple","easy","What was the name of the first artificial Earth satellite, launched by the Soviet Union in 1957?","Sputnik 1","Soyuz 7K-OK|Zenit-2|Voskhod 3KV"
"Vehicles","multiple","easy","Which car tire manufacturer is famous for its &quot;P Zero&quot; line?","Pirelli","Goodyear|Bridgestone|Michelin"
"Science: Computers","boolean","easy","Linux was first created as an alternative to Windows XP.","False","True"
"History","multiple","hard","What age was King Henry V when he died?","35","62|87|73"
"Entertainment: Video Games","multiple","hard","In the Kingdom Hearts series, which is not an optional boss you can fight?","Master Yen Sid","Sephiroth|Julius|Kurt Zisa"
"History","multiple","easy","How many manned moon landings have there been?","6","1|3|7"
"General Knowledge","multiple","medium","When was WhatsApp founded?","2009","2007|2012|2010"
"Entertainment: Video Games","multiple","medium","How many zombies need to be killed to get the &quot;Zombie Genocider&quot; achievement in Dead Rising (2006)?","53,594","53,593|53,595|53,596"
"Entertainment: Music","multiple","medium","Which one of these artists appears in the album Deltron 3030?","Dan the Automater","Lamarr Kendrick|Danger Mouse|CeeLo Green"
"Entertainment: Video Games","multiple","medium","Who was the first female protagonist in a video game?","Samus Aran","Lara Croft|Alis Landale|Chell"
"Science &amp; Nature","boolean","medium","The planet Mars has two moons orbiting it.","True","False"
"Entertainment: Video Games","multiple","medium","When was the original Star Wars: Battlefront II released?","October 31, 2005","December 18, 2004|November 21, 2006|September 9, 2007"
"Sports","multiple","medium","Which of the following pitchers was named National League Rookie of the Year for the 2013 season?","Jose Fernandez","Jacob deGrom|Shelby Miller|Matt Harvey"
"Entertainment: Video Games","boolean","easy","In Pok&eacute;mon, Arbok evolves into Seviper.","False","True"
"Entertainment: Music","multiple","medium","Which Iron Maiden album did the song &quot;Dream of Mirrors&quot; feature in?","Brave New World","Dance of Death|A Matter of Life and Death|Somewhere in Time"
"Entertainment: Television","multiple","medium","Who sang the theme song for the TV show &#039;Rawhide&#039;?","Frankie Laine","Guy Mitchell| Tennessee Ernie Ford|Slim Whitman"
"Entertainment: Video Games","multiple","medium","In Call Of Duty: Black Ops II, who is the main antagonist?","Raul Men&eacute;ndez ","Vladimir Makarov |Frank Woods|DeFalco"
"Entertainment: Video Games","multiple","easy","What company created and developed the game &quot;Overwatch&quot;?","Blizzard Entertainment","Valve|Hi-Rez Studios|Gearbox Software"
"Entertainment: Musicals &amp; Theatres","multiple","medium","What play is the quote &quot;Hell is other people&quot; from?","No Exit","The Devil and the Good Lord|The Condemned of Altona|The Flies"
"Entertainment: Books","multiple","medium","Where does Stephen King&#039;s &quot;IT&quot; take place?","Derry, Maine","Rockford, Illinois|Innsmouth, Massachusetts|Kingsland, Texas"
"Entertainment: Musicals &amp; Theatres","multiple","easy","How many plays is Shakespeare generally considered to have written?","37","18|54|25"
"General Knowledge","multiple","easy","The file hosting service, &quot;Google Drive&quot; was launched on what day?","April 24, 2012","January 12, 2014|November 14, 2008|January 20, 2010"
"Entertainment: Television","multiple","medium","The 1985 Toyota Corolla &quot;AE86&quot; was the hero car for what anime? ","Initial D","Wangan Midnight|Ghost MF|Ex Driver"
"Mythology","multiple","medium","What animal did Queen Pasipahe sleep with before she gave birth to the Minotaur in Greek Mythology?","Bull","Pig|Ox|Horse"
"Entertainment: Film","multiple","easy","Which of these actors have NOT played Spiderman in the movies?","Michael Cera","Tobey Maguire|Andrew Garfield|Tom Holland"
"Entertainment: Television","multiple","easy","In Two and a Half Men, what is Alan Harper&#039;s son&#039;s name?","Jake","John|Jeremy|James"
"Sports","multiple","medium","Which of these English football clubs is based in Liverpool?","Everton","West Ham United|Crystal Palace|Arsenal"
"General Knowledge","multiple","easy","The American company &quot;Campbell&#039;s&quot; is most well known for making what food product?","Canned soups","Chocolate|Soft drinks|Sausages"
"Entertainment: Video Games","multiple","easy","What company developed the Xbox line of video game consoles?","Microsoft","Sony|Toshiba|IBM"
"Entertainment: Video Games","multiple","easy","Who is the main protagonist in the game Life is Strange: Before The Storm?","Chloe Price ","Max Caulfield|Rachel Amber|Frank Bowers"
"Entertainment: Music","multiple","easy","Which member of the Foo Fighters was previously the drummer for Nirvana?","Dave Grohl","Taylor Hawkins|Nate Mendel|Chris Shiflett"
"Sports","multiple","hard","Which of these European cities was the first to host the modern Summer Olympic Games three times?","London","Paris|Athens|Rome"
"History","multiple","medium","In what dialogue did Socrates defend himself to the court of Athens? ","The Apology","The Euthyphro|The Laws|The Republic"
"Vehicles","multiple","easy","How many wheels does a unicycle have?","1","4|3|6"
"Science &amp; Nature","multiple","medium","The medial meniscus forms which part of what joint in the human body?","Knee","Elbow|Ankle|Shoulder"
"Entertainment: Television","multiple","medium","Which of these television shows makes everyone look under their chair?","Oprah","Jimmy Fallon|Saturday Night Live|Larry Rubert"
"General Knowledge","multiple","easy","Which is the second largest native language spoken in Spain by numbers of speakers?","Catalan","Portuguese|Spanish|French"
"Entertainment: Video Games","multiple","easy","What is the maximum HP in Terraria?","500","400|1000|100"
"Entertainment: Video Games","multiple","medium","Which soccer player is featured on the cover of EA Sport&#039;s FIFA 18?","Cristiano Ronaldo","Lionel Messi|Neymar|Harry Kane"
"General Knowledge","boolean","medium","The bikini is named after the &quot;Bikini Atoll&quot;, an island where the United States conducted tests on atomic bombs.","True","False"
"Entertainment: Board Games","multiple","easy","How many dots are on a single die?","21","24|15|18"
"Animals","multiple","hard","To which biological phylum do all mammals, birds and reptiles belong?","Chordata","Echinodermata|Annelida|Placazoa"
"Entertainment: Music","multiple","easy","Who is the lead singer of the band Coldplay?","Chris Martin","Chris Isaak|Chris Wallace|Chris Connelly"
"Entertainment: Video Games","multiple","hard","What was the name of the hero in the 80s animated video game &#039;Dragon&#039;s Lair&#039;?","Dirk the Daring","Arthur|Sir Toby Belch|Guy of Gisbourne"
"Science: Mathematics","multiple","hard","Which of these did mathematician Leonhard Euler NOT develop?","An improvement to the Fast Fourier Transform","A method of solving first-order differential equations|An identity linking the numbers e, pi and i|A formula linking vertices, edges and faces on a graph"
"Geography","multiple","medium","The Japanese district Akihabara is also known by what nickname?","Electric Town","Moon Walk River|Otaku Central |Big Eyes"
"Entertainment: Video Games","boolean","hard","Unturned originally started as a Roblox game.","True","False"
"Sports","multiple","hard","What is the full name of the footballer &quot;Cristiano Ronaldo&quot;?","Cristiano Ronaldo dos Santos Aveiro","Cristiano Ronaldo los Santos Diego|Cristiano Armando Diego Ronaldo|Cristiano Luis Armando Ronaldo"
"Vehicles","multiple","medium","Which Japanese company is the world&#039;s largest manufacturer of motorcycles?","Honda","Yamaha|Suzuki|Kawasaki"
"Celebrities","multiple","medium","What year did radio icon Howard Stern start a job at radio station WNBC?","1982","1985|1984|1995"
"Entertainment: Japanese Anime &amp; Manga","multiple","easy","What is the name of the corgi in Cowboy Bebop?","Einstein","Edward|Rocket|Joel"
"Entertainment: Film","multiple","medium","In which African country was the 2006 film &#039;Blood Diamond&#039; mostly set in?","Sierra Leone","Liberia|Burkina Faso|Central African Republic"
"General Knowledge","multiple","medium","What is the Portuguese word for &quot;Brazil&quot;?","Brasil","Brazil|Brasilia|Bras&iacute;l"
"Entertainment: Film","multiple","medium","What was the name of the protagonist in the movie Commando (1985)?","John Matrix","Ben Richards|Douglas Quaid|Harry Tasker"
"Entertainment: Music","multiple","medium","EDM producer Marshmello performs live wearing clothes and a marshmallow mask of what colour?","White","Black|Blue|Yellow"
"Entertainment: Music","multiple","medium","When was the 3rd album &quot;Notes from the Underground&quot; of the band &quot;Hollywood Undead&quot; released?","2013","2011|2014|2009"
"History","multiple","medium","Who was the first Chancellor of a united Germany in 1871? ","Otto Von Bismark","Kaiser Wilhelm |Fredrick the 2nd|Robert Koch"
"Entertainment: Video Games","multiple","easy","Which of the following is NOT one of the main characters in Grand Theft Auto V&rsquo;s story mode?","Tommy Vercetti","Michael de Santa|Franklin Clinton|Trevor Phillips"
"Geography","multiple","hard","Bir Tawil, an uninhabited track of land claimed by no country, is located along the border of which two countries?","Egypt and Sudan","Israel and Jordan|Chad and Libya|Iraq and Saudi Arabia"
"Geography","multiple","medium","The formerly East-Prussian city of K&ouml;nigsberg is known as which Russian City today?","Kaliningrad","Kazan|Kursk|Krasnodar"
"Entertainment: Video Games","multiple","hard","&quot;Strangereal&quot; is a fictitious Earth-like world for which game series?","Ace Combat","Jet Set Radio|Deus Ex|Crimson Skies"
"Entertainment: Film","multiple","hard","The film Mad Max: Fury Road features the Dies Irae  from which composer&#039;s requiem?","Verdi","Mozart|Berlioz|Brahms"
"Science: Mathematics","multiple","hard","How many zeptometres are inside one femtometre?","1,000,000","10|1,000,000,000|1000"
"Geography","multiple","medium","The World Health Organization headquarters is located in which European country?","Switzerland","United Kingdom|France|Belgium"
"Entertainment: Japanese Anime &amp; Manga","multiple","medium","How does the character Dragowizard, Qinus Axia&#039;s from the anime &quot;Buddyfight&quot; differ between the Japanese and English dubs?","Different Gender","Different Body Proportions|Different Backstory|Different Appearance"
"Entertainment: Comics","multiple","hard","In what Homestuck Update was [S] Game Over released?","October 25th, 2014","April 13th, 2009|April 8th, 2012|August 28th, 2003"
"History","multiple","medium","What is the name given to the series of confrontations between the UK and Iceland over North Atlantic fishing rights?","The Cod Wars","The Lobster Wars|The Halibut Wars|The Mackerel Wars"
"Entertainment: Comics","multiple","medium","In the comics, which Sonic character took command of the Dark Legion after Luger&#039;s assassination?","Lien-Da","Kragok|Dimitri|Remington"
"Entertainment: Cartoon &amp; Animations","multiple","hard","In the &quot;Star Wars&quot; universe, what species is Grand Admiral Thrawn?","Chiss","Gungans|Pantorans|Twi&#039;lek"
"Science: Computers","multiple","easy","HTML is what type of language?","Markup Language","Macro Language|Programming Language|Scripting Language"
"Entertainment: Japanese Anime &amp; Manga","multiple","easy","Who was given the title &quot;Full Metal&quot; in the anime series &quot;Full Metal Alchemist&quot;?","Edward Elric","Alphonse Elric|Van Hohenheim|Izumi Curtis"
"Science: Computers","multiple","easy","What does CPU stand for?","Central Processing Unit","Central Process Unit|Computer Personal Unit|Central Processor Unit"
"History","multiple","medium","What number does the Roman numeral &quot;D&quot; stand for?","500","100|1000|50"
"Science: Mathematics","multiple","hard","Which of the following famous mathematicians died in a duel at the age of 20?","Galois","Abel|Euler|Gauss"
"Entertainment: Music","multiple","medium","What song by Tina Turner is the theme for Mad Max Beyond Thunderdome?","We Don&#039;t Need Another Hero","Let&#039;s Stay Together|What&#039;s Love Got To Do With It|I Don&#039;t Wanna Lose You"
"Entertainment: Music","multiple","easy","What was the name of singer Frank Ocean&#039;s second studio album, which was released on August 20, 2016?","Blonde","Brunette|Black|Burgundy"
"Entertainment: Video Games","multiple","medium","In Team Fortress 2, which class wields a shotgun?","Everyone Listed","Heavy|Soldier|Engineer"
"Entertainment: Video Games","multiple","easy","Who is the main villain in Bendy and the ink machine?","Bendy","Joey Drew|Alice|Boris"
"Sports","multiple","easy","Which of the following sports is not part of the triathlon?","Horse-Riding","Cycling|Swimming|Running"
"Geography","boolean","medium","The surface area of Russia is slightly larger than that of the dwarf planet Pluto.","True","False"
"History","multiple","medium","When did Norway get its constitution?","1814","1932|1905|1854"
"Mythology","multiple","medium","Which of the following is not one of the Greek Fates?","Narcissus","Clotho|Atropos|Lachesis"
"Entertainment: Video Games","multiple","easy","In Kingdom Hearts, how many members does Organization XIII have in total?","14","10|13|12"
"History","multiple","medium","John Moses Browning, the designer of the M1918 BAR (Browning Automatic Rifle) was a part of which religion?","Mormon","Catholic|Jewish|Atheist"
"Geography","multiple","medium","Which state of the United States is the smallest?","Rhode Island ","Maine|Vermont|Massachusetts"
"Science: Gadgets","multiple","easy","When did the CD begin to appear on the consumer market?","1982","1992|1972|1962"
"Sports","boolean","medium","The Olympics tennis court is a giant green screen.","True","False"
"Geography","multiple","easy","If soccer is called football in England, what is American football called in England?","American football","Combball|Handball|Touchdown"
"Entertainment: Cartoon &amp; Animations","multiple","easy","What is the name of the city that The Flintstones is based in?","Bedrock","Stoneville|Rockhampton|Boulder City"
"Sports","multiple","medium","What is the oldest team in Major League Baseball?","Atlanta Braves","Chicago Cubs|Cincinnati Reds|St. Louis Cardinals"
"Entertainment: Film","boolean","easy","In the original script of &quot;The Matrix&quot;, the machines used humans as additional computing power instead of batteries.","True","False"
"Vehicles","multiple","easy","What country was the Trabant 601 manufactured in?","East Germany","Soviet Union|Hungary|France"
"Sports","multiple","medium","Which team was the 2014-2015 NBA Champions?","Golden State Warriors","Cleveland Cavaliers|Houston Rockets|Atlanta Hawks"
"Geography","multiple","hard","What is the land connecting North America and South America?","Isthmus of Panama","Isthmus of Suez|Urals|Australasia"
"Politics","multiple","medium","Which of these is NOT one of Donald Trump&#039;s children?","Julius","Donald Jr.|Ivanka|Eric"
"General Knowledge","multiple","easy","The likeness of which president is featured on the rare $2 bill of USA currency?","Thomas Jefferson","Martin Van Buren|Ulysses Grant|John Quincy Adams"
"Entertainment: Music","multiple","medium","The Who&#039;s eponymous line, &quot;Teenage Wasteland&quot;, appears in which of their songs?","Baba O&#039; Riley","The Seeker|Won&#039;t Get Fooled Again|Pinball Wizard"
"General Knowledge","multiple","medium","What is the full title of the Prime Minister of the UK?","First Lord of the Treasury","Duke of Cambridge|Her Majesty&#039;s Loyal Opposition|Manager of the Crown Estate"
"History","multiple","medium","What is the name of the US Navy spy ship which was attacked and captured by North Korean forces in 1968?","USS Pueblo","USS North Carolina|USS Constitution|USS Indianapolis"
"Entertainment: Board Games","multiple","hard","In Magic: The Gathering, which of the following was the first publicly released foil card?","Lightning Dragon","Revenant|Beast of Burden|Dirtcowl Wurm"
"History","multiple","medium","What happened on June 6, 1944?","D-Day","Atomic bombings of Hiroshima and Nagasaki|Attack on Pearl Harbor|The Liberation of Paris"
"Entertainment: Japanese Anime &amp; Manga","multiple","hard","In what year did the manga &quot;Ping Pong&quot; begin serialization?","1996","2014|2010|2003"
"General Knowledge","boolean","medium","&quot;Santa Claus&quot; is a variety of melon.","True","False"
"Entertainment: Board Games","multiple","easy","In which year was the pen and paper RPG &quot;Deadlands&quot; released?","1996","2003|1999|1993"
"Entertainment: Music","multiple","medium","What musician made the song &quot;F**kin` Perfect&quot; in 2010?","P!nk","Mitis|Adam lambert|Koven"
"Entertainment: Music","multiple","medium","Who performed the guitar solo on Michael Jackson&#039;s hit &quot;Beat It&quot;?","Eddie Van Halen","Steve Vai|Kirk Hammett|Zakk Wylde"
"Entertainment: Video Games","multiple","medium","Which of these is not one of Dracula&#039;s relics found in the video game &quot;Castlevania II: Simon&#039;s Quest&quot;?","The Tooth","The Nail|The Eyeball|The Rib Bone"
"Entertainment: Books","boolean","hard","In Harry Potter and the Deathly Hallows, Hermione destroyed the fourth Horcrux by stabbing it with the Sword of Gryffindor.","False","True"
"Science &amp; Nature","multiple","medium","The moons, Miranda, Ariel, Umbriel, Titania and Oberon orbit which planet?","Uranus","Jupiter|Venus|Neptune"
"Entertainment: Video Games","multiple","easy","Half-Life by Valve uses the GoldSrc game engine, which is a highly modified version of what engine?","Quake Engine","Doom Engine|id Engine|Source Engine"
"Entertainment: Music","boolean","medium","The band &quot;Panic! At the Disco&quot; has released 4 albums total","False","True"
"Politics","multiple","hard","In June 2017, Saudi Arabia and Egypt broke off ties with which country over its supposed support for terrorism?","Qatar","Bahrain|United States of America|Russia"
"Politics","multiple","hard","Which US state was the first to allow women to vote in 1869?","Wyoming","California|Delaware|Virginia"
"Celebrities","multiple","medium","What is generally considered to be William Shakespeare&#039;s birth date?","April 23rd, 1564","July 4th, 1409|September 29th, 1699|December 1st, 1750"
"Entertainment: Japanese Anime &amp; Manga","multiple","hard","Akatsuki&#039;s subclass in &quot;Log Horizon&quot; is what?"," Tracker","Assassin|Scribe|Apprentice"
"Sports","multiple","medium","Which of the following Grand Slam tennis tournaments occurs LAST?","US Open","French Open|Wimbledon|Australian Open"
"Geography","multiple","hard","Which of the following Inuit languages was the FIRST to use a unique writing system not based on the Latin alphabet?","Inuktitut","Inuinnaqtun|Greenlandic|Inupiat"
"Animals","multiple","medium","What is the common term for bovine spongiform encephalopathy (BSE)?","Mad Cow disease","Weil&#039;s disease|Milk fever|Foot-and-mouth disease"
"Entertainment: Video Games","multiple","hard","According to Toby Fox, what was the method to creating the initial tune for Megalovania?","Singing into a Microphone","Playing a Piano|Using a Composer Software|Listened to birds at the park"
"Entertainment: Television","multiple","easy","What was the name of the the first episode of Doctor Who to air in 1963?","An Unearthly Child","The Daleks|The Aztecs|The Edge of Destruction"
"History","multiple","hard","When did the French Revolution begin?","1789","1823|1756|1799"
"Entertainment: Video Games","multiple","medium","What is the real name of the Scout in &quot;Team Fortress 2&quot;?","Jeremy","Lance|Walter|John"
"Entertainment: Video Games","multiple","medium","In Dota 2, what is Earthshaker&#039;s real name?","Raigor Stonehoof","Banehallow Ambry|Carl|Barathrum"
"Entertainment: Cartoon &amp; Animations","multiple","easy","In the show &quot;Foster&#039;s Home For Imaginary Friends&quot;, which character had an obsession with basketball?","Wilt","Coco|Mac|Cheese"
"Entertainment: Video Games","multiple","medium","In &quot;PUBATTLEGROUNDS&quot; what is the name of the Military Base island?","Sosnovka","Novorepnoye|Mylta|Yasnaya"
"Sports","multiple","medium","Who won the 2018 Monaco Grand Prix?","Daniel Ricciardo","Sebastian Vettel|Kimi Raikkonen|Lewis Hamilton"
"Entertainment: Video Games","multiple","easy","Which Grand Theft Auto (GTA) games have the same setting?","GTA V and GTA San Andreas","GTA V and GTA Vice City|GTA IV and GTA San Andreas|GTA IV and GTA Vice City"
"General Knowledge","multiple","easy","When was the website reddit founded ?","2005","2008|2004|2006"
"Entertainment: Video Games","multiple","medium","Who is the main character in most of the games of the YS series?","Adol Christin ","Character doesn&#039;t have a name|Estelle Bright|Roger Wilco"
"Entertainment: Music","multiple","hard","Panic! At the Disco&#039;s sixth album &quot;Pray For The Wicked&quot; was released on which date?","June 22, 2018","May 9, 2018|March 13, 2018|February 21, 2018"
"Geography","multiple","hard","Which of these cities has a 4&deg; East longitude. ","Amsterdam","Rio de Janero|Toronto|Hong Kong"
"Science: Computers","boolean","medium","Early RAM was directly seated onto the motherboard and could not be easily removed.","True","False"
"Entertainment: Music","multiple","hard","This album, now considered to be one of the greatest of all time, was a commercial failure when it was released.","The Velvet Underground and Nico","Abbey Road|Led Zeppelin IV|Pet Sounds"
"Geography","multiple","medium","How many countries does Spain have a land border with?","5","2|3|4"
"Entertainment: Books","multiple","hard","In the Harry Potter universe, who does Draco Malfoy end up marrying?","Astoria Greengrass","Pansy Parkinson|Millicent Bulstrode|Hermione Granger"
"Entertainment: Video Games","multiple","medium","How much does the &#039;AWP&#039; cost in Counter-Strike: Global Offensive?","$4750","$4500|$4650|$5000"
"Entertainment: Video Games","multiple","easy","In Fallout: New Vegas, which one of these casinos can you not play in?","Lucky 38","The Tops|Gammorah|Ultra-Luxe"
"Entertainment: Musicals &amp; Theatres","multiple","easy","Who wrote the play &#039;Angels in America&#039;?","Tony Kusher","Tom Stoppard|Matthew Lopez|Anthony Neilson"
"Entertainment: Video Games","multiple","medium","What is the only Generation III Pokemon whose name begins with the letter I?","Illumise","Infernape|Ivysaur|Igglybuff"
"History","multiple","medium","After his loss at the Battle of Waterloo, Napoleon Bonaparte was exiled to which island?","St. Helena","Elba|Corsica|Canary"
"History","multiple","medium","Who crowned Charlemagne as Holy Roman Emperor on Christmas Day in 800?","Pope Leo III","Pope Urban IV|Pope Stephen V|Pope Valentine"
"Science &amp; Nature","boolean","easy","An average human can go two weeks without water.","False","True"
"History","multiple","hard","When was Adolf Hitler appointed as Chancellor of Germany?","January 30, 1933","September 1, 1939|February 27, 1933|October 6, 1939"
"Entertainment: Film","multiple","medium","This trope refers to minor characters that are killed off to show how a monster works.","Red Shirt","Minions|Expendables|Cannon Fodder"
"Science &amp; Nature","multiple","easy","Which of the following bones is not in the leg?","Radius","Patella|Tibia|Fibula "
"Entertainment: Books","multiple","hard","What is Hermione Granger&#039;s middle name?","Jean","Jane|Emma|Jo"
"Mythology","multiple","medium","Which greek god/goddess tossed a golden apple with the words &quot;for the fairest&quot; into the middle of the feast of the gods?","Eris","Hades|Ares|Artemis"
"Entertainment: Video Games","multiple","hard","What programming language does the Source Engine use?","C++ ","Python|Java|Lua"
"Entertainment: Video Games","multiple","medium","In Telltale Games&#039; &quot;The Walking Dead: Season One&quot; what is the name of Clementine&#039;s father?","Ed","Charles|Lee|Walter"
"Entertainment: Music","multiple","hard","Which of the music artists did NOT perform in the Live Aid concert in Wembley Stadium, London in 1985?","The Rolling Stones","Queen|Elton John|David Bowie"
"Entertainment: Film","multiple","medium","Who did the score to the original Blade Runner?","Vangelis","Kitaro|Yanni|Enya"
"Science &amp; Nature","multiple","medium","Which of these elements on the Periodic Table is a Noble Gas?","Neon","Potassium|Iodine|Colbalt"
"Entertainment: Board Games","multiple","hard","Which board game was first released on February 6th, 1935?","Monopoly","Risk|Clue|Candy Land"
"Entertainment: Video Games","multiple","easy","Which of the following characters is NOT a female marriage candidate in the game Stardew Valley?","Caroline","Abigail|Haley|Leah"
"Entertainment: Video Games","multiple","easy","Who is the leader of Team Mystic in Pok&eacute;mon Go?","Blanche","Candela|Spark|Willow"
"Geography","multiple","easy","What is the capital of Jamaica?","Kingston","San Juan|Port-au-Prince|Bridgetown"
"Entertainment: Video Games","multiple","easy","Who is the protagonist in Dead Rising (2006)?","Frank West","Chuck Greene|John North|Jason Grey"
"Animals","boolean","easy","Rabbits are rodents.","False","True"
"Entertainment: Video Games","multiple","hard","In the Gamecube Version of &quot;Resident Evil&quot; what text document is open on the monitor of the computer in the Visual Data Room?","A GDC Document","Text Document on Herbs|Nothing|Document on B.O.Ws"
"Entertainment: Musicals &amp; Theatres","boolean","easy","IMAX stands for Image Maximum.","True","False"
"General Knowledge","multiple","easy","What word represents the letter &#039;T&#039; in the NATO phonetic alphabet?","Tango","Target|Taxi|Turkey"
"Geography","boolean","medium","Vietnam is the only country in the world that starts with V. ","False","True"
"Art","multiple","easy","Who sculpted the statue of David?","Michelangelo","Gian Lorenzo Bernini|Auguste Rodin|Donatello"
"General Knowledge","multiple","easy","What is the name of NASA&rsquo;s most famous space telescope?","Hubble Space Telescope","Big Eye|Death Star|Millenium Falcon"
"Entertainment: Video Games","multiple","medium","One of the early prototypes of the Sega Dreamcast controller resembled which of the following?","Television Remote","Tablet|Hairdryer|Flip Phone"
"History","multiple","hard","The ontological argument for the proof of God&#039;s existence is first attributed to whom?","Anselm of Canterbury","Ren&eacute; Descartes|Immanuel Kant|Aristotle"
"Science: Computers","boolean","easy","The Windows 7 operating system has six main editions.","True","False"
"Sports","multiple","easy","In what sport is a &quot;shuttlecock&quot; used?","Badminton","Table Tennis|Rugby|Cricket"
"Science: Computers","multiple","medium","What does the term GPU stand for?","Graphics Processing Unit","Gaming Processor Unit|Graphite Producing Unit|Graphical Proprietary Unit"
"Science: Computers","multiple","hard","Which of the following computer components can be built using only NAND gates?","ALU","CPU|RAM|Register"
"Entertainment: Film","multiple","easy","In the Super Mario Bros. Movie (2023), who plays Toad?","Keegan-Michael Key","Seth Rogan|Charlie Day|Jack Black"
"Entertainment: Music","multiple","medium","Who is the founder and leader of industrial rock band, &#039;Nine Inch Nails&#039;?","Trent Reznor","Marilyn Manson|Robin Finck|Josh Homme"
"Entertainment: Video Games","multiple","medium","Which team won the first Overwatch League championship?","London Spitfire","Philadelphia Fusion|New York Excelsior|Seoul Dynasty"
"Entertainment: Music","boolean","medium","Nick Mason is the only member to appear on every Pink Floyd album.","True","False"
"Entertainment: Video Games","multiple","medium","What video game genre were the original Warcraft games?","RTS (Real Time Strategy)","RPG (Role Playing Game)|TBS (Turn Based Strategy)|MMO (Massively Multiplayer Online)"
"General Knowledge","multiple","medium","What is the romanized Japanese word for &quot;university&quot;?","Daigaku","Toshokan|Jimusho|Shokudou"
"Entertainment: Books","multiple","medium","Who wrote the &quot;A Song of Ice And Fire&quot; fantasy novel series?","George R. R. Martin","George Lucas|George Orwell|George Eliot"
"Science: Computers","multiple","medium","On which computer hardware device is the BIOS chip located?","Motherboard","Hard Disk Drive|Central Processing Unit|Graphics Processing Unit"
"Entertainment: Television","multiple","medium","Which of the following Autobot names in Michael Bay&#039;s movies was NOT a name for a Transformer in the original 1980&#039;s cartoon?","Mudflap","Skids|Sideswipe|Ratchet"
"Sports","multiple","medium","Why was The Green Monster at Fenway Park was originally built?","To prevent viewing games from outside the park.","To make getting home runs harder.|To display advertisements.|To provide extra seating."
"Entertainment: Film","multiple","medium","In the 1979 British film &quot;Quadrophenia&quot; what is the name of the main protagonist?","Jimmy Cooper","Pete Townshend|Franc Roddam|Archie Bunker"
"General Knowledge","boolean","easy","You can legally drink alcohol while driving in Mississippi.","True","False"
"Entertainment: Video Games","multiple","medium","Which of these is not a Fallout protagonist?","Tunnel Snake","Courier|Lone Wanderer|Vault Dweller"
"Celebrities","multiple","easy","Aubrey Graham is better known as","Drake","Travis Scott|Lil Wayne|2 Chainz"
"Entertainment: Television","multiple","medium","What is the name of the &quot;Flash&quot; and &quot;Arrow&quot; spinoff featuring a team of characters that have appeared on both shows?","Legends of Tomorrow","Heroes of Tomorrow|The Justice Society of America|The Justice Society"
"Sports","multiple","medium","Which professional wrestler fell from the rafters to his death during a live Pay-Per-View event in 1999?","Owen Hart","Chris Benoit|Lex Luger|Al Snow"
"Geography","boolean","easy","Bosnia and Herzegovina is a country located in the Baltic region in Europe.","False","True"
"Entertainment: Books","multiple","easy","In what Harry Potter book was a Horcrux first encountered?","The Chamber of Secrets","The Half-Blood Prince|The Goblet of Fire|The Deathly Hallows"
"Sports","multiple","hard","Who won the 1998 Daytona 500?","Dale Earnhardt","John Anderson|Jeff Gordon|Michael Walltrip"
"Entertainment: Music","multiple","medium","Which one of these rappers is NOT a member of the rap group Wu-Tang Clan?","Dr.Dre","Ol&#039; Dirty Bastard|GZA|Method Man"
"Entertainment: Video Games","multiple","easy","Blinky, Pinky, Inky and Clyde are characters from which classic video game?","Pac-Man","Gauntlet|Space Invaders|Street Fighter"
"Entertainment: Video Games","multiple","hard","What Touhou Project character&#039;s first ever appearance was as a midboss in the eighth game, Imperishable Night?","Tewi Inaba","Mystia Lorelei|Kaguya Houraisan|Rumia"
"Entertainment: Music","multiple","hard","Who won the 1989 Drum Corps International championships?","Santa Clara Vanguard","Blue Devils|The Academy|The Bluecoats"
"Science: Mathematics","multiple","hard","What is the plane curve proposed by Descartes to challenge Fermat&#039;s extremum-finding techniques called?","Folium of Descartes","Elliptic Paraboloid of Descartes|Cartesian Coordinates|Descarte&#039;s Helicoid"
"Entertainment: Film","multiple","hard","Which 1994 film did Roger Ebert famously despise, saying &quot;I hated hated hated hated hated this movie&quot;.","North","3 Ninjas Kick Back|The Santa Clause|Richie Rich"
"Entertainment: Music","multiple","easy","Swedish DJ Tim Bergling, who produced songs such as &quot;Levels&quot; and &quot;Wake Me Up&quot;, is better known under what alias?","Avicii","deadmau5|Alesso|Skrillex"
"General Knowledge","multiple","hard","Nephelococcygia is the practice of doing what?","Finding shapes in clouds","Sleeping with your eyes open|Breaking glass with your voice|Swimming in freezing water"
"Celebrities","multiple","medium","How old was Muhammad Ali when he died?","74","61|He&#039;s still alive|56"
"Entertainment: Video Games","boolean","easy","In the &quot;Half-Life&quot; series, &quot;H.E.V&quot; stands for &quot;Hazardous Evasiveness Vest&quot;","False","True"
"Entertainment: Music","boolean","hard","Myoui Mina, member of Korean girl group TWICE, was born in South Korea, despite being Japanese.","False","True"
"Celebrities","multiple","hard","Who was Donald Trump&#039;s first wife?","Ivana Zeln&iacute;čkov&aacute;","Melania Knauss|Marla Maples|Nancy Davis"
"Entertainment: Video Games","multiple","medium","Which of the following has Jennifer Taylor NOT voiced?","Sarah Kerrigan","Princess Peach|Zoey|Cortana"
"History","multiple","medium","Which of these facilities was not present on the Titanic?","Fainting room","Turkish bath|Kennel|Squash court"
"Entertainment: Music","multiple","medium","What was the name of Pink Floyd&#039;s first studio album?","The Piper at the Gates of Dawn","Ummagumma|More|Atom Heart Mother"
"Entertainment: Video Games","multiple","medium","In the Half-Life universe, the Black Mesa Research Facility is located in which US state?","New Mexico","Nevada|Arizona|Wyoming"
"Entertainment: Film","multiple","medium","In what year was the movie &quot;Police Academy&quot; released?","1984","1986|1985|1983"
"Entertainment: Video Games","multiple","easy","In the survival horror game, &quot;Cry of Fear,&quot; what was the name of Simon&#039;s close friend/potential love interest?","Sophie","Olivia|Jessica|Alice"
"Entertainment: Video Games","multiple","easy","Which of the following is NOT a Nintendo game console?","Dreamcast","SNES|Wii|Switch"
"Entertainment: Video Games","multiple","hard","In which game did the character &quot;Mario&quot; make his first appearance?","Donkey Kong","Super Mario Bros.|Super Mario Land|Mario Bros."
"Entertainment: Video Games","boolean","easy","&quot;Undertale&quot; is an RPG created by Toby Fox and released in 2015.","True","False"
"Science &amp; Nature","multiple","medium","Down Syndrome is usually caused by an extra copy of which chromosome?","21","23|15|24"
"Entertainment: Music","multiple","easy","Kanye West&#039;s &quot;Gold Digger&quot; featured which Oscar-winning actor?","Jamie Foxx","Alec Baldwin|Dwayne Johnson| Bruce Willis"
"Art","multiple","hard","What year did Albrecht D&uuml;rer create the painting &quot;The Young Hare&quot;?","1502","1702|1402|1602"
"Entertainment: Board Games","multiple","easy","In a standard game of Monopoly, what colour are the two cheapest properties?","Brown","Green|Yellow|Blue"
"History","multiple","medium","The crown of the Empire State Building was originally built for what purpose?","Airship Dock","Lightning Rod|Antennae|Flag Pole"
"Entertainment: Music","multiple","hard","In the Panic! At the Disco&#039;s song &quot;Nothern Downpour&quot;, which lyric follows &#039;I know the world&#039;s a broken bone&#039;.","&quot;So melt your headaches call it home&quot;","&quot;So sing your song until you&#039;re home&quot;|&quot;So let them know they&#039;re on their own&quot;|&quot;So start a fire in their cold stone&quot;"
"Entertainment: Books","multiple","medium","Which of the following is not a work authored by Fyodor Dostoevsky?","Anna Karenina","Notes from the Underground|Crime and Punishment|The Brothers Karamazov"
"Entertainment: Music","multiple","medium","Which of these songs is NOT in The Beatles&#039; album &quot;Sgt. Pepper&#039;s Lonely Hearts Club Band&quot;?","Strawberry Fields Forever","Getting Better|Fixing a Hole|Lucy in the Sky with Diamonds"
"History","multiple","medium","Which American civilization is the source of the belief that the world would end or drastically change on December 21st, 2012?","The Mayans","The Incas|The Aztecs|The Navajos"
"Science &amp; Nature","multiple","hard","Where in the human body is the Pineal Gland located?","Brain","Groin|Chest|Throat"
"Entertainment: Japanese Anime &amp; Manga","multiple","hard","In &quot;One Piece&quot;, what does &quot;the Pirate King&quot; mean to the captain of the Straw Hat Pirates?","Freedom","Promise|Adventure|Friendship"
"Science: Computers","multiple","hard","Which of the following physical typologies are used with Ethernet Networks?","Star","Ring|Mesh|Hex"
"Entertainment: Video Games","multiple","hard","In the National Pokedex what number is Porygon-Z?","474","376|432|589"
"Entertainment: Video Games","multiple","easy","What is the name of the City in Saints Row The Third?","Steelport","Stilwater|Carcer|Liberty"
"General Knowledge","multiple","hard","What is the weight of a Gold Bar in Fallout: New Vegas?","35 Pounds","30 Pounds|40 Pounds|32.50 Pounds"
"Entertainment: Video Games","boolean","easy","The ultimate phrase used by Pharah from Overwatch is: &quot;Justice rains from above!&quot;","True","False"
"Entertainment: Video Games","multiple","easy","In Slay the Spire, which of the following is NOT a playable character?","Stoneheart","Silent|Defect|Ironclad"
"Entertainment: Film","multiple","medium","What mutated animals act as monsters in the movie &#039;Night of the Lepus&#039;?","Rabbits","Dogs|Rats|Bats"
"Entertainment: Film","multiple","medium","Which one of these films are shot entirely in one-take?","Russian Ark","Good Will Hunting|Birdman|Schindler&#039;s List"
"Entertainment: Video Games","multiple","hard","Which of the following games was NOT included in Valve&#039;s Orange Box?","Counter-Strike","Portal|Half-Life 2: Episode Two|Team Fortress 2"
"Entertainment: Music","multiple","medium","What was The Velvet Underground&#039;s first album called?","The Velvet Underground &amp; Nico","Loaded|The Velvet Underground|White Light / White Heat"
"Geography","boolean","easy","San Marino is the only country completely surrounded by another country.","False","True"
"Entertainment: Japanese Anime &amp; Manga","multiple","medium","In the anime, &quot;Super Sonico&quot;, what is Super Sonico&#039;s favorite food?","Macroons","Ice Cream|Pizza|Chips"
"Vehicles","multiple","medium","Which of the following vehicles featured a full glass roof at base model?","Renault Avantime","Chevy Volt|Mercedes-Benz A-Class|Honda Odyssey"
"History","multiple","medium","What was the unofficial name for Germany between 1919 and 1933?","Weimar Republic","German Democratic Republic|Federal Republic of Germany|Oesterreich "
"Entertainment: Video Games","multiple","medium","Why were only only 300,000 copies of Uniracers were produced?","DMA Designs was sued by Pixar, preventing more copies from being produced","There was a disagreement between DMA Designs and Nintendo|It didn&#039;t sell well due to poor review scores|No public information is available"
"Entertainment: Music","multiple","easy","Who is the frontman of the band 30 Seconds to Mars?","Jared Leto","Gerard Way|Matthew Bellamy|Mike Shinoda"
"Entertainment: Japanese Anime &amp; Manga","multiple","easy","Which part from the JoJo&#039;s Bizarre Adventure manga is about a horse race across America?","Part 7: Steel Ball Run","Part 6: Stone Ocean|Part 3: Stardust Crusaders|Part 5: Golden Wind"
"Entertainment: Video Games","multiple","easy","In &quot;Mario &amp; Sonic at the Olympic Games&quot;, characters are split into how many types?","4","6|5|3"
"Mythology","multiple","easy","How many heads does Cerberus have?","3","2|1|5"
"General Knowledge","multiple","easy","What is the name of the main Character from the Series: Dead Space?","Isaac Clarke","Ellen Ripley|Commander Shepard|Captain Kirk"
"Entertainment: Video Games","boolean","hard","In The Witcher 3, the Zoltan Chivay Gwent card can be found under the Hanged Man&#039;s Tree.","True","False"
"Entertainment: Japanese Anime &amp; Manga","multiple","hard","Which animation studio produced the anime adaptation of &quot;xxxHolic&quot;?","Production I.G","Sunrise|Xebec|Kyoto Animation"
"Geography","multiple","easy","Which city is the capital of the United States of America?","Washington D.C","Seattle|Albany|Los Angeles"
"Science &amp; Nature","multiple","hard","How many types of quarks are there in the standard model of physics?","6","2|3|4"
"Animals","boolean","easy","Cats have whiskers under their legs.","True","False"
"History","multiple","medium","What nationality was sultan Saladin?","Kurdish","Arab|Egyptian|Syrian"
"History","multiple","easy","In what year did the Great Northern War, between Russia and Sweden, end?","1721","1726|1727|1724"
"Geography","multiple","medium","Where are the Nazca Lines located?","Peru","Brazil|Colombia|Ecuador"
"Entertainment: Film","multiple","medium","Which former Star Trek actor directed Three Men and a Baby (1987)?","Leonard Nimoy","William Shatner|George Takei|James Doohan"
"Entertainment: Video Games","multiple","medium","In &quot;Paper Mario: The Thousand Year Door&quot;, what is Hooktail&#039;s weakness?","The Sound of Crickets","Attacks from Koopas|The &quot;Ice Storm&quot; Item|The Hammer"
"Entertainment: Film","multiple","hard","In the 1974 Christmas flick &quot;The Year Without a Santa Claus,&quot; what are the names of the two elves who help Mrs. Claus save Christmas?","Jingle &amp; Jangle","Buddy &amp; Bobby|Holly &amp; Jolly|Snowflake &amp; Icicle"
"Entertainment: Video Games","boolean","medium","In the Resident Evil series, Leon S. Kennedy is a member of STARS.","False","True"
"Entertainment: Television","multiple","easy","Guy&#039;s Grocery Games is hosted by which presenter?","Guy Fieri","Guy Martin|Guy Ritchie|Ainsley Harriott"
"Entertainment: Cartoon &amp; Animations","multiple","medium","In the Dreamworks animated movie &quot;Madagascar,&quot; who voices Maurice the lemur?","Cedric the Entertainer","Jack Black|Sacha Baron Cohen|Chris Rock"
"Entertainment: Board Games","multiple","medium","In &quot;Magic: The Gathering&quot;, what instant card has the highest converted mana cost?","Blinkmoth Infusion","Vitalizing Wind| Chant of Vitu-Ghazi|Assert Authority"
"General Knowledge","multiple","medium","Which item of clothing is usually worn by a Scotsman at a wedding?","Kilt","Skirt|Dress|Rhobes"
"Sports","multiple","medium","What national team won the 2016 edition of UEFA European Championship?","Portugal","France|Germany|England"
"Entertainment: Cartoon &amp; Animations","boolean","medium","Donald Duck played the role of Bob Cratchit in Disney&#039;s 1983 adaptation of A Christmas Carol.","False","True"
"Geography","multiple","medium","Which of the following is the longest river in Europe?","Volga","Danube|Ural|Dnieper"
"Geography","multiple","medium","In the 2016 Global Peace Index poll, out of 163 countries, what was the United States of America ranked?","103","10|59|79"
"Vehicles","boolean","medium","The Japanese Shinkansen beat the French TGV&#039;s speed record for fastest electric rail train.","False","True"
"General Knowledge","multiple","hard","Virtual reality company Oculus VR lost which of it&#039;s co-founders in a freak car accident in 2013?","Andrew Scott Reisse","Nate Mitchell|Jack McCauley|Palmer Luckey"
"General Knowledge","multiple","easy","A criminal who has &ldquo;cooked the books&rdquo; has engaged in what kind of illegal behavior?","Accounting Fraud","Money Laundering|Extortion|Blackmail"
"Science &amp; Nature","multiple","easy","Human cells typically have how many copies of each gene?","2","1|4|3"
"Science: Gadgets","multiple","easy","What does GPS stand for?","Global Positioning System","Global Personal System|General Positioning System|General Personal Satellite"
"Entertainment: Video Games","multiple","hard","What was the nickname of the original model for Half-Life&#039;s protagonist Gordon Freeman?","Ivan the Space Biker","Gordon the Space Biker|Ivan the Alien Biker|Gordon the Alien Biker"
"Entertainment: Film","multiple","easy","In the movie Gremlins, after what time of day should you not feed Mogwai?","Midnight","Evening|Morning|Afternoon"
"Entertainment: Video Games","boolean","easy","In the &quot;S.T.A.L.K.E.R.&quot; series, the Freedom faction wishes to destroy the supernatural area known as  &quot;the Zone&quot;.","False","True"
"History","multiple","medium","What was the name of the national hero of the Philippines who inspired and lead the Philippine Revolution against colonial Spain?","Jos&eacute; Rizal","Sim&oacute;n Bol&iacute;var|Benito Ju&aacute;rez|Jos&eacute; de San Mart&iacute;n"
"Sports","multiple","easy","Who won the 2016 Formula 1 World Driver&#039;s Championship?","Nico Rosberg","Lewis Hamilton|Max Verstappen|Kimi Raikkonen"
"Entertainment: Board Games","multiple","hard","In Magic: The Gathering, what was a tribute card to Jamie Wakefield&#039;s late wife Marilyn, who loved horses?","Timbermare","Loyal Pegasus|Vryn Wingmare|Sungrace Pegasus"
"Animals","multiple","easy","By definition, where does an abyssopelagic animal live?","At the bottom of the ocean","In the desert|On top of a mountain|Inside a tree"
"Entertainment: Board Games","multiple","hard","The Dice Tower network of board game podcasts and videos is run by which individual?","Tom Vasel","Jason LeVine|Borth Sampson|Uncle Pennybags"
"Entertainment: Video Games","multiple","hard","What is the plane of existence in MicroProse&#039;s 1997 &quot;Magic the Gathering&quot;?","Shandalar","Theros|Ravnica|Amonkhet"
"Entertainment: Television","multiple","medium","What breed of dog is &quot;Scooby Doo&quot;?","Great Dane","Pit bull|Boxer|Doberman Pinscher"
"Entertainment: Video Games","multiple","hard","In the &quot;Halo&quot; series, what is the name of the race of aliens humans refer to as &quot;Grunts&quot;?","Unggoy","Huragok|Sangheili|Yanme&#039;e"
"Entertainment: Board Games","multiple","hard","What is the sum of all the tiles in a standard box of Scrabble?","187","207|197|177"
"Entertainment: Video Games","multiple","easy","M.U.G.E.N. is the name for what type of Game Engine?","Fighting Game","Platforming Game|Shooter Game|Puzzle Game"
"Entertainment: Video Games","multiple","easy","In &quot;Xenoblade Chronicles 2&quot;, Which party member cannot use normal blades?","Tora","Rex|Zeke|Nia"
"Celebrities","multiple","medium","Where was Kanye West born?","Atlanta, Georgia","Chicago, Illinois|Los Angeles, California|Detroit, Michigan"
"Entertainment: Books","multiple","hard","Who wrote the novel &quot;Moby-Dick&quot;?","Herman Melville","William Golding|William Shakespeare|J. R. R. Tolkien"
"History","multiple","hard","Which one of these rulers did not belong to the Habsburg dynasty?","Philip V","Charles V|Philip II|Francis Joseph"
"Entertainment: Music","multiple","easy","Which band released songs suchs as &quot;Rio&quot;, &quot;Girls on Film&quot;, and &quot;The Reflex&quot;?","Duran Duran","The Cure|New Order|Depeche Mode"
"Entertainment: Music","multiple","medium","Which of these albums is a Wu-Tang Clan album?","Iron Flag","Perfect Hair|The Low End Theory|Licensed to Ill"
"History","multiple","medium","According to scholarly estimates, what percentage of the world population at the time died due to Tamerlane&#039;s conquests?","5%","1%|3%|&lt;1%"
"Geography","multiple","hard","What is the second-largest city in Lithuania?","Kaunas","Panevėžys|Vilnius|Klaipėda"
"Entertainment: Music","multiple","medium","Which alternative rock band released the critically-acclaimed album &quot;OK Computer&quot;?","Radiohead","R.E.M.|Nirvana|Coldplay"
"Entertainment: Film","multiple","easy","7-Eleven stores were temporarily converted into Kwik E-marts to promote the release of what movie?","The Simpsons Movie","Spider-Man 3|Shrek the Third|Ratatouille"
"Entertainment: Video Games","boolean","medium","In &quot;Super Mario World&quot;, the rhino mini-boss, Reznor, is named after the lead singer of the band &quot;Nine Inch Nails&quot;.","True","False"
"Entertainment: Video Games","multiple","hard","What is the name of the main island in PLAYERUNKNOWN&#039;S BATTLEGROUNDS?","Erangel","Marmara|Severny|Lastovo"
"Entertainment: Video Games","boolean","easy","Pac-Man was invented by the designer Toru Iwatani while he was eating pizza.","True","False"
"Entertainment: Music","multiple","easy","Ringo Starr of The Beatles mainly played what instrument?","Drums","Bass|Guitar|Piano"
"Entertainment: Music","multiple","easy","Which one of these songs did the group &quot;Men At Work&quot; NOT make?","Safety Dance","Down Under|Who Can It Be Now?|It&#039;s a Mistake"
"Entertainment: Board Games","multiple","medium","Which of the following characters is not in the board game Clue?","Mister Indigo","Colonel Mustard|Reverend Green|Miss Scarlet"
"History","multiple","easy","What was the first sport to have been played on the moon?","Golf","Football|Tennis|Soccer"
"Entertainment: Cartoon &amp; Animations","multiple","easy","The song &#039;Little April Shower&#039; features in which Disney cartoon film?","Bambi","Cinderella|Pinocchio|The Jungle Book"
"Geography","multiple","easy","What is the capital of India?","New Delhi","Beijing|Montreal|Tithi"
"Mythology","multiple","medium","Which of the following Mesopotamian mythological figures was NOT a deity?","Enkidu","Enki|Enlil|Enkimdu"
"Celebrities","multiple","medium","What year was O.J. Simpson aquitted of his murder charges?","1995","1992|1996|1991"
"Entertainment: Music","boolean","medium","Green Day&#039;s album &#039;American Idiot&#039; is considered a &quot;punk rock opera.&quot;","True","False"
"Geography","multiple","medium","What is the fifth largest country by area?","Brazil","United States|Australia|India"
"Science &amp; Nature","multiple","easy","What is the standard SI unit for distance?","Metre","Angstrom|Foot|Fathom"
"Science &amp; Nature","multiple","hard","How many legs is it biologically impossible for a centipede to have?","100","26|50|74"
"History","multiple","medium","Which of the following is not in the Indo-European language family?","Finnish","English|Hindi|Russian"
"Entertainment: Video Games","multiple","medium","What is the canonical name of the Persona 4 protagonist?","Yu Narukami","Minato Arisato|Soji Seta|Nagito Komaeda"
"Entertainment: Film","multiple","medium","Which star actor was in &quot;Top Gun&quot;, &quot;Jerry Maguire&quot; and &quot;Born on the Fourth of July&quot;?","Tom Cruise","Kelly McGillis|John Travolta|George Clooney"
"Entertainment: Video Games","multiple","medium","Who is the main villain of Kirby&#039;s Return to Dreamland?","Magolor","Landia|King Dedede|Queen Sectonia "
"Entertainment: Music","multiple","hard","Which song in rapper Kanye West&#039;s album &quot;The Life of Pablo&quot; features Rihanna?","Famous","Wolves|Ultralight Beam|Highlights"
"General Knowledge","multiple","medium","What was Mountain Dew&#039;s original slogan?","Yahoo! Mountain Dew... It&#039;ll tickle your innards!","Give Me A Dew|Do The Dew|Get&#039; that barefoot feelin&#039; drinkin&#039; Mountain Dew"
"Vehicles","multiple","medium","The British Rail Class 700, Class 707 and the Class 717 are part of what train family?","Desiro City","Networker|Aventra|Electrostar"
"Entertainment: Film","multiple","medium","Which of the following James Bond villains is not affiliated with the SPECTRE organization?","Auric Goldfinger","Dr. Julius No|Rosa Klebb|Emilio Largo"
"General Knowledge","multiple","hard","In the MMO RPG &quot;Realm of the Mad God&quot;, what dungeon is widely considered to be the most difficult?","The Shatter&#039;s","Snake Pit|The Tomb of the Acient&#039;s|The Puppet Master&#039;s Theater"
"Entertainment: Video Games","multiple","medium","Which operation in &quot;Tom Clancy&#039;s Rainbow Six Siege&quot; introduced the &quot;Skyscraper&quot; map?","Red Crow","Velvet Shell|Skull Rain|Dust Line"
"Entertainment: Video Games","multiple","easy","Which Game Boy from the Game Boy series of portable video game consoles was released first?","Game Boy Color","Game Boy Advance|Game Boy Micro|Game Boy Advance SP"
"Mythology","multiple","medium","In Norse Mythology, Baldr was killed by Loki with a magical spear made from what plant?","Mistletoe","Wolf&#039;s Bane|Buckthorn|Hemlock"
"Art","multiple","easy","What is the world&#039;s oldest known piece of fiction?","Epic of Gilgamesh","Papyrus of Ani|Code of Hammurabi|Rosetta Stone"
"Entertainment: Cartoon &amp; Animations","multiple","medium","What is the name of Sid&#039;s dog in &quot;Toy Story&quot;?","Scud","Buster|Whiskers|Mr. Jones"
"Entertainment: Books","multiple","hard","According to Bram Stoker&#039;s novel, in which British coastal town did Dracula come ashore?","Whitby","Scarborough|Brighton|Portsmouth"
"Entertainment: Cartoon &amp; Animations","multiple","medium","When did the last episode of &quot;Futurama&quot; air before returning in 2023?","September 4, 2013","December 25, 2010|March 28, 1999|November 4, 2021"
"Sports","multiple","easy","In bowling, what is the term used for getting three consecutive strikes?","Turkey","Flamingo|Birdie|Eagle"
"Science &amp; Nature","multiple","medium","What was the first living creature in space?","Fruit Flies ","Monkey|Dog|Mouse"
"Entertainment: Video Games","boolean","medium","Super Mario Bros. was released in 1990.","False","True"
"Entertainment: Music","multiple","medium","When did The Beatles release the LP &quot;Please Please Me&quot;?","1963","1970|1960|1969"
"Geography","multiple","easy","Which small country is located between the borders of France and Spain?","Andorra","San Marino|Vatican City|Lichtenstein"
"History","multiple","medium","In what year did Kentucky become the 15th state to join the union?","1792","1782|1798|1788"
"History","multiple","medium","In what year was the last natural case of smallpox documented?","1977","1982|1980|1990"
"Entertainment: Video Games","multiple","hard","In World of Warcraft, which raid instance features a chess event?","Karazhan","Zul&#039;Aman|Blackwing Lair|Temple of Ahn&#039;Qiraj"
"Celebrities","multiple","medium","Before voicing Pearl in Steven Universe, Deedee Magno Hall was part of which American band?","The Party","The Weather Girls|The Pussycat Dolls|The Cheetah Girls"
"Entertainment: Cartoon &amp; Animations","multiple","easy","Which Teenage Mutant Ninja Turtle traditionally wears an orange bandana?","Michelangelo","Leonardo|Donatello|Raphael"
"Science: Computers","multiple","easy","How many kilobytes in one gigabyte (in decimal)?","1000000","1024|1000|1048576"
"General Knowledge","multiple","easy","Which American president appears on a one dollar bill?","George Washington","Thomas Jefferson|Abraham Lincoln|Benjamin Franklin"
"Geography","multiple","easy","Which of the following countries has a flag featuring a yellow lion wielding a sword on a dark red background?","Sri Lanka","Kiribati|Scotland|Bhutan"
"Entertainment: Music","boolean","medium","Ashley Frangipane performs under the stage name Halsey.","True","False"
"General Knowledge","multiple","easy","What country has had prime ministers named Eden, Major, Peel, Law, Brown and Heath?","United Kingdom","Australia|New Zealand|Canada"
"Sports","boolean","easy","In Rugby League, performing a &quot;40-20&quot; is punished by a free kick for the opposing team.","False","True"
"Entertainment: Books","multiple","easy","In the novel 1984, written by George Orwell, what is the name of the totalitarian regime that controls Oceania?","INGSOC","Neo-Bolshevism|Obliteration of the Self|Earth Alliance"
"Entertainment: Video Games","multiple","easy","Who is the main character in Metal Gear Rising: Revengeance?","Raiden","Solid Snake|Otacon|Revolver Ocelot"
"Entertainment: Japanese Anime &amp; Manga","multiple","medium","Which of the following manga have the most tankouban volumes?","Golgo 13","JoJo&#039;s Bizarre Adventure|Detective Conan|One Piece"
"Entertainment: Music","multiple","medium","Madonna&#039;s song &quot;Hung Up&quot; includes a piece from which popular 70s song?","Gimmie! Gimmie! Gimme! (A Man After Midnight)","Staying Alive|Night Fever|The Chain"
"History","boolean","medium","Oxford University is older than the Aztec Empire. ","True","False"
"Geography","multiple","hard","Which of these is NOT a real tectonic plate?","Atlantic Plate","North American Plate|Eurasian Plate|Nazca Plate"
"Entertainment: Video Games","boolean","medium","The Fiat Multipla is a drivable car in &quot;Forza Horizon 3&quot;.","False","True"
"Entertainment: Video Games","multiple","medium","In the Mario series, which game introduced Mario&#039;s Backflip ability?","Donkey Kong (Gameboy)","Super Mario 64|Super Mario 3D Land|Super Mario Galaxy"
"Science &amp; Nature","multiple","easy","What produces the green colour of most plant leaves?","Chlorophyll","Light refraction|Natural pigments|UV radiation"
"Entertainment: Music","multiple","easy","Who wrote the Sinead O`Connor hit &#039;Nothing Compares 2 U&#039;?","Prince","Michael Jackson|Cameo|Rick James"
"Entertainment: Music","multiple","medium","Who was walking like an Egyptian in 1981?","The Bangles","R.E.M.|The Ocean Blue|The Connells"
"Entertainment: Television","multiple","hard","Who was the winner of &quot;Big Brother&quot; Season 10?","Dan Gheesling","Bryce Kranyik|Ryan Sutfin|Chris Mundorf"
"Entertainment: Japanese Anime &amp; Manga","multiple","easy","What is the name of JoJo&#039;s Bizarre Adventure Part 5?","Vento Aureo","Vento Oreo|Vanto Aureo|Vento Eureo"
"Science: Computers","multiple","easy","The C programming language was created by this American computer scientist. ","Dennis Ritchie","Tim Berners Lee|al-Khwārizmī|Willis Ware"
"Entertainment: Comics","multiple","hard","When was the Garfield comic first published?","1978","1982|1973|1988"
"Entertainment: Books","multiple","hard","Which author and poet famously wrote the line, &quot;The female of the species is more deadly than the male&quot;?","Rudyard Kipling","Edgar Allan Poe|William Shakespeare|William Wordsworth"
"General Knowledge","multiple","easy","Waluigi&#039;s first appearance was in what game?","Mario Tennis 64 (N64)","Wario Land: Super Mario Land 3|Mario Party (N64)|Super Smash Bros. Ultimate"
"Entertainment: Video Games","multiple","medium","In &quot;Super Mario World 2: Yoshi&#039;s Island&quot;, which of these colors is NOT represented by a Yoshi?","White","Purple|Brown|Red"
"Entertainment: Japanese Anime &amp; Manga","multiple","medium","Which anime did Seiji Kishi NOT direct?","Another","Humanity Has Declined|Assassination Classroom|Danganronpa: The Animation"
"Entertainment: Cartoon &amp; Animations","multiple","medium","Adam West was the mayor of which cartoon town?","Quahog","Springfield|South Park|Langley Falls"
"Celebrities","multiple","medium","In what year did &quot;Bob Ross&quot; die?","1995","1986|1989|1997"
"Entertainment: Video Games","boolean","easy","In Kingdom Hearts the Paopu fruit is said to intertwine the destinies for two people forever.","True","False"
"General Knowledge","multiple","medium","Which of the General Mills Corporation&#039;s monster cereals was the last to be released in the 1970&#039;s?","Fruit Brute","Count Chocula|Franken Berry|Boo-Berry"
"Entertainment: Music","multiple","medium","Which of these bands was a featuring artist in Compton rapper Kendrick Lamar&#039;s 2017 album, &quot;DAMN.&quot;?","U2","Radiohead|Coldplay|Bon Jovi"
"Entertainment: Television","multiple","medium","In the Doctor Who universe, how many times can a time lord normally regenerate?","12","11|13|15"
"Entertainment: Video Games","multiple","medium","Which is not a playable character in the 2005 video game Killer7?","Frank Smith","Mask de Smith|Dan Smith|Coyote Smith"
"Entertainment: Video Games","multiple","medium","Which of these roles in Town of Salem is mafia?","Disguiser","Escort|Lookout|Transporter"
"History","boolean","medium","The M41 Walker Bulldog remains in service in some countries to this day.","True","False"
"Entertainment: Music","multiple","easy","What was Rage Against the Machine&#039;s debut album?","Rage Against the Machine","Evil Empire|Bombtrack|The Battle Of Los Angeles"
"General Knowledge","multiple","medium","Who is the founder of &quot;The Lego Group&quot;?","Ole Kirk Christiansen"," Jens Niels Christiansen|Kirstine Christiansen| Gerhardt Kirk Christiansen"
"Entertainment: Video Games","multiple","medium","What character is NOT apart of the Grand Theft Auto series?","Michael Cardenas","Packie McReary|Tommy Vercetti|Lester Crest"
"Geography","multiple","medium","What is the capital of the US state Nevada?","Carson City","Las Vegas|Henderson|Reno"
"Entertainment: Music","multiple","easy","Which band recorded the album &quot;Parallel Lines&quot;?","Blondie","Paramore|Coldplay|The Police"
"Politics","multiple","hard","Which of the following United States senators is known for performing a 24-hour long filibuster?","Strom Thurmond","Roy Blunt|John Barrasso|Chuck Schumer"
"Celebrities","multiple","easy","What was the cause of Marilyn Monroes suicide?","Drug Overdose","Knife Attack|House Fire|Gunshot"
"Science &amp; Nature","multiple","hard","What is the molecular formula of Ozone?","O3","C6H2O6|N2O|SO4"
"Entertainment: Comics","multiple","easy","In &quot;Homestuck&quot; the &quot;Kingdom of Darkness&quot; is also known as?","Derse","Skaia|Prospit|The Medium"
"Entertainment: Video Games","multiple","easy","The protagonist of the hit game, Half-Life 2 is called:","Gordon Freeman","Alyx Vance|Isaac Kleiner|Wallace Breen"
"Entertainment: Video Games","multiple","easy","In the game &quot;Fire Emblem: Shadow Dragon&quot;, what is the central protagonist&#039;s name?","Marth","Roy|Eliwood|Robin"
"Entertainment: Video Games","boolean","easy","There are 2 player roles in Trouble in Terrorist Town.","False","True"
"Entertainment: Film","multiple","easy","What name did Tom Hanks give to his volleyball companion in the film `Cast Away`?","Wilson","Friday|Jones|Billy"
"Entertainment: Music","multiple","medium","Which American family band had a 1986 top 10 hit with the song &#039;Crush On You&#039;?","The Jets","DeBarge|The Jacksons|The Cover Girls"
"Science: Computers","multiple","hard","Which of these is not a key value of Agile software development?","Comprehensive documentation","Individuals and interactions|Customer collaboration|Responding to change"
"Entertainment: Music","multiple","hard","Who sings the rap song &quot;Secret Wars Part 1&quot;?","The Last Emperor","MC Frontalot|Busdriver|Masta Killa"
"Entertainment: Japanese Anime &amp; Manga","multiple","medium","What was the reason for the banning of episode 35 of the &quot;Pok&eacute;mon Original Series&quot; Anime?","Gun Usage","Flashing Images|Jynx|Strong Violence"
"General Knowledge","multiple","easy","What is the Zodiac symbol for Gemini?","Twins","Fish|Scales|Maiden"
"Science: Computers","multiple","medium","What did the name of the Tor Anonymity Network orignially stand for?","The Onion Router","The Only Router|The Orange Router|The Ominous Router"
"History","multiple","medium","When did the British hand-over sovereignty of Hong Kong back to China?","1997","1999|1841|1900"
"Science &amp; Nature","multiple","easy","What does the letter &#039;S&#039; stand for in &#039;NASA&#039;?","Space","Science|Society|Star"
"Entertainment: Books","multiple","easy","What was the first ever entry written for the SCP Foundation collaborative writing project?","SCP-173","SCP-001|SCP-999|SCP-1459"
"General Knowledge","multiple","easy","What does a funambulist walk on?","A Tight Rope","Broken Glass|Balls|The Moon"
"Entertainment: Video Games","multiple","medium","When was the video game publisher &quot;Ubisoft&quot; founded ?","March 1986","April 1990|June 2001|August 1956"
"Animals","multiple","hard","Which of these is a colony of polyps and not a jellyfish?","Portuguese Man-of-War","Sea Wasp|Irukandji|Sea Nettle"
"Entertainment: Musicals &amp; Theatres","multiple","hard","Who played &quot;Charlie Price&quot; in the musical &quot;Kinky Boots&quot; on Broadway in New York from May 26th - Aug 6th 2017?","Brendon Urie","Ed Sheeren|Tom Cruise|Dallon Weekes"
"Entertainment: Video Games","multiple","medium","What is the name of the common, gun-toting enemies of the &quot;Oddworld&quot; video game series?","Sligs","Scrabs|Slogs|Glukkons"
"Entertainment: Music","multiple","easy","When was Gangnam Style uploaded to YouTube?","2012","2013|2014|2011"
"Geography","multiple","medium","How many rivers are in Saudi Arabia?","0","1|2|3"
"Science: Computers","multiple","easy","How many values can a single byte represent?","256","8|1|1024"
"Entertainment: Music","multiple","medium","Which of these songs from American Idiot: The Musical was a previously unreleased Green Day song?","When It&#039;s Time","Are We The Waiting|Before The Lobotomy|Favorite Son"
"Entertainment: Video Games","boolean","easy","&quot;Metal Gear Solid 3: Snake Eater&quot; was released in 2004.","True","False"
"Entertainment: Video Games","multiple","hard","What was the world&#039;s first handheld game device?","Mattel Auto Race","Game Boy|Microvision|Game &amp; Watch"
"Entertainment: Film","multiple","easy","Who directed &quot;E.T. the Extra-Terrestrial&quot; (1982)?","Steven Spielberg","Stanley Kubrick|James Cameron|Tim Burton"
"Science: Computers","multiple","easy","In computing, what does MIDI stand for?","Musical Instrument Digital Interface","Musical Interface of Digital Instruments|Modular Interface of Digital Instruments|Musical Instrument Data Interface"
"Science &amp; Nature","multiple","medium","When the Falcon Heavy was launched on it&#039;s test flight, what was the only part of the operation that failed?","Center Core Landing","Side Booster Landing|Deployment of Starman|Ignition and Liftoff"
"General Knowledge","multiple","medium","Frank Lloyd Wright was the architect behind what famous building?","The Guggenheim","Villa Savoye|Sydney Opera House|The Space Needle"
"History","multiple","medium","What is the bloodiest event in United States history, in terms of casualties?","Battle of Antietam","Pearl Harbor|September 11th|D-Day"
"Entertainment: Music","boolean","medium","Rapper Snoop Dogg&#039;s real name is &#039;Cordozar Calvin Broadus, Jr.&#039;.","True","False"
"Entertainment: Video Games","multiple","hard","Which of the following commercial vehicles from Grand Theft Auto IV did NOT reappear in Grand Theft Auto V?","Steed","Mule|Benson|Pony"
"Geography","multiple","medium","The Gambia is a nation found on which continent?","Africa","Asia|South America|Europe"
"Entertainment: Comics","multiple","easy","What is the full first name of the babysitter in Calvin and Hobbes?","Rosalyn","Rose|Ruby|Rachel"
"Science: Computers","boolean","medium","AMD created the first consumer 64-bit processor.","True","False"
"History","multiple","easy","In 1939, Britain and France declared war on Germany after it invaded which country?","Poland","Czechoslovakia|Austria|Hungary"
"Entertainment: Television","multiple","medium","Which actor was not a major character in TV Show Freaks and Geeks?","Jonah Hill","Jason Segel|Seth Rogen|James Franco"
"Politics","multiple","medium","What year did Gerald Ford Become President?","1974","1977|1973|1969"
"Entertainment: Video Games","boolean","medium","Nintendo started out as a playing card manufacturer.","True","False"
"Entertainment: Video Games","multiple","medium","How many controllers could a Nintendo GameCube have plugged in at one time?","4","8|6|2"
"Entertainment: Video Games","multiple","medium","What is the world&#039;s first video game console?","Magnavox Odyssey","Coleco Telstar|Nintendo Color TV Game|Atari 2600"
"Celebrities","multiple","hard","Gabe Newell was born in which year?","1962 ","1970|1960|1972"
"Entertainment: Video Games","boolean","easy","Peter Molyneux was the founder of Bullfrog Productions.","True","False"
"History","multiple","medium","What year did the Boxing Day earthquake &amp; tsunami occur in the Indian Ocean?","2004","2006|2008|2002"
"Entertainment: Books","multiple","medium","In &quot;The Lord of the Rings,&quot; who is the owner of Asfaloth, the horse which brings Frodo to Rivendell?","Glorfindel","Arwen|Aragorn|Haldir"
"Entertainment: Video Games","boolean","medium","The first Maxis game to feature the fictional language &quot;Simlish&quot; was The Sims (2000).","False","True"
"Science: Mathematics","boolean","easy","A universal set, or a set that contains all sets, exists.","False","True"
"History","boolean","easy","In World War ll, Great Britian used inflatable tanks on the ports of Great Britain to divert Hitler away from Normandy/D-day landing.","True","False"
"Animals","boolean","medium","The Platypus is a mammal.","True","False"
"Geography","multiple","medium","What city  has the busiest airport in the world?","Atlanta, Georgia USA","London, England|Chicago,Illinois ISA|Tokyo,Japan"
"Sports","multiple","medium","How many games did Arsenal FC go unbeaten during the 2003-2004 season of the English Premier League","38","51|49|22"
"Entertainment: Video Games","multiple","easy","What is the name of the main healing item in Dark Souls?","Estus Flask","Health Potion|Orange Juice|Ashen Flask"
"Entertainment: Film","multiple","medium","What year did the James Cameron film &quot;Titanic&quot; come out in theaters?","1997","1996|1998|1999"
"Entertainment: Video Games","boolean","easy","The Kerbol System (from Kerbal Space Program) includes a Saturn analogue.","False","True"
"Entertainment: Video Games","multiple","easy","In &quot;Overwatch&quot;, what is the name of the company that made D.Va&#039;s mech?","MEKA","MI8|KPAMC|JSAMB"
"Animals","multiple","medium","What is the collective noun for rats?","Mischief","Pack|Race|Drift"
"Geography","multiple","medium","The historical city Timbuktu is located in which West African country?","Mali","Senegal|Niger|Burkina Faso"
"Politics","multiple","medium","Before 2011, &quot;True Capitalist Radio&quot; was known by a different name. What was that name?","True Conservative Radio","True Republican Radio|Texan Capitalist Radio|United Capitalists"
"Entertainment: Video Games","boolean","easy","Rollercoaster Tycoon 1 and 2 were developed by Chris Sawyer.","True","False"
"Entertainment: Japanese Anime &amp; Manga","multiple","hard","In the first episode of Yu-Gi-Oh: Duel Monsters, what book is Seto Kaiba seen reading at Domino High School?","Thus Spoke Zarathustra","Beyond Good and Evil|The Republic|Meditations"
"Entertainment: Television","multiple","easy","Who is the main character in the show &quot;Burn Notice&quot;?","Michael Westen","Sam Axe|Fiona Glenanne|Madeline Westen"
"Entertainment: Film","boolean","medium","The original ending of &quot;Little Shop Of Horrors&quot; has the plants taking over the world.","True","False"
"Sports","multiple","medium","What city did the Lakers represent before relocating to Los Angeles?","Minneapolis","Philadelphia|Chicago|San Francisco"
"Entertainment: Japanese Anime &amp; Manga","multiple","easy","In &quot;The Melancholy of Haruhi Suzumiya&quot; series, the SOS Brigade club leader is unknowingly treated as a(n) __ by her peers.","God","Alien|Time Traveler|Esper"
"Politics","multiple","easy","Which of the following Pacific Islander countries is ruled by a constitutional monarchy?","Tonga","Palau|Fiji|Kiribati"
"Entertainment: Video Games","multiple","medium","In the beginning of the game &quot;Sonic Adventure&quot;, what color Chaos Emerald does Tails own?","Purple","Red|Green|Blue"
"Entertainment: Film","multiple","medium","What were the Chilled Monkey Brains made from during Indiana Jones and the Temple of Doom?","Custard and Raspberry Sauce","Strawberry Ice Cream|Cherry Yogurt|Raspberry Sorbet"
"Entertainment: Video Games","multiple","hard","In &quot;Call Of Duty: Zombies&quot;, which weapon does NOT deal any damage?","31-79 JGb215","Sliquifier|V-R11|Wunderwaffe DG-2"
"Science &amp; Nature","multiple","medium","What is the molecular formula of the active component of chili peppers(Capsaicin)?","C18H27NO3","C21H23NO3|C6H4Cl2|C13H25NO4"
"Science: Computers","multiple","medium","All of the following programs are classified as raster graphics editors EXCEPT:","Inkscape","Paint.NET|GIMP|Adobe Photoshop"
"Entertainment: Video Games","boolean","medium","In the video game &quot;Transistor&quot;, &quot;Red&quot; is the name of the main character.","True","False"
"Sports","multiple","hard","How many times did Martina Navratilova win the Wimbledon Singles Championship?","Nine","Ten|Seven|Eight"
"Science &amp; Nature","multiple","easy","Which of these bones is hardest to break?","Femur","Cranium|Humerus|Tibia"
"Entertainment: Books","multiple","easy","Who was the author of the 1954 novel, &quot;Lord of the Flies&quot;?","William Golding","Stephen King|F. Scott Fitzgerald|Hunter Fox"
"Entertainment: Music","multiple","easy","&quot;The Singing Cowboy&quot; Gene Autry is credited with the first recording for all but which classic Christmas jingle?","White Christmas","Frosty the Snowman|Rudolph the Red-Nosed Reindeer|Here Comes Santa Claus"
"Entertainment: Video Games","boolean","easy","In RuneScape, one must complete the &quot;Dragon Slayer&quot; quest before equipping Rune Platelegs.","False","True"
"History","multiple","easy","In which country was the Statue of Liberty built and exported to the United States of America?","France","Germany|Spain|England"
"Entertainment: Television","multiple","easy","The &quot;Psycho&quot; series of videos on YouTube was created by which of the following?","RiDGiD STUDiOS","Dan Bell|Billy Familia|VeganGainz"
"Geography","multiple","medium","Which of these is NOT a city in Saudi Arabia?","Dubai","Riyadh|Mecca|Medina"
"Entertainment: Television","multiple","easy","What TV show featured older women named Blanche, Rose, Dorothy and Sophia?","The Golden Girls","Cheers|The Wonder Years|Family Ties"
"Science &amp; Nature","boolean","easy","A plant that has a life cycle for more than a year is known as an annual.","False","True"
"History","multiple","hard","What year was Canada founded in?","1867","1798|1859|1668"
"Entertainment: Film","multiple","easy","What was Bruce Campbell&#039;s iconic one-liner after getting a chainsaw hand in Evil Dead 2?","Groovy.","Gnarly.|Perfect.|Nice."
"Entertainment: Video Games","multiple","medium","What Sims console game featured the Black Eyed Peas in the game?","The Urbz: Sims In The City","The Sims 2|The Sims|The Sims: Bustin Out"
"Entertainment: Music","boolean","hard","The song Scatman&#039;s World was released after Scatman (Ski-Ba-Bop-Ba-Dop-Bop).","True","False"
"Entertainment: Japanese Anime &amp; Manga","multiple","hard","In which manga did the &quot;404 Girl&quot; from 4chan originate from?","Yotsuba&amp;!","Azumanga Daioh|Lucky Star|Clover"
"Science: Computers","boolean","medium","&quot;Windows NT&quot; is a monolithic kernel.","False","True"
"History","multiple","hard","When was the &quot;Siege of Leningrad&quot; lifted during World War II?","January 1944","September 1943|November 1943|March 1944"
"History","multiple","hard","During World War I, which nation&#039;s monarchs were blood related?","England, Germany, Russia","France, Russia, Germany|Serbia, Russia, Croatia|Germany, Spain, Austria"
"Entertainment: Television","boolean","easy","In &quot;Star Trek&quot;, Klaang is a typical Klingon male.","True","False"
"General Knowledge","multiple","medium","What are the three starter Pokemon available in Pokemon Black and White?","Snivy, Tepig, Oshawott","Snivy, Fennekin, Froakie|Chespin, Tepig, Froakie|Chespin, Fennekin, Oshawott"
"Entertainment: Video Games","multiple","medium","When Halo 3: ODST was unveiled in 2008, it had a different title. What was the game formally called?","Halo 3: Recon","Halo 3: Helljumpers|Halo 3: Phantom|Halo 3: Guerilla"
"Entertainment: Video Games","boolean","medium","In &quot;Starbound&quot;, the track played by the Decorated Music Box is named &quot;Atlas&quot;.","True","False"
"Entertainment: Film","multiple","easy","In the 1986 film &quot;The Wraith&quot;, what concept car is used for the Turbo Interceptor?","Dodge M4S","Pontiac Banshee|General Motors Firebird|Dodge Copperhead"
"Entertainment: Video Games","multiple","hard","In the PAYDAY series, where did Dallas start his criminal career?","Chicago, Illinois","Dallas, Texas|New York City, New York|Boston, Massachusetts"
"Entertainment: Board Games","multiple","medium","What type is &quot;Magic Drain&quot; in Yugioh! Trading Card Game?","Counter Trap","Normal Trap|Quick-Play Spell|Field Spell"
"Science &amp; Nature","multiple","medium","Which one of these scientists conducted the Gold Foil Experiment which concluded that atoms are mostly made of empty space?","Ernest Rutherford","Joseph John Thomson|Archimedes|Niels Henrik David Bohr"
"Entertainment: Books","multiple","easy","Who wrote the novel &#039;Fear And Loathing In Las Vegas&#039;?","Hunter S. Thompson","F. Scott Fitzgerald|Henry Miller|William S. Burroughs"
"Entertainment: Video Games","multiple","medium","What is the original name of Final Fantasy XV?","Final Fantasy Versus XIII","Final Fantasy: Reborn|Final Fantasy XVI|Final Fantasy XIII-3"
"Sports","multiple","easy","Who won the UEFA Champions League in 2017?","Real Madrid C.F.","Atletico Madrid|AS Monaco FC|Juventus F.C."
"Entertainment: Music","multiple","medium","What country did Shirley Bassey originate from?","Wales","America|England|Canada"
"Entertainment: Board Games","multiple","medium","In &quot;Magic: The Gathering&quot;, during the design for Planar Chaos, what color did the developers think of adding in as the sixth color?","Purple","Brown|Pink|Orange"
"History","boolean","medium","The Fourth Crusade lasted from 1095-1099 AD.","False","True"
"Entertainment: Cartoon &amp; Animations","multiple","easy","What type of animal is Disney&#039;s Bambi?","Deer","Elephant|Wolf|Mouse"
"Entertainment: Music","multiple","easy","Who had a 1983 hit with the song &#039;Africa&#039;?","Toto","Foreigner|Steely Dan|Journey"
"Entertainment: Video Games","multiple","hard","In the Pok&eacute;mon series, what is Palkia&#039;s hidden ability?","Telepathy","Pressure|Water Bubble|Hydration"
"Celebrities","multiple","medium","What is the real name of &quot;moot&quot;, founder of the imageboard 4chan?","Christopher Poole","Mark Zuckerberg|Allison Harvard|Catie Wayne"
"Art","multiple","easy","Who painted the Mona Lisa?","Leonardo da Vinci","Pablo Picasso|Claude Monet|Vincent van Gogh"
"Science &amp; Nature","multiple","medium","The &quot;Tibia&quot; is found in which part of the body?","Leg","Arm|Hand|Head"
"Entertainment: Video Games","boolean","medium","POLYBIUS is a myth arcade cabinet/game","True","False"
"Entertainment: Video Games","multiple","easy","What is Pikachu&#039;s National Pok&eacute;Dex Number?","#025","#001|#031|#109"
"History","multiple","medium","Who assassinated Archduke Franz Ferdinand?","Gavrilo Princip","Nedeljko Čabrinović|Oskar Potiorek|Ferdinand Cohen-Blind"
"Science: Computers","multiple","medium","Which of these people was NOT a founder of Apple Inc?","Jonathan Ive","Steve Jobs|Ronald Wayne|Steve Wozniak"
"Entertainment: Television","multiple","easy","How many seasons did the Sci-Fi television show &quot;Stargate Atlantis&quot; have?","5","10|2|7"
"General Knowledge","multiple","easy","In Half-Life, what is the name of the alien that attaches to heads?","Headcrab","Bullsquid|Vortigaunt|Facehugger"
"Entertainment: Comics","multiple","hard","What are the names of the two &quot;Canon fan trolls&quot; in &quot;Homestuck&quot;?","Mierfa Durgas and Nektan Whelan","The Wrycrown and Voksea Olkido|Aikter Frekik and Xagrai Ollomu|Grekei Ceknux and Riya Camacho"
"Entertainment: Television","multiple","easy","When did the TV show Rick and Morty first air on Adult Swim?","2013","2014|2016|2015"
"Politics","multiple","medium","What was the personal nickname of the 40th Governor of the US State Louisiana, Huey Long?","The Kingfish","The Champ|The Hoot Owl|The Oracle"
"History","multiple","hard","During the Roman Triumvirate of 42 BCE, what region of the Roman Republic was given to Lepidus?","Hispania ","Italia|Gallia|Asia"
"Entertainment: Television","boolean","medium","In the animated series Futurama, the character Phllip J. Fry is his own grandfather.","True","False"
"Science &amp; Nature","multiple","easy","Which of the following is not one of the groups on the periodic table?","Fluorines","Alkali Metals|Halogens|Noble Gases"
"History","multiple","medium","What year did the Vietnam War end?","1975","1978|1967|1969"
"Science: Mathematics","multiple","medium","Which mathematician refused the Fields Medal?","Grigori Perelman","Andrew Wiles|Terence Tao|Edward Witten"
"Science &amp; Nature","multiple","hard","All of the following human genetic haplogroup names are shared between Y-chromosome and mitochondrial DNA haplogroups EXCEPT:","Haplogroup U","Haplogroup L|Haplogroup T|Haplogroup J"
"Science &amp; Nature","multiple","easy","The element involved in making human blood red is which of the following?","Iron","Copper|Iridium|Cobalt"
"Entertainment: Japanese Anime &amp; Manga","multiple","easy","Who is the main heroine of the anime, Full Metal Panic!","Kaname Chidori","Teletha Testarossa|Melissa Mao|Kyoko Tokiwa"
"Science &amp; Nature","boolean","medium","Sugar contains fat.","False","True"
"Science &amp; Nature","multiple","medium","Which of these is NOT a part of the structure of a typical neuron?","Islets of Langerhans","Node of Ranvier|Schwann cell|Myelin sheath"
"Entertainment: Japanese Anime &amp; Manga","multiple","easy","What year did &quot;Attack on Titan&quot; first air?","2013","2014|2012|2015"
"Entertainment: Video Games","multiple","medium","In Monster Hunter Generations, which of the following monsters are a part of the &quot;Fated Four&quot;?","Astalos","Gore Magala|Malfestio|Arzuros"
"History","multiple","medium","Who is attributed credit for recording the epic poem The Odyssey?","Homer","Aristotle|Odysseus|Socrates"
"Vehicles","multiple","hard","What model was the sports car gifted to Yuri Gagarin by the French government in 1965?","Matra Djet","Porsche 911|Alpine A110|AC Cobra"
"Entertainment: Film","multiple","easy","Where does the original Friday The 13th movie take place?","Camp Crystal Lake","Packanack|Higgins Haven|Camp Forest Green"
"Entertainment: Video Games","multiple","easy","Lanky, Funky, and Chunky are all characters featured in which series owned by Nintendo?","Donkey Kong","Mario|Kirby|Zelda"
"Entertainment: Video Games","multiple","easy","In World of Warcraft&#039;s Mists of Pandaria expansion, What was the level cap?","90","85|80|75"
"Science: Computers","multiple","medium","What does RAID stand for?","Redundant Array of Independent Disks","Rapid Access for Indexed Devices|Range of Applications with Identical Designs|Randomized Abstract Identification Description"
"Science: Computers","boolean","medium","MacOS is based on Linux.","False","True"
"History","multiple","medium","Which historical conflict killed the most people?","World War II","Taiping Rebellion|Three Kingdoms War|Mongol conquests"
"Entertainment: Music","multiple","medium","Who is the singer for Fall Out Boy?","Patrick Stump","Brendon Urie|Pete Wentz|Gary Lee Weinrib"
"Celebrities","multiple","easy","Gwyneth Paltrow has a daughter named...?","Apple","Lily|French|Dakota"
"History","multiple","easy","How old was Adolf Hitler when he died?","56","43|65|47"
"Science &amp; Nature","multiple","hard","Burning which of these metals will produce a bright white flame?","Magnesium","Copper|Lithium|Lead"
"History","boolean","medium","United States President Ronald Reagan was the first president to appoint a woman to the Supreme Court. ","True","False"
"Entertainment: Japanese Anime &amp; Manga","multiple","medium","What song plays in the ending credits of the anime &quot;Ergo Proxy&quot;?","Paranoid Android","Sadistic Summer|Bittersweet Symphony|Mad World"
"Geography","multiple","medium","Which is the largest city in Morocco?","Casablanca","Rabat|Fes|Sale"
"History","multiple","medium","What was the transfer of disease, crops, and people across the Atlantic shortly after the discovery of the Americas called?","The Columbian Exchange","Triangle Trade|Transatlantic Slave Trade|The Silk Road"
"Entertainment: Comics","multiple","medium","What is Homestuck character Gamzee&#039;s last name?","Makara","Makera|Makare|Makrea"
"General Knowledge","boolean","easy","March 10th is also known as Mar10 Day.","True","False"
"History","multiple","hard","Spain was formed in 1469 with the marriage of Isabella I of Castile and Ferdinand II of what other Iberian kingdom?","Aragon","Galicia|Le&oacute;n|Navarre"
"Entertainment: Music","multiple","easy","How many strings are there on a cello?","4","5|6|8"
"Science &amp; Nature","multiple","hard","Which is not a type of neuron?","Perceptual Neuron","Sensory Neuron|Motor Neuron|Interneuron"
"Science: Gadgets","multiple","easy","What round is a classic AK-47 chambered in?","7.62x39mm","7.62x51mm|5.56x45mm|5.45x39mm"
"Science: Computers","multiple","medium","The name of technology company HP stands for what?","Hewlett-Packard","Howard Packmann|Husker-Pollosk|Hellman-Pohl"
"Entertainment: Video Games","multiple","hard","In the Lego Island trilogy, who taught Pepper Roni how to read?","Officer Laura Brick","Papa Brickolini|Officer Nick Brick|Mama Brickolini"
"Entertainment: Japanese Anime &amp; Manga","multiple","easy","What is the theme song of &quot;Neon Genesis Evangelion&quot;?","A Cruel Angel&#039;s Thesis","Stardust Crusaders|Requiem for a Dream|God Knows"
"Geography","boolean","medium","&quot;Mongolia&quot; was a part of the now non-existent U.S.S.R.","False","True"
"Entertainment: Music","boolean","medium","The Beatles&#039; band name was inspired by the band The Crickets.","True","False"
"Entertainment: Board Games","multiple","hard","What is the most challenging monster in the Dungeons &amp; Dragons 5th Edition Monster Manual?","Tarrasque","Beholder|Displacer Beast|Lich"
"General Knowledge","multiple","medium","Linus Pauling, one of the only winners of multiple Nobel Prizes, earned his Nobel Prizes in Chemistry and what?","Peace","Physics|Economics|Physiology/Medicine"
"Sports","multiple","easy","Which team has won the most Stanley Cups in the NHL?","Montreal Canadians","Chicago Blackhawks|Toronto Maple Leafs|Detroit Red Wings"
"General Knowledge","multiple","easy","The Flag of the European Union has how many stars on it?","12","10|14|16"
"Entertainment: Books","multiple","medium","In the &quot;The Hobbit&quot;, who kills Smaug?","Bard","Bilbo Baggins|Gandalf the Grey|Frodo"
"Entertainment: Board Games","multiple","easy","What is the maximum level you can have in a single class in Dungeons and Dragons (5e)?","20","30|15|25"
"Entertainment: Film","boolean","easy","In the original Star Wars trilogy, David Prowse was the actor who physically portrayed Darth Vader.","True","False"
"Entertainment: Comics","multiple","medium","What&#039;s the weakness of american vampires (Scott Snyder&#039;s American Vampire)?","Gold","Sunlight|Wood|Silver"
"Entertainment: Video Games","multiple","medium","What is the mod &quot;Cry of Fear&quot; based off of?","Half-Life","Counter Strike: Source|Half-Life 2|It&#039;s a stand alone game, not a mod"
"Entertainment: Video Games","multiple","easy","What is the first weapon you acquire in Half-Life?","A crowbar","A pistol|The H.E.V suit|Your fists"
"Entertainment: Television","multiple","easy","What is the real name of the famous spanish humorist, El Risitas?","Juan Joya Borga","Gabriel Garcia Marquez|Jesus Quintero|Ernesto Guevara"
"Science &amp; Nature","multiple","easy","Alzheimer&#039;s disease primarily affects which part of the human body?","Brain","Lungs|Skin|Heart"
"Entertainment: Video Games","multiple","medium","What type of genre is the controversial 2015 game &quot;Hatred&quot;?","Shoot &#039;Em Up","Point &amp; Click|MMORPG|Simulation"
"Entertainment: Board Games","multiple","medium","Who was world chess champion between 1894 and 1921","Emanuel Lasker","Jos&eacute; Ra&uacute;l Capablanca|Wilhelm Steinitz|Bobby Fischer"
"Animals","multiple","hard","What type of creature is a Bonobo?","Ape","Lion|Parrot|Wildcat"
"Entertainment: Video Games","multiple","easy","Which Pok&eacute;mon can learn the move &quot;Secret Power&quot; by leveling up?","Audino","Type:Null|Arceus|Silvally"
"Entertainment: Television","multiple","medium","In &quot;The Big Bang Theory&quot;, what is Howard Wolowitz&#039;s nickname in World of Warcraft?","Wolowizard","Sheldor|Rajesh|Priya"
"Entertainment: Comics","boolean","easy","Deadpool&#039;s identity is Slade Wilson.","False","True"
"Geography","multiple","easy","Which of the following Arab countries does NOT have a flag containing only Pan-Arab colours?","Qatar","Kuwait|United Arab Emirates|Jordan"
"Science: Gadgets","multiple","easy","When was the iPhone released?","2007","2005|2006|2004"
"Entertainment: Film","multiple","easy","The 1996 film &#039;Fargo&#039; is primarily set in which US state?","Minnesota","North Dakota|South Dakota|Wisconsin"
"Science: Mathematics","multiple","easy","What type of angle is greater than 90&deg;?","Obtuse","Acute|Right|Straight"
"Geography","multiple","hard","What is the name of the Canadian national anthem?","O Canada","O Red Maple|Leaf-Spangled Banner|March of the Puck Drop"
"General Knowledge","multiple","hard","Which of the following  British Monarchs never appeared on a circulated pound sterling coin?","Edward VIII","Victoria|George VI|Charles II"
"Entertainment: Television","multiple","easy","What country is Cory in the House set in?","The United States of America","Canada|Venezuala|England"
"Sports","boolean","medium","During Wimbledon, spectators in the grounds can buy the tennis balls that have been used in matches.","True","False"
"Entertainment: Film","boolean","medium","The movie &quot;The Rocky Horror Picture Show&quot; (1975) opens with giant floating lips singing the opening song","True","False"
"Entertainment: Television","boolean","medium","In the TV series Red Dwarf, Kryten&#039;s full name is Kryten 2X4B-523P.","True","False"
"Entertainment: Video Games","multiple","medium","In &quot;Call of Duty: Zombies&quot;, what group does Doctor Maxis work for?","Group 935","Group Reanimate|Group Rezurrection|Division 9"
"Sports","multiple","hard","Prior to 2018, which car company is the only Japanese company which won the 24 Hours of Le Mans?","Mazda","Toyota|Subaru|Nissan"
"Entertainment: Cartoon &amp; Animations","boolean","hard","Snagglepuss was part of the Yogi Yahooies in the 1977 show Scooby&#039;s All-Star Laff-a-Lympics.","False","True"
"Mythology","multiple","hard","Which of the following is NOT a god in Norse Mythology.","Jens","Loki|Tyr|Snotra"
"Entertainment: Television","boolean","medium","Like his character in &quot;Parks and Recreation&quot;, Aziz Ansari was born in South Carolina.","True","False"
"Entertainment: Video Games","multiple","medium","Which genre is the Touhou Project associated with?","Shoot &#039;em up (bullet-hell) &amp; Fighting","Turn-Based Strategy|MMORPG|Building "
"Sports","multiple","hard","Which male player won the gold medal of table tennis singles in 2016 Olympics Games?","Ma Long (China)","Zhang Jike (China)|Jun Mizutani (Japan)|Vladimir Samsonov (Belarus)"
"Entertainment: Video Games","multiple","easy","Which &quot;Fallout: New Vegas&quot; quest is NOT named after a real-life song?","They Went That-a-Way","Come Fly With Me|Ain&#039;t That a Kick in the Head|Ring-a-Ding Ding"
"History","multiple","easy","In which war did the atomic bombings of Hiroshima and Nagasaki occur?","World War II","World War I|Russo-Japanese War|First Sino-Japanese War"
"Entertainment: Video Games","multiple","medium","What is the name of the final boss in Turok: Dinosaur Hunter?","The Campaigner","The Primagen|Oblivion|Lord Tyrannus"
"Entertainment: Video Games","multiple","medium","What are the names of the Ice Climbers in the video game Ice Climber?","Popo and Nana","Popo and Nina|Papi and Nana|Papi and Nina"
"History","multiple","medium","What date was the first flight of the P-40 Warhawk?","October 14 1938","August 21 1939|January 12 1940|June 1 1939"
"Geography","multiple","medium","Which Canadian province has Charlottetown as its capital?","Prince Edward Island","Saskachewan|Northwest Terrirories|Ontario"
"Animals","boolean","easy","The freshwater amphibian, the Axolotl, can regrow it&#039;s limbs.","True","False"
"History","multiple","hard","During the Wars of the Roses (1455 - 1487) which Englishman was dubbed &quot;the Kingmaker&quot;?","Richard Neville","Richard III|Henry V|Thomas Warwick"
"History","multiple","hard","What was the original name of New York City?","New Amsterdam","New London|New Paris|New Rome"
"Entertainment: Television","multiple","easy","In the TV show &#039;M*A*S*H&#039;, what was the nickname of Corporal Walter O&#039;Reilly?","Radar","Hawkeye|Hot Lips|Trapper"
"Sports","multiple","medium","How many French Open&#039;s did Bj&ouml;rn Borg win?","6","4|9|2"
"Science: Mathematics","multiple","medium","Which of these probability distributions is NOT discrete?","Normal","Binomial|Poisson|Hyper-geometric"
"Science &amp; Nature","multiple","medium","What is an alternative name for multiple personality disorder?","Dissociative identity disorder","Body integrity identity disorder|Identity crisis|Schizophrenia"
"Geography","multiple","hard","In which country is Tallinn located?","Estonia","Finland|Sweden|Poland"
"Entertainment: Video Games","multiple","medium","Which of the following created and directed the Katamari Damacy series?","Keita Takahashi","Hideki Kamiya|Shu Takumi|Shinji Mikami"
"Entertainment: Cartoon &amp; Animations","boolean","medium","Blue Danube was one of the musical pieces featured in Disney&#039;s 1940&#039;s film Fantasia.","False","True"
"Entertainment: Video Games","multiple","easy","In the Assassin&#039;s Creed series,what was the name of Desmond Miles given by Abstergo?","Subject 17","Subject 16|Subject 18|Alta&iuml;r Ibn-La&#039;Ahad"
"Entertainment: Video Games","multiple","medium","What engine did the original &quot;Half-Life&quot; run on?","GoldSrc","Source|Quake|Unreal"
"Entertainment: Television","multiple","easy","Which company has exclusive rights to air episodes of the &quot;The Grand Tour&quot;?","Amazon","Netflix|BBC|CCTV"
"Science &amp; Nature","multiple","medium","In Chemistry, how many isomers does Butanol (C4H9OH) have?","4","3|5|6"
"Entertainment: Music","multiple","easy","What collaborative album was released by Kanye West and Jay-Z in 2011?","Watch the Throne","Distant Relatives|What a Time to be Alive|Unfinished Business"
"Politics","boolean","easy","Russia passed a law in 2013 which outlaws telling children that homosexuals exist.","True","False"
"Entertainment: Video Games","multiple","hard","In the game Nuclear Throne, what organization chases the player character throughout the game?","The I.D.P.D","The Fishmen|The Bandits|The Y.V.G.G"
"Entertainment: Video Games","multiple","medium","In the Mario Kart and Smash Bros. Games, Princess Rosalina is considered what weight class?","Heavy","Medium|Light|Light-Medium"
"Science &amp; Nature","multiple","medium","Au on the Periodic Table refers to which element?","Gold","Silver|Oxygen|Nickel"
"Entertainment: Music","multiple","easy","According to the American rapper Nelly, what should you do when its hot in here?","Take off all your clothes","Take a cool shower|Drink some water|Go skinny dipping"
"Entertainment: Music","multiple","medium","The 2023 Beatles song &quot;Now and Then&quot; originated from an unfinished demo recorded by which Beatle?","John Lennon","Paul McCartney|George Harrison|Ringo Starr"
"Vehicles","multiple","easy","Which Italian city is home of the car manufacturer &#039;Fiat&#039;?","Turin","Maranello|Modena|Rome"
"Entertainment: Video Games","boolean","medium","In &quot;League of Legends&quot;, there exists four different types of Dragon.","False","True"
"General Knowledge","multiple","medium","Directly between the Washington Monument and the Reflecting Pool is a memorial to which war?","World War II","Vietnam War|American Civil War|American Revolutionary War"
"Geography","multiple","medium","Which of these country&#039;s capitals starts with the letter B?","Lebanon","Jordan|Kuwait|Qatar"
"Sports","multiple","medium","In a game of snooker, what colour ball is worth 3 points?","Green","Yellow|Brown|Blue"
"Geography","multiple","medium","Eritrea, which became the 182nd member of the UN in 1993, is in the continent of?","Africa","Europe|Asia|South America"
"Entertainment: Video Games","multiple","medium","In the first Left 4 Dead, you can play as either of these four characters.","Francis, Bill, Zoey, and Louis","Bender, Andrew, Allison, and Brian|Coach, Ellis, Nick, and Rochelle|Harry, Ron, Hermione and Dumbledore"
"Entertainment: Television","multiple","easy","Which of these Bojack Horseman characters is a human?","Todd Chavez","Lennie Turtletaub|Princess Carolyn|Tom Jumbo-Grumbo"
"Entertainment: Music","multiple","medium","Who is the primary lyricist for Canadian progressive rock band Rush?","Neil Peart","Geddy Lee|Alex Lifeson|John Rutsey"
"Entertainment: Video Games","boolean","easy","&quot;Resident Evil 7&quot; is the first first-person Resident Evil game.","False","True"
"Entertainment: Japanese Anime &amp; Manga","multiple","easy","In the anime Black Butler, who is betrothed to be married to Ciel Phantomhive?","Elizabeth Midford","Rachel Phantomhive|Alexis Leon Midford|Angelina Dalles"
"Entertainment: Music","multiple","easy","Which rap group released the album &quot;Straight Outta Compton&quot;?","N.W.A","Wu-Tang Clan|Run-D.M.C.|Beastie Boys"
"Entertainment: Video Games","multiple","hard","In the &quot;Call Of Duty: Zombies&quot; map &quot;Origins&quot;, where is &quot;Stamin-Up&quot; located?","Generator 5","Generator 3|Generator 4|Excavation Site"
"Entertainment: Books","multiple","easy","This play is generally considered to be the most adaptable of Shakespeare&rsquo;s works, and follows two &ldquo;star-crossed lovers&rdquo;.","Romeo and Juliet","Hamlet|The Tempest|King Lear"
"Science: Computers","boolean","easy","The programming language &quot;Python&quot; is based off a modified version of &quot;JavaScript&quot;.","False","True"
"Science &amp; Nature","multiple","easy","What is the common name of the chemical compound &quot;dihydrogen monoxide&quot;?","Water","Methane|Ammonia |Laughing Gas"
"Entertainment: Television","multiple","easy","What NBC sitcom once saw two of its characters try to pitch NBC on a sitcom about nothing?","Seinfeld","Frasier|Becker|Friends"
"Animals","boolean","easy","Rabbits are carnivores.","False","True"
"Entertainment: Television","multiple","medium","In what year did &quot;The Big Bang Theory&quot; debut on CBS?","2007","2008|2006|2009"
"General Knowledge","boolean","easy","Is a dog a mammal?","True","False"
"General Knowledge","multiple","medium","Which of the following carbonated soft drinks were introduced first?","Dr. Pepper","Coca-Cola|Sprite|Mountain Dew"
"Vehicles","multiple","easy","The LS3 engine is how many cubic inches?","376","346|364|427"
"Entertainment: Television","multiple","easy","In which British seaside town was the BBC sitcom &quot;Fawlty Towers&quot; set?","Torquay","Blackpool|Bournemouth|Great Yarmouth"
"Entertainment: Video Games","multiple","easy","Which of the following names is the &quot;Mega Man&quot; Franchise known as in Japan?","Rockman","Paperman|Scissorsman|Mega Man"
"Science: Computers","multiple","medium","What does the &#039;S&#039; in the RSA encryption algorithm stand for?","Shamir","Secure|Schottky|Stable"
"Entertainment: Cartoon &amp; Animations","multiple","easy","In the Pixar film, &quot;Toy Story&quot; what was the name of the child who owned the toys?","Andy","Edward|Danny|Matt"
"General Knowledge","multiple","easy","Earth is located in which galaxy?","The Milky Way Galaxy","The Mars Galaxy|The Galaxy Note|The Black Hole"
"Entertainment: Board Games","multiple","hard","On a standard Monopoly board, how much do you have to pay for Tennessee Ave?","$180","$200|$160|$220"
"Entertainment: Comics","multiple","hard","In the webcomic &quot;Ava&#039;s Demon&quot;, what sin is &quot;Nevy Nervine&quot; based off of? ","Envy ","Sloth|Wrath |Lust"
"Science: Computers","multiple","easy","When Gmail first launched, how much storage did it provide for your email?","1GB","512MB|5GB|Unlimited"
"Entertainment: Japanese Anime &amp; Manga","multiple","hard","Which animation studio animated &quot;Psycho Pass&quot;?","Production I.G","Kyoto Animation|Shaft|Trigger"
"Entertainment: Video Games","multiple","medium","Which football player is featured on the international cover version of the video game FIFA 16?","Lionel Messi","Cristiano Ronaldo|Wayne Rooney|David Beckham"
"Entertainment: Film","multiple","easy","&quot;The first rule is: you don&#039;t talk about it&quot; is a reference to which movie?","Fight Club","The Island|Unthinkable|American Pie"
"Geography","boolean","medium","Italy and Ireland are the only countries in Europe that start with the letter I.","False","True"
"General Knowledge","multiple","easy","What is the currency of India and Pakistan as well as a few other Asian countries?","Rupee","Riyal|Peso|Dinar"
"General Knowledge","multiple","easy","What is the largest living species of penguin?","Emperor","King|Gentoo|Adele"
"Entertainment: Board Games","multiple","hard","Which card is on the cover of the Beta rulebook of &quot;Magic: The Gathering&quot;?","Bog Wraith","Island|Rock Hydra|Elvish Archers"
"Sports","multiple","easy","What is the name of Manchester United&#039;s home stadium?","Old Trafford","Anfield|City of Manchester Stadium|St James Park"
"Entertainment: Music","multiple","easy","What album did Bon Iver release in 2016?","22, A Million","Bon Iver, Bon Iver|Blood Bank EP|For Emma, Forever Ago"
"Entertainment: Video Games","multiple","medium","In which game does a character say, &quot;Sometimes, I dream about cheese&quot;?","Half Life 2","Team Fortress 2|Dark Souls|Serious Sam: The Second Encounter"
"Science &amp; Nature","multiple","easy","What is the standard SI unit for temperature?","Kelvin","Fahrenheit|Celsius|Rankine"
"Sports","multiple","easy","Who won the premier league title in the 2015-2016 season following a fairy tale run?","Leicester City","Tottenham Hotspur|Watford|Stoke City"
"Entertainment: Comics","multiple","easy","Who is the creator of the comic series &quot;The Walking Dead&quot;?","Robert Kirkman","Stan Lee|Malcolm Wheeler-Nicholson|Robert Crumb"
"Entertainment: Video Games","multiple","easy","What are Sans and Papyrus named after in &quot;Undertale&quot;?","Fonts","Plants|Companies|Ancient writing paper"
"General Knowledge","multiple","medium","What is the currency of Poland?","Złoty","Ruble|Euro|Krone"
"Science &amp; Nature","multiple","medium","Which chemical element has the lowest boiling point?","Helium","Hydrogen|Neon|Nitrogen"
"Entertainment: Video Games","multiple","medium","In Portal 2, which solar system body did Wheatley end up orbiting?","The moon","Earth|Jupiter|Mars"
"Entertainment: Television","multiple","medium","In the television show &quot;Lazy Town&quot;, who is the actor of Robbie Rotten?","Stef&aacute;n Stef&aacute;nsson","Adam Sandler|Magn&uacute;s Scheving|Stephen Carl"
"Sports","boolean","easy","There are a total of 20 races in Formula One 2016 season.","False","True"
"Entertainment: Board Games","multiple","medium","In Yu-Gi-Oh, how does a player perform an Xyz Summon?","Overlay at least 2 Monsters of the Same Level","Activate a Spell and Send Monsters to the Graveyard|Add the Monsters&#039; Levels Together to Match the Xyz Monster|Banish A Number of Monsters From Your Hand And Deck"
"Entertainment: Board Games","multiple","hard","What do you declare in Rīchi Mahjong when you&#039;ve drawn your winning tile?","Tsumo","Ron|Rīchi|Kan"
"Politics","multiple","medium","Before 2016, in which other year did Donald Trump run for President?","2000","2012|1988|2008"
"Entertainment: Video Games","multiple","easy","Which character in the &quot;Animal Crossing&quot; series uses the phrase &quot;zip zoom&quot; when talking to the player?","Scoot","Drake|Bill|Mallary"
"Entertainment: Video Games","multiple","hard","When was the first Call of Duty title released?","October 29, 2003","December 1, 2003|November 14, 2002|July 18, 2004"
"Entertainment: Video Games","multiple","medium","Which musical artist was NOT featured as playable avatars in the game &quot;DJ Hero&quot;?","Dr. Dre","DJ Shadow|Daft Punk|Grandmaster Flash"
"General Knowledge","boolean","medium","The scientific name for the Southern Lights is Aurora Australis?","True","False"
"Entertainment: Video Games","multiple","hard","What Pok&eacute;mon&#039;s Base Stat Total does not change when it evolves?","Scyther","Pikachu|Sneasel|Larvesta"
"Science: Mathematics","multiple","medium","What type of function is x&sup2;+2x+1?","Quadratic","Rational|Linear|Exponential"
"Entertainment: Music","multiple","hard","Where was Nicki Minaj born?","Trinidad and Tobago","Haiti|Saint Lucia|Grenada"
"Science &amp; Nature","multiple","hard","What does the term &quot;isolation&quot; refer to in microbiology?","The separation of a strain from a natural, mixed population of living microbes","A lack of nutrition in microenviroments|The nitrogen level in soil|Testing effects of certain microorganisms in an isolated enviroments, such as caves"
"History","multiple","medium","Who was the first president born in the independent United States?","Martin Van Buren","John Adams|George Washington|James Monroe "
"Science &amp; Nature","boolean","medium","The Doppler effect applies to light.","True","False"
"Geography","boolean","medium","Route 66 in the United States spans the entire mainland of America, from California to New York.","False","True"
"Entertainment: Video Games","multiple","easy","Which company developed the free battle royale game Fortnite?","Epic Games","Valve|Ubisoft|Square Enix"
"Sports","multiple","medium","Which of the following player scored a hat-trick during their Manchester United debut?","Wayne Rooney","Cristiano Ronaldo|Robin Van Persie|David Beckham"
"Science: Computers","multiple","medium","In the server hosting industry IaaS stands for...","Infrastructure as a Service","Internet as a Service|Internet and a Server|Infrastructure as a Server"
"Entertainment: Japanese Anime &amp; Manga","multiple","medium","Which Japanese music group was formed to produce theme music for the anime &quot;Guilty Crown&quot;?","Egoist","Goose house|Babymetal|Garnidelia"
"History","multiple","hard","Which countries participated in the Lobster War?","France and Brazil","Canada and Norway|Australia and New Zealand|United States and England"
"General Knowledge","multiple","easy","What element has the chemical symbol Kr?","Krypton","Kerosine|Kineticium|Curium"
"General Knowledge","multiple","hard","What is the romanized Arabic word for &quot;moon&quot;?","Qamar","Najma|Kawkab|Shams"
"Geography","multiple","medium","How many sovereign states are members of the United Nations?","195","201|153|178"
"Entertainment: Japanese Anime &amp; Manga","multiple","medium","Who wrote and directed the animated movie &quot;Spirited Away&quot; (2001)?","Hayao Miyazaki","Isao Takahata|Mamoru Hosoda|Hidetaka Miyazaki"
"Geography","multiple","medium","What is the right way to spell the capital of Hungary?","Budapest","Boodapest|Bhudapest|Budapast"
"Politics","multiple","medium","Between 1973 to 1990, what country was ruled by dictator Augusto Pinochet?","Chile","Ethiopia|Indonesia|Nicaragua"
"Entertainment: Film","multiple","hard","In the &quot;Jurassic Park&quot; universe, when did &quot;Jurassic Park: San Diego&quot; begin construction?","1985","1988|1986|1993"
"Entertainment: Video Games","multiple","hard","When was the first &quot;Half-Life&quot; released?","1998","2004|1999|1997"
"Entertainment: Film","multiple","medium","In the &quot;Jurassic Park&quot; universe, what is the name of the island that contains InGen&#039;s Site B?","Isla Sorna","Isla Nublar|Isla Pena|Isla Muerta"
"Entertainment: Music","multiple","hard","Who had a 1981 hit with the song &quot;Japanese Boy&quot;?","Aneka","Toyah|Sandra|Madonna"
"History","multiple","hard","When did Lithuania declare independence from the Soviet Union?","March 11th, 1990","December 25th, 1991|December 5th, 1991|April 20th, 1989"
"Entertainment: Comics","multiple","medium","The stuffed tiger in Calvin and Hobbes is named after what philosopher?","Thomas Hobbes","David Hobbes|John Hobbes|Nathaniel Hobbes"
"History","multiple","medium","Who was the first explorer to sail to North America?","Leif Erikson","Christopher Columbus|Amerigo Vespucci|Ferdinand Magellan"
"Entertainment: Comics","multiple","hard","In the Batman comics, by what other name is the villain Dr. Jonathan Crane known?","Scarecrow","Bane|Calendar Man|Clayface"
"Science: Computers","boolean","easy","The NVidia GTX 1080 gets its name because it can only render at a 1920x1080 screen resolution.","False","True"
"Entertainment: Video Games","multiple","hard","Which artist composed the original soundtrack for &quot;Watch Dogs 2&quot;?","Hudson Mohawke","Rustie|Machinedrum|Flying Lotus"
"Art","boolean","easy","Leonardo da Vinci&#039;s Mona Lisa does not have eyebrows.","True","False"
"General Knowledge","multiple","easy","What is the official language of Brazil?","Portuguese","Brazilian|Spanish|English"
"Entertainment: Video Games","multiple","easy","Who is the leader of Team Valor in Pok&eacute;mon Go?","Candela","Willow|Blanche|Spark"
"Entertainment: Music","multiple","hard","Which of the following is NOT a real song from the band Thousand Foot Krutch?","Limitless Fury","Let The Sparks Fly|Down|Give Up The Ghost"
"Entertainment: Film","multiple","medium","In &quot;Jurassic World&quot;, which company purchases InGen and creates Jurassic World?","Masrani Global Corporation ","Biology Synthetics Technologies|International Genetics Incorporated|International Genetic Technologies"
"General Knowledge","multiple","easy","Which of these Marvel games was released on the Playstation 2?","Spider-Man 2","Silver Surfer|Howard the Duck|Wolverine: Adamantium Rage"
"Entertainment: Video Games","multiple","easy","Which of these covert groups employs Sam Fisher to work as a Splinter Cell?","Third Echelon","Voron|Black Arrow|The Engineers"
"Celebrities","multiple","medium","Which TV chef wrote an autobiography titled &quot;Humble Pie&quot;?","Gordon Ramsay","Jamie Oliver|Ainsley Harriott|Antony Worrall Thompson"
"Entertainment: Film","boolean","hard","The weapon Clint Eastwood uses in &quot;Dirty Harry&quot; was a .44 Automag.","False","True"
"Geography","multiple","easy","The body of the Egyptian Sphinx was based on which animal?","Lion","Bull|Horse|Dog"
"Vehicles","boolean","medium","Bugatti was an Italian car manufacturer.","False","True"
"Entertainment: Comics","boolean","hard","In the comic book &quot;Archie&quot;, Betty is friends with Veronica because she is rich.","False","True"
"Entertainment: Video Games","multiple","medium","In the game Destiny, who succeeded Peter Dinklage in voicing the protagonist&#039;s &quot;Ghost&quot;?","Nolan North","John DiMaggio|Mark Hamill| Troy Baker"
"Animals","multiple","hard","What was the name of the Ethiopian Wolf before they knew it was related to wolves?","Simien Jackel","Ethiopian Coyote|Amharic Fox|Canis Simiensis"
"Entertainment: Music","multiple","easy","The Rush song &quot;YYZ&quot; derives its name from the IATA aiport identification code for which city?","Toronto","Vancouver|Ottawa|Calgary"
"Entertainment: Books","multiple","hard","Which of the following is NOT a work done by Shakespeare?","Trial of Temperance","Measure For Measure|Titus Andronicus|Cymbeline"
"Entertainment: Film","multiple","hard","In the 1976 film &#039;Taxi Driver&#039;, how many guns did Travis buy from the salesman?","4","2|6|1"
"Entertainment: Comics","multiple","medium","Who wrote the Batman comic series &quot;The Killing Joke&quot;?","Alan Moore","Bill Finger|Frank Miller|Jerry Siegel"
"Entertainment: Video Games","multiple","medium","Who was the main antagonist of Max Payne 3 (2012)?","Victor Branco","&Aacute;lvaro Neves|Armando Becker|Milo Rego"
"Geography","multiple","easy","Which country does Austria not border?","France","Slovenia|Switzerland|Slovakia"
"Entertainment: Film","multiple","hard","What was the wifi password given to Stephen Strange in Doctor Strange?","Shambala","Peace|Ancient|Chakra"
"Science &amp; Nature","multiple","hard","Which of the following liquids is least viscous? Assume temperature is 25&deg;C.","Acetone","Water|Mercury|Benzene"
"Entertainment: Video Games","boolean","medium","During pre-production of &quot;Super Mario Bros.&quot;, Mario originally was meant to shoot bullets.","True","False"
"Entertainment: Television","multiple","hard","Which race enjoys a glass of warm baghol in &quot;Star Trek&quot;?","Klingon","Vulcan|Human|Botha"
"Entertainment: Video Games","multiple","easy","Which of the following was a map that was in Team Fortress 2 at launch?","Gravel Pit","Hoodoo|Gold Rush|Upward"
"History","multiple","easy","What was William Frederick Cody better known as?","Buffalo Bill","Billy the Kid|Wild Bill Hickok|Pawnee Bill"
"Science &amp; Nature","multiple","medium","What is Hypernatremia?","Increase in blood sodium","Decrease in blood potassium|Increase in blood glucose|Decrease in blood iron"
"Entertainment: Music","multiple","hard","A Caixa Malacacheta is what kind of musical instrument which is commonly used in Latin American music?","Snare Drum","Cow Bell|Bass Drum|Maraca"
"Entertainment: Video Games","multiple","medium","What is the first primary weapon the player gets in &quot;PAYDAY: The Heist&quot;?","AMCAR-4","Brenner 21|Reinbeck|M308"
"Entertainment: Music","multiple","medium","The &#039;In the Flesh&#039; tour was used in support of what Pink Floyd album?","Animals","The Wall|Wish You Were Here|The Final Cut"
"Entertainment: Video Games","multiple","hard","What was the name of the game created by Masahiro Sakurai and Satoru Iwata that would eventually evolve into &quot;Super Smash Bros.&quot;?","Dragon King: The Fighting Game","Nintendo Legends: Fight!|Martial Arts: King of the Hill|Aerial Warriors: Supreme Battle"
"Entertainment: Japanese Anime &amp; Manga","multiple","medium","The main protagonist of the fourth part of JoJo&#039;s Bizarre Adventure is which of the following?","Josuke Higashikata","Yoshikage kira|Koichi Hirose|Joey JoJo"
"Entertainment: Film","multiple","medium","Which town is the setting for the Disney movie The Love Bug (1968)?","San Francisco","Los Angeles|Sacramento|San Jose"
"History","multiple","easy","Who was the first president of the United States?","George Washington","James Madison|Thomas Jefferson|James K. Polk"
"History","multiple","medium","When was the People&#039;s Republic of China founded?","October 1, 1949","April 3, 1947|May 7, 1945|December 6, 1950"
"Entertainment: Music","multiple","medium","Who was the guitarist in the band &quot;The Doors&quot;?","Robby Krieger","Eric Clapton|John Densmore|Jimi Hendrix"
"Entertainment: Video Games","multiple","easy","What were the first two blocks in &quot;Minecraft&quot;?","Grass and Cobblestone","Grass and Stone|Crafting Table and Cobblestone|Cobblestone and Stone"
"Geography","multiple","easy","What is the largest country in the world ?","Russian Federation","China|Canada|Brazil"
"General Knowledge","multiple","medium","The phrase &quot;accident waiting to happen&quot; is an example of what type of figure of speech?","Idiom","Simile|Metaphor|Analogy"
"Entertainment: Cartoon &amp; Animations","boolean","medium","Night on Bald Mountain was one of the musical pieces featured in Disney&#039;s 1940&#039;s film Fantasia.","True","False"
"Entertainment: Japanese Anime &amp; Manga","multiple","hard","Which of these names are not a character of JoJo&#039;s Bizarre Adventure?","JoJo Kikasu","Jean-Pierre Polnareff|George Joestar|Risotto Nero"
"Vehicles","multiple","easy","Which car tire manufacturer is famous for its &quot;Eagle&quot; brand of tires, and is the official tire supplier of NASCAR?","Goodyear","Pirelli|Bridgestone|Michelin"
"Geography","multiple","medium","Which one of these countries borders with Poland?","Lithuania","France|Norway|Netherlands"
"Entertainment: Video Games","multiple","hard","In the original DOOM (1993) which of the following is NOT a cheat code?","IDCLIP","IDFA|IDDQD|IDSPISPOPD"
"Entertainment: Film","multiple","easy","Who plays Jack Burton in the movie &quot;Big Trouble in Little China?&quot;","Kurt Russell","Patrick Swayze|John Cusack|Harrison Ford"
"Entertainment: Japanese Anime &amp; Manga","multiple","hard","Which animation studio animated &quot;To Love-Ru&quot;?","Xebec","Trigger|Sunrise|Kyoto Animation"
"Science: Computers","multiple","easy","What language does Node.js use?","JavaScript","Java|Java Source|Joomla Source Code"
"Entertainment: Music","multiple","medium","&#039;74&ndash;&#039;75 is a 1993 single from the album Ring by what American band?","The Connells","R.E.M.|The Ocean Blue|The Bangles"
"Entertainment: Video Games","boolean","medium","Shang Tsung is a playable character in Mortal Kombat XL.","False","True"
"General Knowledge","multiple","easy","Terry Gilliam was an animator that worked with which British comedy group?","Monty Python","The Goodies&lrm;|The League of Gentlemen&lrm;|The Penny Dreadfuls"
"Entertainment: Video Games","multiple","hard","How many trophies are there in &quot;Super Smash Bros. for Nintendo 3DS&quot;?","685","1360|716|1155"
"Celebrities","multiple","medium","Donald J. Trump&#039;s Middle Name is...","John","Jeff|Jerald|Jason"
"Entertainment: Video Games","boolean","medium","The Ace Attorney trilogy was suppose to end with &quot;Phoenix Wright: Ace Attorney &minus; Trials and Tribulations&quot; as its final game.","True","False"
"Entertainment: Film","boolean","easy","George Lucas directed the entire original Star Wars trilogy.","False","True"
"Entertainment: Television","boolean","medium","In &quot;Star Trek: The Next Generation&quot;, Data is the only android in existence.","False","True"
"Entertainment: Music","multiple","medium","Which song previously recorded by Elvis Presley was covered by UB40 with a reggae beat?","Can&#039;t Help Falling in Love","Jailhouse Rock|In the Ghetto|Wooden Heart"
"Entertainment: Comics","multiple","hard","What are the Three Virtues of Bionicle?","Unity, Duty, Destiny","Build, Play, Change|Work, Play, Live|Forge, Build, Fight"
"Entertainment: Video Games","multiple","easy","What vehicle in PUBG has the highest top speed?","Motorcycle","PG-117|Dacia|Buggy"
"Geography","multiple","medium","What was the most populous city in the Americas in 2015?","S&atilde;o Paulo","New York|Mexico City|Los Angeles"
"General Knowledge","multiple","medium","When was the Declaration of Independence approved by the Second Continental Congress?","July 4, 1776","May 4, 1776|June 4, 1776|July 2, 1776"
"Entertainment: Video Games","multiple","medium","Which of these characters was NOT planned to be playable for Super Smash Bros. 64?","Peach","Bowser|Mewtwo|King Dedede"
"Entertainment: Music","multiple","medium","What is Fergie&#039;s debut album called?","The Dutchess","Fergalicious |The Sweet Escape|Loose"
"Entertainment: Books","multiple","easy","Who wrote &quot;A Tale of Two Cities&quot;?","Charles Dickens","Charles Darwin|Mark Twain|Roald Dahl"
"Entertainment: Video Games","multiple","hard","In &quot;Starbound&quot;, what is the max HP of the monster &quot;Punchy&quot;?","50,000 HP","9,000,000 HP|100 HP|150,000 HP"
"History","boolean","hard","The man that shot Alexander Hamilton was named Aaron Burr.","True","False"
"Science: Computers","multiple","medium","Which of the following is a personal computer made by the Japanese company Fujitsu?","FM-7","PC-9801|Xmillennium |MSX"
"Entertainment: Video Games","multiple","medium","In the game &quot;Subnautica&quot;, which feature was removed due to performance issues in 2016?","Terraforming","Building|Crafting|Multiplayer"
"Animals","boolean","medium","Finnish Lapphund dogs were used for herding reindeer.","True","False"
"Entertainment: Video Games","boolean","easy","&quot;Sonic the Hedgehog 2&quot; originally was going to have a time travel system.","True","False"
"Entertainment: Television","boolean","easy","In the Season 1 SpongeBob Squarepants episode, &quot;Help Wanted,&quot; the song &quot;Living in the Sunlight&quot; by Tiny Tim can be heard.","True","False"
"Science: Computers","multiple","easy","Which programming language shares its name with an island in Indonesia?","Java","Python|C|Jakarta"
"Entertainment: Japanese Anime &amp; Manga","multiple","easy","Who is the main character with yellow hair in the anime Naruto?","Naruto","Ten Ten|Sasuke|Kakashi"
"Entertainment: Video Games","multiple","medium","In &quot;Fallout 4&quot;, what is the name of the dog you find at Red Rocket truck stop?","Dogmeat","Sparky|Quazar|Chop"
"Science &amp; Nature","multiple","easy","Which noble gas has the lowest atomic number?","Helium","Neon|Argon|Krypton"
"Entertainment: Music","multiple","medium","Which member of &quot;The Beatles&quot; narrated episodes of &quot;Thomas the Tank Engine&quot;?","Ringo Starr","George Harrison|John Lennon|Paul McCartney"
"Science &amp; Nature","multiple","easy","What is the largest animal currently on Earth?","Blue Whale","Orca|Colossal Squid|Giraffe"
"Science &amp; Nature","boolean","medium","Sound can travel through a vacuum.","False","True"
"Entertainment: Video Games","boolean","medium","David Baszucki was a co-founder of ROBLOX Corporation.","True","False"
"General Knowledge","multiple","easy","Which of these holidays is NOT usually celebrated in the month of December?","Thanksgiving","Christmas|Kwanzaa|Hanukkah"
"Entertainment: Television","multiple","easy","In the TV show &quot;Mad Men&quot;, what was Donald Draper&#039;s birthname?","Richard &quot;Dick&quot; Whitman","Donald Draper|John Ashbury|Michael &quot;Mikey&quot; Wilhelm"
"Entertainment: Japanese Anime &amp; Manga","multiple","medium","In &quot;Toriko&quot;, which of the following Heavenly Kings has an enhanced sense of Hearing?","Zebra","Coco|Sunny|Toriko"
"Entertainment: Music","multiple","medium","The song &quot;Caramelldansen&quot; is commonly mistaken as a Japanese song, what language is the song actually sung in?","Swedish","Hungarian|Finnish|Chinese"
"Entertainment: Cartoon &amp; Animations","multiple","medium","Who voiced Finn in Adventure Time?","Jeremy Shada","Nolan North|John DiMaggio|Tom Kenny"
"Entertainment: Video Games","multiple","hard","Which occupation did John Tanner, the main protagonist for Driver and Driver 2, had before turning into an undercover cop?","Racing Driver","Taxi Driver|Delivery Driver|Getaway Driver"
"Entertainment: Film","multiple","hard","In Youtuber Jerma985&#039;s 2014 film &quot;Rat Movie: Mystery of the Mayan Treasure,&quot; who is the man who tries to steal the Mayan Treasure?","Dick Dastardly Richards","Gabe &quot;The Glue Man&quot; Degrossi|Bootleg Duck Dynasty Byeah Batman|Demon Lord Zeraxos"
"General Knowledge","multiple","easy","Which one of the following rhythm games was made by Harmonix?","Rock Band","Meat Beat Mania|Guitar Hero Live|Dance Dance Revolution"
"Entertainment: Film","multiple","hard","What was the first movie to ever use a Wilhelm Scream?","Distant Drums","Treasure of the Sierra Madre|The Charge at Feather River|Indiana Jones"
"Entertainment: Video Games","multiple","easy","How do you tame a horse in Minecraft?","By continually mounting it","By feeding it Wheat|By feeding it Sugar|By petting it"
"Art","multiple","easy","What is a fundamental element of the Gothic style of architecture?","pointed arch","coffered ceilings|fa&ccedil;ades surmounted by a pediment |internal frescoes"
"Science: Computers","multiple","medium","Which internet company began life as an online bookstore called &#039;Cadabra&#039;?","Amazon","eBay|Overstock|Shopify"
"History","multiple","easy","How was Socrates executed?","Poison","Decapitation|Firing squad|Crucifixion "
"Entertainment: Comics","multiple","medium","In the DC Comics 2016 reboot, Rebirth, which speedster escaped from the Speed Force after he had been erased from existance?","Wally West","Johnny Quick|Jay Garrick|Eobard Thawne"
"History","boolean","easy","United States President John F. Kennedy was assassinated during his presidential motorcade in Atlanta, Georgia on November 22nd, 1963.","False","True"
"Science: Computers","multiple","medium","How many cores does the Intel i7-6950X have?","10","12|8|4"
"Entertainment: Video Games","multiple","medium","What was the code name for the &quot;Nintendo Gamecube&quot;?","Dolphin","Nitro|Revolution|Atlantis"
"Geography","multiple","medium","What is the capital of Senegal?","Dakar","Nouakchott|Conakry|Monrovia"
"Geography","multiple","easy","Which of these African countries list &quot;Spanish&quot; as an official language?","Equatorial Guinea","Guinea|Cameroon|Angola"
"General Knowledge","multiple","medium","What is a dead mall?","A mall with high vacancy rates or low consumer foot traffic","A mall with no stores|A mall that has been condemed|A mall after business hours"
"Entertainment: Japanese Anime &amp; Manga","multiple","easy","What is the name of the stuffed lion in Bleach?","Kon","Jo|Urdiu|Chad"
"Science &amp; Nature","multiple","medium","What is the half-life of Uranium-235?","703,800,000 years","4,300,400,000 years|1,260,900,000 years|Uranium-235 is a stable isotope"
"Science: Mathematics","multiple","medium","In the complex plane, multiplying a given function by i rotates it anti-clockwise by how many degrees?","90","180|270|0"
"Science: Computers","boolean","medium","To bypass US Munitions Export Laws, the creator of the PGP published all the source code in book form. ","True","False"
"Entertainment: Japanese Anime &amp; Manga","multiple","medium","In the ADV (English) Dub of the anime &quot;Ghost Stories&quot;, which character is portrayed as a Pentacostal Christian?","Momoko Koigakubo","Hajime Aoyama|Satsuki Miyanoshita|Mio Itai"
"Entertainment: Music","multiple","medium","What song on ScHoolboy Q&#039;s album Black Face LP featured Kanye West?","THat Part","Neva CHange|Big Body|Blank Face"
"Entertainment: Video Games","multiple","easy","What video game sparked controversy because of its hidden &quot;Hot Coffee&quot; minigame?","Grand Theft Auto: San Andreas","Grand Theft Auto: Vice City|Hitman: Blood Money|Cooking Mama"
"Geography","multiple","medium","What is the highest mountain in the world?","Mt. Everest","Mount Godwin Austen|Kangchenjunga|Annapurna"
"Vehicles","multiple","easy","What UK Train does NOT go over 125MPH?","Sprinter","Class 43|Javelin|Pendolino"
"History","multiple","easy","When was Google founded?","September 4, 1998","October 9, 1997|December 12, 1989|Feburary 7th, 2000"
"Entertainment: Film","multiple","medium","Who played the Cenobite called &quot;Pinhead&quot; in the original Hellraiser films?","Doug Bradley","Doug Jones|Doug Savant|Doug Benson"
"Animals","boolean","easy","The internet browser Firefox is named after the Red Panda.","True","False"
"Science: Computers","boolean","medium","The last Windows operating system to be based on the Windows 9x kernel was Windows 98.","False","True"
"Entertainment: Video Games","multiple","medium","Which of these stages is not playable in &quot;Super Smash Bros. for Wii U&quot;?","Fountain of Dreams","Bridge of Eldin|75m|Miiverse"
"Sports","multiple","easy","The UEFA Champions League is an annual club football competition featuring clubs from which continent?","Europe","South America|Africa|Asia"
"Vehicles","multiple","hard","Which Audi does not use Haldex based all wheel drive system?","Audi A8","Audi TT|Audi S3|Audi A3"
"General Knowledge","multiple","medium","The early part of which decade, did the Goth Subculture begin?","1980s","1990s|2000s|1970s"
"Entertainment: Video Games","multiple","medium","Which franchise had a special event hosted in the popular MMORPG Final Fantasy XIV: A Realm Reborn?","Yo-kai Watch","Pok&eacute;mon|Yu-gi-oh|Buddyfight"
"General Knowledge","multiple","easy","What is the name of the company in Lethal Company?","The Company","Planet Scrap Co.|Lethal Robotics|Gordian Shipping Co."
"Entertainment: Books","multiple","medium","Which novel by John Grisham was conceived on a road trip to Florida while thinking about stolen books with his wife?","Camino Island","Rogue Lawyer|Gray Mountain|The Litigators"
"Entertainment: Video Games","multiple","medium","Which of the following characters were considered for inclusion in Super Smash Bros. Melee?","Lucas","Mega Man|Meta Knight|Diddy Kong"
"Entertainment: Comics","multiple","medium","What otherworldly land does Thor come from?","Asgard","Midgard|Jotunheim|Sovengarde"
"Entertainment: Film","multiple","medium","Who performed the opening theme song for the James Bond 007 movie &quot;Goldfinger&quot;?","Shirley Basey","Tom Jones|John Barry|Sheena Easton"
"History","multiple","hard","In addition to his career as an astrologer and &quot;prophet&quot;, Nostradamus published a 1555 treatise that included a section on what?","Making jams and jellies","Teaching parrots to talk|Cheating at card games|Digging graves"
"Entertainment: Music","multiple","hard","Electronic artists Boys Noize and Skrillex have collaborated and released tracks under what name?","Dog Blood","Jack &Uuml;|What So Not|Noisia"
"Entertainment: Books","multiple","medium","What is the fourth book of the Old Testament?","Numbers","Genesis|Exodus|Leviticus"
"Entertainment: Film","boolean","medium","The movie &quot;Tron&quot; received an Oscar nomination for Best Visual Effects.","False","True"
"Geography","multiple","easy","What country has a horizontal bicolor red and white flag?","Monaco","Bahrain|Malta|Liechenstein"
"Science &amp; Nature","multiple","medium","Deuterium is an isotope of which element?","Hydrogen","Nitrogen|Helium|Neon"
"Entertainment: Video Games","multiple","medium","In the &quot;Call Of Duty: Zombies&quot; map &quot;Origins&quot;, how many numbered power generators are there?","6","8|5|3"
"Entertainment: Video Games","multiple","easy","In World of Warcraft, What was the original level cap?","60","70|50|100"
"Entertainment: Books","multiple","medium","What position does Harry Potter play in Quidditch?","Seeker","Beater|Chaser|Keeper"
"Entertainment: Cartoon &amp; Animations","multiple","medium","In &quot;My Little Pony: Friendship is Magic&quot;, which of these ponies represents the quality of honesty?","Applejack","Twilight Sparkle|Pinkie Pie|Rarity"
"Entertainment: Books","multiple","medium","In the Lord of the Rings, who is the father of the dwarf Gimli?","Gloin","Thorin Oakenshield|Bombur|Dwalin"
"History","multiple","hard","Before the American colonies switched to the Gregorian calendar in 1752, on what date did their new year start?","March 25th","June 1st|September 25th|December 1st"
"Entertainment: Japanese Anime &amp; Manga","multiple","easy","In the anime &quot;My Hero Academia&quot;, which character is shown with the ability to manipulate gravity?","Uraraka","Bakugo|Deku|Asui "
"Entertainment: Television","multiple","medium","What year was Netflix founded?","1997","1999|2004|2001"
"Entertainment: Video Games","boolean","hard","McCree from Overwatch originally started as a character that was going to appear in a scrapped Starcraft game.","True","False"
"Entertainment: Music","multiple","medium","What is the first track on Kanye West&#039;s 808s &amp; Heartbreak?","Say You Will","Welcome to Heartbreak|Street Lights|Heartless"
"Entertainment: Music","multiple","hard","Dallon Weekes, former touring basist of Panic! At the Disco, created his own band in 2016 called...","I Don&#039;t Know How But They Found Me","Cheats At Hide And Seek|Where Did You All Come From?|Run Away From The People"
"General Knowledge","multiple","medium","In what year did Halley&#039;s Comet, which will not appear again until the year 2061, previously approach Earth?","1986","2001|1942|1909"
"General Knowledge","multiple","medium","Earl Grey tea is black tea flavoured with what?","Bergamot oil","Lavender|Vanilla|Honey"
"Entertainment: Television","multiple","medium","How long was Ken Jennings&#039; win streak on Jeopardy?","74","88|49|62"
"Entertainment: Film","multiple","medium","How much money did the 2019 Marvel movie &quot;Avengers: Endgame&quot; gross for it&#039;s record-breaking worldwide opening weekend?","1.2 billion USD","640 million USD|456 million USD|392 million USD"
"Sports","boolean","medium","Wilt Chamberlain scored his infamous 100-point-game against the New York Knicks in 1962.","True","False"
"General Knowledge","multiple","easy","What geometric shape is generally used for stop signs?","Octagon","Hexagon|Circle|Triangle"
"Entertainment: Music","multiple","medium","Which member of the British pop group &quot;The Spice Girls&quot; was known as Ginger Spice?","Geri Halliwell","Melanie Brown|Emma Bunton|Victoria Beckham"
"Science &amp; Nature","multiple","medium","Which psychological term refers to the stress of holding contrasting beliefs?","Cognitive Dissonance","Flip-Flop Syndrome|Split-Brain|Blind Sight"
"Entertainment: Japanese Anime &amp; Manga","multiple","medium","When was the first episode of Soul Eater released?","2008","2003|2005|2011"
"Entertainment: Video Games","multiple","medium","The rights to the &quot;Rayman&quot; series are owned by which company?","Ubisoft","Nintendo|EA|Sony"
"Entertainment: Comics","multiple","medium","Which of the following superheros did Wonder Woman NOT have a love interest in?","Green Arrow","Superman|Batman|Steve Trevor"
"History","multiple","medium","Which of these countries was NOT a part of the Soviet Union?","Afghanistan","Turkmenistan|Kazakhstan|Uzbekistan"
"Entertainment: Video Games","boolean","easy","Donkey Kong was originally set to be a Popeye arcade game.","True","False"
"Science: Computers","multiple","medium","The computer OEM manufacturer Clevo, known for its Sager notebook line, is based in which country?","Taiwan","United States|Germany|China (People&#039;s Republic of)"
"Entertainment: Film","multiple","hard","In order to cut costs, what were most of the extras of Mad Max (1979) paid with?","Beer","Fast food|Food stamps|They weren&#039;t paid"
"Entertainment: Video Games","multiple","medium","What was the main currency in Club Penguin?","Coins","Stamps|Tickets|Gems"
"Entertainment: Cartoon &amp; Animations","multiple","easy","Who created the Cartoon Network series &quot;Adventure Time&quot;?","Pendleton Ward","J. G. Quintel|Ben Bocquelet|Rebecca Sugar"
"History","multiple","hard","List the following Iranic empires in chronological order:","Median, Achaemenid, Parthian, Sassanid","Median, Achaemenid, Sassanid, Parthian|Achaemenid, Median, Parthian, Sassanid|Achaemenid, Median, Sassanid, Parthian"
"Entertainment: Video Games","multiple","medium","Which of the following is not a prosecutor in the &quot;Ace Attorney&quot; video game series?","Jake Marshall","Godot|Miles Edgeworth|Jacques Portsman"
"Geography","multiple","medium","Which of the following countries does NOT recognize Armenia as an independent country?","Pakistan","Iran|Turkey|Azerbaijan"
"General Knowledge","multiple","medium","Where did the pineapple plant originate?","South America","Hawaii|Europe|Asia"
"History","multiple","medium","The Panama Canal was finished under the administration of which U.S. president?","Woodrow Wilson","Franklin Delano Roosevelt|Herbert Hoover|Theodore Roosevelt"
"Geography","multiple","easy","Which of the following languages does NOT use the Latin alphabet?","Georgian","Turkish|Swahili|Vietnamese"
"Entertainment: Music","multiple","hard","In the metal band Slipknot, there are 9 members, which member labelled themselves number 6? ","Shawn Crahan (Clown)","Sid Wilson|Cory Taylor|Mick Thomson"
"History","multiple","easy","Which one of these tanks was designed and operated by the United Kingdom?","Tog II","M4 Sherman|Tiger H1|T-34"
"Entertainment: Music","multiple","hard","Which M83 album is the song &quot;Midnight City&quot; featured in?","Hurry Up, We&#039;re Dreaming","Saturdays = Youth|Before the Dawn Heals Us|Junk"
"Science &amp; Nature","boolean","medium","A defibrillator is used to start up a heartbeat once a heart has stopped beating.","False","True"
"Entertainment: Video Games","multiple","hard","Which of the four empires in  Eve Online was the first to achieve faster than light travel?","Amarr Empire","Caldari State|Gallente Federation|Minmatar Republic"
"History","multiple","medium","When did O, Canada officially become the national anthem?","1980","1950|1920|1880"
"Entertainment: Video Games","multiple","medium","In the &quot;Halo&quot; franchise, in what country is New Mombasa?","Kenya","India|Turkey|Slovakia"
"General Knowledge","multiple","easy","The New York Times slogan is, &ldquo;All the News That&rsquo;s Fit to&hellip;&rdquo;","Print","Digest|Look|Read"
"Entertainment: Video Games","multiple","medium","Which of these weapons is NOT available to the Terrorist team in the game, &quot;Counter-Strike: Global Offensive&quot;?","SCAR-20","SG 550|CZ-75|XM1014"
"Science: Mathematics","boolean","easy","The sum of any two odd integers is odd.","False","True"
"Entertainment: Video Games","multiple","medium","Which of these games takes place in the Irish town of Doolin, with the option to play as one of the characters, Ellen and Keats?","Folklore","Shadow of the Colossus|ICO|Beyond Good &amp; Evil"
"Entertainment: Video Games","multiple","hard","What is the name of the alien species introduced in Shadow the Hedgehog (2005)?","Black Arms","The Swarm|Black Hive|The Eclipse"
"History","multiple","medium","Which of the following ancient Near Eastern peoples still exists as a modern ethnic group?","Assyrians","Babylonians|Hittites|Elamites"
"Entertainment: Music","boolean","easy","Scatman John&#039;s real name was John Paul Larkin.","True","False"
"Mythology","multiple","medium","A minotaur is half human half what?","Bull","Cow|Horse|Eagle"
"Entertainment: Video Games","multiple","easy","In The Elder Scrolls: Oblivion, the horse that goes by the name Shadowmere is given by what guild?","Dark Brotherhood","Thieves|Fighters|Mages"
"Entertainment: Japanese Anime &amp; Manga","multiple","hard","Which person from &quot;JoJo&#039;s Bizarre Adventure&quot; does NOT house a reference to a band, artist, or song earlier than 1980?","Giorno Giovanna","Josuke Higashikata|Jolyne Cujoh|Johnny Joestar"
"Sports","multiple","medium","Who won the &quot;Champions League&quot; in 1999?","Manchester United","Barcelona|Bayern Munich|Liverpool"
"Entertainment: Film","multiple","medium","Who played Baron Victor Frankestein in the 1957 Hammer horror film &quot;The Curse of Frankenstein&quot;?","Peter Cushing","Boris Karloff|Vincent Price|Lon Chaney Jr."
"Politics","multiple","hard","Which of these was an official candidate in the 2017 British General Election?","Lord Buckethead","James Francis|Robert Wimbledon|Sir Crumpetsby"
"General Knowledge","multiple","medium","Which American manufactured submachine gun was informally known by the American soldiers that used it as &quot;Grease Gun&quot;?","M3","Colt 9mm|Thompson|MAC-10"
"Geography","boolean","medium","The Southeast Asian island of Borneo is politically divided among 3 countries.","True","False"
"General Knowledge","multiple","easy","Foie gras is a French delicacy typically made from what part of a duck or goose?","Liver","Heart|Stomach|Intestines"
"Entertainment: Video Games","multiple","medium","In the Portal series of games, who was the founder of Aperture Science?","Cave Johnson","GLaDOs|Wallace Breen|Gordon Freeman"
"Entertainment: Video Games","multiple","easy","In Danganronpa: Trigger Happy Havoc, what is the protagonist&#039;s name?","Makoto Naegi","Hajime Hinata|Nagito Komaeda|Komaru Naegi"
"Geography","multiple","easy","What is the smallest country in the world?","Vatican City","Maldives|Monaco|Malta"
"Entertainment: Video Games","multiple","easy","Which Final Fantasy game consisted of a female-only cast of party members?","Final Fantasy X-2","Final Fantasy IX|Final Fantasy V|Final Fantasy XIII-2"
"Sports","multiple","medium","What is Tiger Woods&#039; all-time best career golf-score?","61","65|63|67"
"Entertainment: Video Games","multiple","hard","Which monster in &quot;Monster Hunter Tri&quot; was causing earthquakes in Moga Village?","Ceadeus","Alatreon|Rathalos|Lagiacrus"
"Entertainment: Video Games","multiple","medium","In what Half-Life expansion can you find Gordon&#039;s picture in an &quot;Employee of the Month&quot; picture frame?","Half-Life: Opposing Force","Half-Life: Blue Shift|Half-Life: Decay|They Hunger"
"Entertainment: Television","boolean","easy","&quot;The Simpsons&quot; family is named after creator Matt Groening&#039;s real family.","True","False"
"Entertainment: Film","multiple","medium","What Queen song plays during the final fight scene of the film &quot;Hardcore Henry&quot;?","Don&#039;t Stop Me Now","Brighton Rock|Another Bites the Dust|We Will Rock You"
"Celebrities","multiple","medium","Paul McCartney has always used his middle name. What is his real first name? ","James","John|Jack|Justin"
"Entertainment: Music","multiple","easy","Which of these is NOT the name of an album released by English singer-songwriter Adele?","12","19|21|25"
"Entertainment: Video Games","multiple","medium","When was &quot;Garry&#039;s Mod&quot; released?","December 24, 2004","November 13, 2004|December 13, 2004|November 12, 2004"
"Entertainment: Video Games","multiple","hard","In Diablo lore, this lesser evil spawned from one of the seven heads of Tathamet, and was known as the Maiden of Anguish.","Andariel","Valla|Malthael|Kashya"
"History","multiple","hard","Pianist Fr&eacute;d&eacute;ric Chopin was a composer of which musical era?","Romantic","Classic|Baroque|Renaissance"
"Entertainment: Video Games","multiple","medium","In which year did the first Monster Hunter game get released?","2004","2006|2005|2002"
"Entertainment: Japanese Anime &amp; Manga","multiple","medium","In &quot;One Piece&quot;, which one of the following is NOT an Ancient Weapon?","Jupiter","Uranus|Poseidon|Pluton"
"Entertainment: Video Games","multiple","easy","What game was used to advertise Steam?","Counter-Strike 1.6","Half-Life|Half-Life 2|Team Fortress"
"General Knowledge","multiple","hard","If you planted the seeds of Quercus robur, what would grow?","Trees","Grains|Vegetables|Flowers"
"General Knowledge","multiple","medium","On average, Americans consume 100 pounds of what per second?","Chocolate","Potatoes|Donuts|Cocaine"
"History","multiple","medium","Who was the leader of Sweden in the Great Northern War?","Charles XII","Per Albin Hansson|Peter the Great|Gustavus Adolphus"
"Entertainment: Cartoon &amp; Animations","multiple","hard","In &quot;Rick and Morty&quot;, from which dimension do Rick and Morty originate from?","C-137","J1977|C-136|C500-a"
"Entertainment: Music","multiple","easy","&quot;Hallelujah&quot; is a song written by which Canadian recording artist?","Leonard Cohen","Kory Lefkowits|Ryan Letourneau |Justin Bieber "
"Entertainment: Television","multiple","medium","In the Black Mirror episode &quot;Bandersnatch&quot;, PAC-MAN stands for:","Program And Control Man","Postgraduate Aplications Centre Man|Political Action Committee Man|Physics &amp; Astronomy Classification Man"
"Science: Computers","multiple","medium","Which operating system was released first?","Mac OS","Windows|Linux|OS/2"
"Sports","multiple","medium","In Formula 1, the Virtual Safety Car was introduced following the fatal crash of which driver?","Jules Bianchi","Ayrton Senna|Ronald Ratzenberger|Gilles Villeneuve"
"Entertainment: Music","multiple","medium","On the cover of &#039;Abbey Road,&#039; which of the Beatles is not wearing shoes?","Paul McCartney","Ringo Starr|John Lennon|George Harrison"
"Entertainment: Video Games","multiple","easy","What does IWHBYD stand for on the skull in the Halo series?","I Would Have Been Your Daddy","I Wanna Have Babies You Down|I Would Hate Being Your Driver|I Would Have Bought Your Dog"
"Entertainment: Video Games","boolean","hard","Danganronpa 2: Goodbye Despair featured all of the surviving students from the first game.","False","True"
"History","multiple","hard","The coat of arms of the King of Spain contains the arms from the monarchs of Castille, Leon, Aragon and which other former Iberian kingdom?","Navarre","Galicia|Granada|Catalonia"
"Entertainment: Film","multiple","medium","The 1939 movie &quot;The Wizard of Oz&quot; contained a horse that changed color, what material did they use to achieve this effect?","Gelatin","Dye|Paint|CGI Effect"
"Art","multiple","medium","Which artist painted &ldquo;The Treachery of Images,&rdquo; a painting of a pipe with the description &quot;this is not a pipe&quot;?","Magritte","Matisse|Modigliani|Munch "
"General Knowledge","multiple","easy","In which cardinal direction does the Sun rise from?","East","West|North|South"
"Entertainment: Books","multiple","medium","Who wrote the 1967 horror novel &quot;Rosemary&#039;s Baby&quot;?","Ira Levin","Stephen King|Robert Bloch|Mary Shelley"
"Entertainment: Video Games","multiple","medium","How many Star Spirits do you rescue in the Nintendo 64 video game &quot;Paper Mario&quot;?","7","5|10|12"
"Geography","multiple","medium","Which of these American cities has fewer than 1,000,000 people?","San Francisco, California","Phoenix, Arizona|San Antonio, Texas|Philadelphia, Pennsylvania"
"General Knowledge","multiple","medium","According to the BBPA, what is the most common pub name in the UK?","Red Lion","Royal Oak|White Hart|King&#039;s Head"
"General Knowledge","multiple","medium","Which country drives on the left side of the road?","Japan","Germany|Russia|China"
"General Knowledge","multiple","easy","Who is the author of Jurassic Park?","Michael Crichton","Peter Benchley|Chuck Paluhniuk|Irvine Welsh"
"Entertainment: Video Games","multiple","easy","In the video game franchise &quot;Halo&quot;, what is the UNSC&#039;s main opposing faction called?","The Covenant","The Reckoning|The Peoples|The Slaughterers"
"Science: Mathematics","multiple","hard","The notion of a &quot;set that contains all sets which do not contain themselves&quot; is a paradoxical idea attributed to which English philosopher?","Bertrand Russel","Francis Bacon|John Locke|Alfred North Whitehead"
"Animals","multiple","medium","Cashmere is the wool from which kind of animal?","Goat","Sheep|Camel|Llama"
"Entertainment: Books","multiple","easy","George Orwell wrote this book, which is often considered a statement on government oversight.","1984","The Old Man and the Sea|Catcher and the Rye|To Kill a Mockingbird"
"Mythology","boolean","medium","The Japanese god Izanagi successfully returned his wife Izanami from the Underworld.","False","True"
"History","multiple","medium","What year did Australia become a federation?","1901","1910|1899|1911"
"Animals","multiple","medium","The now extinct species &quot;Thylacine&quot; was native to where?","Tasmania, Australia","Baluchistan, Pakistan|Wallachia, Romania|Oregon, United States"
"History","multiple","easy","What is the historical name of Sri Lanka?","Ceylon","Myanmar|Colombo|Badulla"
"Vehicles","multiple","medium","Which of these cars is NOT considered one of the 5 Modern Supercars by Ferrari?","Testarossa","Enzo Ferrari|F40|288 GTO"
"Entertainment: Video Games","multiple","medium","What&#039;s the famous line Vaas says in &quot;Far Cry 3&quot;?","Did I ever tell you the definition of Insanity?","Have I failed to entertain you?|You&#039;re my b*tch!|Maybe your best course...would be to tread lightly."
"Science: Computers","multiple","hard","What does the International System of Quantities refer 1024 bytes as?","Kibibyte","Kylobyte|Kilobyte|Kelobyte"
"Vehicles","boolean","medium","Ferrari has never made a V10 engine for any of its cars.","False","True"
"Entertainment: Music","multiple","easy","&quot;Doctor Jones&quot;, &quot;Turn Back Time&quot; and &quot;Barbie Girl&quot; were UK number ones for which Eurodance group?","Aqua","Vengaboys|Eiffel 65|Sash!"
"Entertainment: Music","multiple","medium","Which of these women is not a member of the Korean girl group TWICE?","Kang Seulgi","Myoui Mina|Kim Dahyun|Hirai Momo"
"Entertainment: Music","multiple","easy","Which brass instrument has the lowest pitch in an orchestra?","Tuba","Trumpet|Saxophone|Trombone"
"History","multiple","medium","Which U.S. President was famously &#039;attacked&#039; by a swimming rabbit?","Jimmy Carter","Ronald Reagan|Lydon B. Johnson|Gerald Ford"
"Entertainment: Video Games","multiple","medium","How many permanent companions are there in the base game version of Fallout: New Vegas?","8","7|9|6"
"Animals","multiple","easy","Hippocampus is the Latin name for which marine creature?","Seahorse","Dolphin|Whale|Octopus"
"Entertainment: Film","multiple","medium","Which actor plays the character &quot;Tommy Jarvis&quot; in &quot;Friday the 13th: The Final Chapter&quot; (1984)?","Corey Feldman","Macaulay Culkin|Mel Gibson|Mark Hamill"
"Art","multiple","medium","What nationality was the surrealist painter Salvador Dali?","Spanish","Italian|French|Portuguese"
"Entertainment: Video Games","boolean","easy","In the Super Mario series, the character Pauline is a Princess like Princess Peach.","False","True"
"Entertainment: Books","multiple","medium","Which poet wrote &quot;The Ballad of Reading Gaol&quot; whilst imprisoned for being gay?","Oscar Wilde","Lord Byron|William Blake|Wilfred Owen"
"Vehicles","multiple","medium","What country is the Hussarya supercar, made by the car manufacturer &quot;Arrinera&quot;, assembled in?","Poland","China|Sweden|Italy"
"Vehicles","boolean","medium","The snowmobile was invented by Canadian Joseph-Armand Bombardier in 1937.","True","False"
"Entertainment: Cartoon &amp; Animations","multiple","easy","Which of these characters live in a pineapple under the sea in the cartoon &quot;SpongeBob SquarePants&quot;.","SpongeBob SquarePants ","Patrick Star|Squidward Tentacles|Mr. Krabs"
"General Knowledge","multiple","hard","Which of these banks are NOT authorized to issue currency notes in Hong Kong?","OCBC","HSBC|Standard Chartered|Bank of China"
"History","multiple","medium","Joseph Stalin had a criminal past doing what?","Robbing Trains","Murder for Hire|Tax Evasion|Identity Fraud"
"Animals","multiple","medium","For what reason would a spotted hyena &quot;laugh&quot;?","Nervousness","Excitement|Aggression|Exhaustion"
"Entertainment: Books","boolean","easy","Shub-Niggurath is a creature that was created by J. R. R. Tolkien in his novel &quot;The Lord of The Rings&quot;.","False","True"
"Entertainment: Film","multiple","medium","Who voices the main character Blu in the 2011 animated film &quot;Rio&quot;?","Jesse Eisenberg","Michael Cera|Jonah Hill|Zach Galifianakis"
"History","multiple","hard","What was the name of the German offensive operation in October 1941 to take Moscow before winter?","Operation Typhoon","Operation Sunflower|Operation Barbarossa|Case Blue"
"Entertainment: Film","multiple","medium","Velma Kelly and Roxie Hart are the protagonists of which Oscar winning movie?","Chicago","Dreamgirls|Cabaret|All That Jazz"
"General Knowledge","multiple","easy","How many letters are in the English alphabet?","26","30|17|5"
"General Knowledge","boolean","medium","&quot;Buffalo buffalo Buffalo buffalo buffalo buffalo Buffalo buffalo.&quot; is a grammatically correct sentence.","True","False"
"Entertainment: Board Games","multiple","medium","In poker, &quot;EV&quot; means what?","Expected Value","Equity Value|Equivalent Variation|Equity Variation"
"Entertainment: Video Games","multiple","medium","Which of these is NOT a terrorist faction in Counter-Strike (2000)?","Midwest Militia","Phoenix Connection|Elite Crew|Guerrilla Warfare"
"Entertainment: Video Games","multiple","medium","Which of these game franchises were made by Namco?","Tekken","Street Fighter|Mortal Kombat|Dragon Quest"
"Entertainment: Comics","multiple","easy","Which planet did Superman come from?","Krypton","Avalon|Xolnar|Starhaven"
"General Knowledge","multiple","easy","What zodiac sign is represented by a pair of scales?","Libra","Aries|Capricorn|Sagittarius"
"Celebrities","multiple","easy","By what name is Carlos Estevez better known? ","Charlie Sheen","Ricky Martin|Bruno Mars|Joaquin Phoenix"
"Entertainment: Video Games","boolean","medium","In &quot;Mother 3,&quot; the bird on the Ultimate Chimera&#039;s head is there only for decoration.","False","True"
"Entertainment: Video Games","multiple","easy","What was the release date of &quot;Grand Theft Auto IV&quot;?","April 29, 2008","May 21, 2009|June 22, 2010|July 28, 2008"
"Entertainment: Cartoon &amp; Animations","multiple","medium","In the animated series RWBY, what is the name of the weapon used by Weiss Schnee?","Myrtenaster","Gambol Shroud|Crescent Rose|Ember Celica"
"Science &amp; Nature","multiple","easy","What is the powerhouse of the cell?","Mitochondria","Ribosome|Redbull|Nucleus"
"Sports","multiple","easy","Who is often called &quot;the Maestro&quot; in the men&#039;s tennis circuit?","Roger Federer","Bill Tilden|Boris Becker|Pete Sampras"
"Entertainment: Video Games","multiple","medium","In what year was &quot;Super Mario Sunshine&quot; released?","2002","2003|2000|2004"
"Entertainment: Board Games","multiple","medium","Who was the first official world chess champion?","Wilhelm Steinitz","Jos&eacute; Ra&uacute;l Capablanca|Emanuel Lasker|Bobby Fischer"
"Entertainment: Music","multiple","medium","What was Radiohead&#039;s first album?","Pablo Honey","The Bends|Kid A|A Moon Shaped Pool"
"Geography","multiple","medium","Which of the following is NOT a capital city?","Sydney","Cairo|Moscow|Beijing"
"Entertainment: Video Games","multiple","hard","In the Zombies mode of &quot;Call of Duty: Black Ops&quot;, what is the &quot;Pack-A-Punched&quot; version of the &quot;Galil&quot; called?","Lamentation","Galvanized Atomic Lead Insertion Liquidator|Gabig|Predictive Death Wish"
"Entertainment: Video Games","boolean","easy","The protagonist of Dead Rising 3 is called Chuck Greene.","False","True"
"Geography","multiple","hard","What city is known as the Rose Capital of the World?","Tyler, Texas","San Diego, California|Miami, Florida|Anaheim, California"
"General Knowledge","boolean","medium","The word &quot;news&quot; originates from the first letters of the 4 main directions on a compass (North, East, West, South).","False","True"
"Entertainment: Television","multiple","hard","In 2008, British celebrity chef Gordon Ramsay believes he almost died after suffering what accident in Iceland while filming?","Slipping off a cliff, and nearly drowning in icy water","Crash landing when arriving at Keflav&iacute;k airport|A minor car accident in a snowstorm|Being served under-cooked chicken at his hotel"
"Entertainment: Video Games","multiple","easy","What game mode was not in the original &quot;Wii Sports&quot;?","Table Tennis","Boxing|Baseball|Bowling"
"Entertainment: Video Games","multiple","medium","In Night in the Woods, which instrument did Casey play?","Drums","Bass|Piano|Sax"
"Entertainment: Video Games","multiple","easy","What Ultimate does Makoto Naegi, protagonist of Danganronpa: Trigger Happy Havoc, have? ","Ultimate Lucky Student","Ultimate Unlucky Student|Ultimate Detective|Ultimate Runner"
"Art","multiple","hard","What was the first successful and commercially viable photographic technique?","The Daguerreotype","Collodion process|The Turin Shroud|Kodachrome film"
"Entertainment: Music","multiple","medium","Pink Floyd made this song for their previous lead singer Syd Barrett.","Shine On You Crazy Diamond","Wish You Were Here|Have A Cigar|Welcome to the Machine"
"Science &amp; Nature","multiple","medium","How many officially recognized dwarf planets in the solar system are named after Polynesian deities?","2","0|1|5"
"Entertainment: Video Games","multiple","hard","In &quot;Call Of Duty: Zombies&quot;, &quot;Richtofen&quot; is in possession of two filled blood vials belonging to who?","Sal DeLuca and Finn O&#039;Leary","Richtofen|Al Arlington and Sal DeLuca|Jessica Rose and Jack Vincent"
"Entertainment: Comics","boolean","medium","The X-Men&#039;s Storm and Nightcrawler were originally planned to be characters in DC Comics&#039; Legion of Super-Heroes.","True","False"
"History","multiple","hard","The pantheon in Rome was used to worship what god?","Any god they wanted","Athena|Zeus|Both Athena and Zeus"
"History","multiple","easy","Who was among those killed in the 2010 Smolensk, Russia plane crash tragedy?","The Polish President","Pope John Paul II|Bang-Ding Ow|Albert Putin"
"Entertainment: Video Games","multiple","medium","Which one of the following actors did not voice a character in &quot;Saints Row: The Third&quot;?","Ron Jeremy","Sasha Grey|Burt Reynolds|Hulk Hogan"
"Entertainment: Video Games","multiple","hard","The &#039;D&#039; in the term &quot;D-Mail&quot; from the game &quot;Steins; Gate&quot; is short for what?","DeLorean","Deep|Demo|Dev"
"History","boolean","medium","Theodore Roosevelt Jr. was the only General involved in the initial assault on D-Day.","True","False"
"History","multiple","easy","What was the name commonly given to the ancient trade routes that connected the East and West of Eurasia?","Silk Road","Spice Road|Clay Road|Salt Road"
"Entertainment: Film","multiple","hard","What is the name of the assassin in the first &quot;Hellboy&quot; movie?","Karl Ruprecht Kroenen","Klaus Werner von Krupt|Grigori Efimovich Rasputin|Ilsa Haupstein"
"Entertainment: Video Games","boolean","medium","Hidden in the files for &quot;Mario Kart Arcade GP&quot; is a picture of the Beslan school hostage crisis.","True","False"
"Entertainment: Board Games","multiple","easy","Which of these board games do NOT utilize standard 6-sided dice?","The Game of Life","Monopoly|Risk|Snakes and Ladders"
"Art","boolean","hard","The Statue of Liberty&#039;s official name is &ldquo;Liberty Enlightening the World&rdquo;.","True","False"
"Entertainment: Video Games","multiple","medium","According to Overwatch&#039;s lore, who was once a member of the Deadlock Gang?","McCree","Roadhog|Soldier 76|Junkrat"
"History","multiple","medium","When did Jamaica receive its independence from England? ","1962","1492|1963|1987"
"Science: Gadgets","multiple","easy","Which buzzword did Apple Inc. use to describe their removal of the headphone jack?","Courage","Innovation|Revolution|Bravery"
"Entertainment: Film","multiple","medium","Which animated film did Steven Lisberger direct in 1980 before going on to direct Tron?","Animalympics","The Fox and the Hound|The Black Cauldron|The Great Mouse Detecive"
"Entertainment: Film","multiple","medium","In the film &quot;Requiem for a Dream&quot;, what drug does Jared Leto&#039;s character get addicted to?","Heroin","Cocaine|Marijuana|Oxycodone"
"History","multiple","medium","Which of the following Assyrian kings did NOT rule during the Neo-Assyrian Empire?","Shamshi-Adad III","Shalmaneser V|Esharhaddon|Ashur-nasir-pal II"
"Entertainment: Film","multiple","medium","In the Mad Max franchise, what type of car is the Pursuit Special driven by Max?","Ford Falcon","Holden Monaro|Chrysler Valiant Charger|Pontiac Firebird"
"Entertainment: Video Games","multiple","medium","What were the first two Pok&eacute;mon games released?","Red and Green","Red and Blue|Green and Blue|Red and Yellow"
"Entertainment: Video Games","multiple","medium","What was the original name of  &quot;Minecraft&quot;?","Cave Game","Minecraft: Order of the Stone|Dig And Build|Infiniminer"
"Entertainment: Cartoon &amp; Animations","multiple","hard","Benny, Brain, Fancy-Fancy, Spook and Choo-Choo were known associates of what Hanna Barbera cartoon character?","Top Cat","Yogi Bear|Snagglepuss|Scooby-Doo"
"Entertainment: Music","multiple","easy","Where does the Mac part of the name Fleetwood Mac come from?","John McVie","Christine McVie|Mac McAnally|David Tennant"
"Entertainment: Film","multiple","medium","In Finding Nemo, what was the name of Nemo&#039;s mom?","Coral","Sandy|Pearl|Shelly"
"Entertainment: Video Games","multiple","medium","In the game series &quot;The Legend of Zelda&quot;, what was the first 3D game?","Ocarina of Time","Majora&#039;s Mask|A Link to the Past|The Wind Waker"
"Entertainment: Music","multiple","easy","Brian May was the guitarist for which band?","Queen","Pink Floyd|Rolling Stones|The Doors"
"Entertainment: Music","multiple","medium","Which of these is the name of an American psychedelic rock band formed in 2002 by Benjamin Goldwasser and Andrew VanWyngarden?","MGMT","MSTRKRFT|STRFKR|SBTRKT"
"Entertainment: Video Games","multiple","medium","In the video game &quot;League of Legends&quot; which character is known as &quot;The Sinister Blade&quot;?","Katarina","Shaco|Akali|Zed"
"Entertainment: Film","multiple","medium","In Mulan (1998), who is the leader of the Huns?","Shan Yu","Chien-Po|Li Shang|Fa Zhou"
"Science: Computers","boolean","easy","In most programming languages, the operator ++ is equivalent to the statement &quot;+= 1&quot;.","True","False"
"Entertainment: Music","boolean","easy","Muse is a British (English) rock band","True","False"
"General Knowledge","boolean","easy","A scientific study on peanuts in bars found traces of over 100 unique specimens of urine.","False","True"
"Entertainment: Music","multiple","medium","Who is the lead singer of the Smashing Pumpkins?","Billy Corgan","Brett Scallions|Eddie Vedder|Chino Moreno"
"Entertainment: Video Games","boolean","easy","Minecraft can be played with a virtual reality headset.","True","False"
"Entertainment: Film","multiple","medium","Who directed the 1973 film &quot;American Graffiti&quot;?","George Lucas","Ron Howard|Francis Ford Coppola|Steven Spielberg"
"History","multiple","hard","In which year did the Tokyo Subway Sarin Attack occur?","1995","2001|2011|1991"
"Entertainment: Music","multiple","easy","The tuba is a part of which musical family?","Brass","Percussion|Strings|Woodwind"
"Entertainment: Film","multiple","medium","This movie contains the quote, &quot;I love the smell of napalm in the morning!&quot;","Apocalypse Now","Platoon|The Deer Hunter|Full Metal Jacket"
"Entertainment: Music","boolean","medium","&quot;The Division Bell&quot; is the final album of the progressive rock band Pink Floyd.","False","True"
"Politics","boolean","easy","In 2016, the United Kingdom voted to stay in the EU.","False","True"
"Geography","multiple","easy","Which country features a maple leaf on its flag?","Canada","Mexico|Brazil|India"
"Entertainment: Video Games","multiple","medium","In the &quot;Call Of Duty: Zombies&quot; map &quot;Der Riese&quot;, what is the name of the &quot;Pack-A-Punched PPSH-41&quot;?","The Reaper","Lamentation|The Grim Reaper|The Eviscerator  "
"Sports","boolean","easy","Shaquille O&rsquo;Neal has only made one three pointer in his career.","True","False"
"Geography","multiple","medium","The Pyrenees mountains are located on the border of which two countries?","France and Spain","Italy and Switzerland|Norway and Sweden|Russia and Ukraine"
"Art","multiple","easy","Which artist painted the late 15th century mural &#039;The Last Supper&#039;?","Leonardo da Vinci","Piero della Francesca|Paolo Uccello|Luca Pacioli"
"Entertainment: Film","multiple","hard","What did Alfred Hitchcock use as blood in the film &quot;Psycho&quot;? ","Chocolate syrup","Ketchup|Red food coloring|Maple syrup"
"Entertainment: Video Games","boolean","hard","In &quot;The Sims&quot; series, the most members in a household you can have is 8.","True","False"
"Politics","multiple","easy","Which former US president was nicknamed &quot;Teddy&quot; after he refused to shoot a defenseless black bear?","Theodore Roosevelt","Woodrow Wilson|James F. Fielder|Andrew Jackson"
"Entertainment: Film","multiple","easy","The Queen song `A Kind Of Magic` is featured in which 1986 film?","Highlander","Flash Gordon|Labyrinth|Howard the Duck"
"Entertainment: Music","multiple","hard","Who was the previous drummer of blink-182 before Travis Barker?","Scott Raynor","Atom Willard|Ilan Rubin|Derek Grant"
"Entertainment: Board Games","boolean","easy","&quot;PAYDAY: The Heist&quot; is a sequel to the board game &quot;Payday&quot;.","False","True"
"Entertainment: Cartoon &amp; Animations","multiple","hard","Who played Stan&#039;s dog in the South Park episode &quot;Big Gay Al&#039;s Big Gay Boat Ride&quot;?","George Clooney","Jay Leno|Matt Stone|Robert Smith"
"Entertainment: Cartoon &amp; Animations","multiple","easy","Who is Winnie the Pooh&#039;s gloomy donkey friend?","Eeyore","Piglet|Tigger|Kanga"
"Entertainment: Television","multiple","easy","Grant Gustin plays which superhero on the CW show of the same name?","The Flash","The Arrow|Black Canary|Daredevil"
"Entertainment: Musicals &amp; Theatres","multiple","hard","In Les Mis&eacute;rables, who is Prison Code 24601?","Jean Valjean","Marius Pontmercy|Javert|Jean Claude Van Damme"
"Mythology","multiple","easy","Who was the only god from Greece who did not get a name change in Rome?","Apollo","Demeter|Zeus|Athena"
"General Knowledge","boolean","hard","NCIS stands for &quot;Navy Corps Investigative Service&quot;","False","True"
"Entertainment: Video Games","multiple","easy","Which of these characters is the mascot of the video game company SEGA?","Sonic the Hedgehog","Dynamite Headdy|Alex Kidd|Opa-Opa"
"Entertainment: Music","multiple","hard","Which band is the longest active band in the world with no breaks or line-up changes?","U2","Radiohead|Rush|Rolling Stones"
"Entertainment: Cartoon &amp; Animations","multiple","medium","Which Hanna-Barbera cartoon character travelled with a canine companion named Beegle Beagle?","Grape Ape","Boss Gator|Wally Gator|Yogi Bear"
"Entertainment: Film","multiple","easy","Which movie contains the quote, &quot;Say hello to my little friend!&quot;?","Scarface","Reservoir Dogs|Heat|Goodfellas"
"Entertainment: Video Games","multiple","easy","What is the name of the largest planet in Kerbal Space Program?","Jool","Eeloo|Kerbol|Minmus"
"Entertainment: Video Games","multiple","medium","Along with Gabe Newell, who co-founded Valve?","Mike Harrington","Robin Walker|Marc Laidlaw|Stephen Bahl"
"History","boolean","medium","If you grab the bladed end of a longsword in a specific way, you will not cut yourself.","True","False"
"Entertainment: Video Games","multiple","easy","In Splatoon 2, who are the members of Off The Hook?","Pearl &amp; Marina","Callie &amp; Marie|Diamond &amp; Aquamarina|DJ Octavio &amp; Crusty Sean"
"Entertainment: Television","multiple","medium","The first half-hour CGI cartoon, ReBoot, aired on which year?","1994","1993|1998|1999"
"Entertainment: Film","multiple","medium","Johnny Depp made his big-screen acting debut in which film?","A Nightmare on Elm Street","My Bloody Valentine|Halloween|Friday the 13th"
"Entertainment: Television","multiple","easy","In Game of Thrones, what is Littlefinger&#039;s real name?","Petyr Baelish","Podrick Payne|Lancel Lannister|Torrhen Karstark"
"Entertainment: Video Games","multiple","easy","Valve Corporation is an American video game developer located in which city?","Bellevue, Washington","Austin, Texas|Seattle, Washington|San Francisco, California"
"Entertainment: Television","multiple","hard","Which of these in the Star Trek series is NOT Klingon food?","Hors d&#039;oeuvre","Racht|Gagh|Bloodwine"
"Entertainment: Music","multiple","medium","Grand Theft Autumn/Where Is Your Boy is a song by which band?","Fall Out Boy","Panic! At The Disco|Paramore|Blink-182"
"Sports","multiple","easy","What was the year of estabilishment of the Bari Italian Football Club?","1908","1945|2014|1895"
"Entertainment: Video Games","multiple","medium","In Left 4 Dead, which campaign has the protagonists going through a subway in order to reach a hospital for evacuation?","No Mercy","Subway Sprint|Hospital Havoc|Blood Harvest"
"Entertainment: Video Games","boolean","medium","&quot;Metal Gear Solid 3: Snake Eater&quot; takes place on Shadow Moses Island.","False","True"
"Entertainment: Music","multiple","medium","Which of these is NOT a song on The Beatles&#039; 1968 self titled album, also known as the White album?","Being For The Benefit Of Mr. Kite!","Why Don&#039;t We Do It in the Road?|Everybody&#039;s Got Something to Hide Except Me and My Monkey|The Continuing Story of Bungalow Bill"
"Entertainment: Video Games","multiple","easy","Who is the main character of the game Half-Life: Opposing Force?","Adrian Shephard","Gordon Freeman|Alyx Vance|Barney Calhoun"
"History","multiple","medium","How many times was Albert Einstein married in his lifetime?","Twice","Five|Thrice|Once"
"Entertainment: Video Games","multiple","medium","In what year was Pok&eacute;mon Diamond &amp; Pearl released in Japan?","2006","2009|2007|2008"
"General Knowledge","multiple","medium","Amsterdam Centraal station is twinned with what station?","London Liverpool Street","Frankfurt (Main) Hauptbahnhof|Paris Gare du Nord|Brussels Midi"
"Entertainment: Musicals &amp; Theatres","multiple","medium","In which Shakespearean play will you find the suicide of Ophelia?","Hamlet","Macbeth|Othello|King Lear"
"Entertainment: Books","multiple","medium","J.K. Rowling completed &quot;Harry Potter and the Deathly Hallows&quot; in which hotel in Edinburgh, Scotland?","The Balmoral","The Dunstane Hotel|Hotel Novotel|Sheraton Grand Hotel &amp; Spa"
"Entertainment: Television","multiple","medium","What is the name of the inspector in the series &quot;On the Buses&quot;?","Blakey","Harper|Naily|Gally"
"History","multiple","medium","Who was the first emperor of Rome?","Augustus ","Julius Caesar|Pompey Magnus|Claudius"
"Entertainment: Film","multiple","medium","What is the name of the villian in the 2015 Russian-American Sci-Fi Movie &quot;Hardcore Henry&quot;?","Akan","Estelle|Jimmy|Henry"
"Entertainment: Music","multiple","easy","How many members are there in the band Nirvana?","Three","Two|Four|Five"
"Entertainment: Television","multiple","easy","What was the name of the police officer in the cartoon &quot;Top Cat&quot;?","Dibble","Barbrady|Mahoney|Murphy"
"Entertainment: Cartoon &amp; Animations","boolean","medium","In &quot;Avatar: The Last Airbender&quot; and &quot;The Legend of Korra&quot;, Lavabending is a specialized bending technique of Firebending.","False","True"
"Entertainment: Film","multiple","medium","In which 1955 film does Frank Sinatra play Nathan Detroit?","Guys and Dolls","Anchors Aweigh|From Here to Eternity|High Society"
"Science &amp; Nature","boolean","medium","Polaris is the brightest star in the northern hemisphere night sky.","False","True"
"Politics","multiple","easy","Who was the 45th President of the United States?","Donald Trump","Barack Obama|Bill Clinton|George Bush"
"General Knowledge","multiple","medium","Whose greyscale face is on the kappa emoticon on Twitch?","Josh DeSeno","Justin DeSeno|John DeSeno|Jimmy DeSeno"
"History","multiple","hard","Which day did World War I begin?","July 28","January 28|June 28|April 28"
"Entertainment: Video Games","multiple","medium","What American city was featured in the 1999 PC game Midtown Madness?","Chicago","Washington D.C.|San Francisco|New York City"
"Entertainment: Video Games","multiple","medium","Which German city does the map &quot;Clubhouse&quot; in &quot;Tom Clancy&#039;s Rainbow Six Siege&quot; take place in?","Hannover","Berlin|Hamburg|Munich"
"Geography","boolean","medium","Gothenburg is the capital of Sweden.","False","True"
"Entertainment: Film","multiple","easy","Which movie includes a giant bunny-like spirit who has magic powers including growing trees?","My Neighbor Totoro","Hop|Rise of the Guardians|Alice in Wonderland"
"Geography","boolean","medium","The title of the 1969 film &quot;Krakatoa, East_of Java&quot; is incorrect, as Krakatoa is in fact west of Java.","True","False"
"Celebrities","multiple","medium","Who out of these actresses is the youngest?","Kiernan Shipka","Ariel Winter|Emma Watson|Bonnie Wright"
"Entertainment: Books","multiple","medium","In &quot;Little Women&quot;, which of the March sisters married Laurie?","Amy","Beth|Jo|Meg"
"Entertainment: Music","multiple","easy","In an orchestra, what is the lowest member of the brass family?","Tuba","Trombone|Contrabass|Bassoon"
"History","multiple","medium","Which infamous European traitor was known as &quot;the last person to enter Parliament with honest intentions&quot;?","Guy Fawkes","Robert Catesby|Francis Tresham|Everard Digby"
"Sports","multiple","medium","Which basketball team has attended the most NBA grand finals?","Los Angeles Lakers","Boston Celtics|Philadelphia 76ers|Golden State Warriors"
"Entertainment: Music","multiple","hard","Which of these songs was released in 1996?","The Smashing Pumpkins - &quot;1979&quot;","Prince - &quot;1999&quot;|James Blunt - &quot;1973&quot;|David Bowie - &quot;1984&quot;"
"Science: Computers","multiple","easy","In &quot;Hexadecimal&quot;, what color would be displayed from the color code? &quot;#00FF00&quot;?","Green","Red|Blue|Yellow"
"General Knowledge","boolean","medium","The British organisation CAMRA stands for The Campaign for Real Ale.","True","False"
"Celebrities","multiple","medium","Nikki Diamond portrayed which Gladiator in the 1992 TV show &quot;Gladiators&quot;?","Scorpio","Jet|Nightshade|Falcon"
"Entertainment: Film","multiple","easy","Which of the following was not one of &quot;The Magnificent Seven&quot;?","Clint Eastwood","Steve McQueen|Charles Bronson|Robert Vaughn"
"Entertainment: Film","multiple","easy","What is the orange and white bot&#039;s name in &quot;Star Wars: The Force Awakens&quot;?","BB-8","BB-3|AA-A|R2-D2"
"General Knowledge","multiple","easy","Which of the following is not the host of a program on NPR?","Ben Shapiro","Terry Gross|Ira Glass|Peter Sagal"
"Geography","boolean","easy","Washington, D.C. is considered a US state.","False","True"
"History","multiple","medium","The creator of the Enigma Cypher and Machine was of what nationality?","German","American|British|Polish"
"Entertainment: Video Games","boolean","easy","The name of the main character of the video game &quot;The Legend of Zelda&quot;, is Zelda.","False","True"
"Entertainment: Film","multiple","medium","What is the birth name of Michael Caine?","Maurice Micklewhite","Morris Coleman|Carl Myers|Martin Michaels"
"Entertainment: Board Games","multiple","hard","Which ability from the &quot;Magic: The Gathering&quot; Scars of Mirrodin expansion involves having at least three artifacts in play?","Metalcraft","Affinity|Imprint|Living Weapon"
"Entertainment: Video Games","multiple","medium","What was the first Call of Duty game to include the Zombies gamemode?","Call of Duty: World at War","Call of Duty: Black Ops|Call of Duty: Modern Warfare 2|Call of Duty: Black Ops III"
"Entertainment: Film","multiple","medium","What is the name of the dog that played Toto in the 1939 film &quot;The Wizard of Oz&quot;?","Terry","Tommy|Teddy|Toto"
"Entertainment: Video Games","multiple","medium","What is the full name of the protagonist from the SNES game Clock Tower?","Jennifer Simpson","Jennifer Barrows|Jennifer Cartwright|Jennifer Maxwell"
"Entertainment: Video Games","multiple","medium","Who was the first jedi that Starkiller had to kill in Star Wars: The Force Unleashed?","Rahm Kota","Ahsoka Tano|Kazdan Paratus|Kento Marek"
"Science: Mathematics","boolean","medium","You can square root a negative number with an imaginary number &quot;i&quot;.","True","False"
"Entertainment: Video Games","multiple","hard","Which souls game was not directed by Hidetaka Miyazaki?","Dark Souls 2","Demon Souls|Dark Souls|Dark Souls 3"
"General Knowledge","multiple","easy","On a dartboard, what number is directly opposite No. 1?","19","20|12|15"
"Sports","multiple","easy","This Canadian television sportscaster is known for his &quot;Hockey Night in Canada&quot; role, a commentary show during hockey games.","Don Cherry","Don McKellar|Don Taylor |Donald Sutherland"
"Science &amp; Nature","multiple","medium","Which planet did the &quot;Viking 1&quot; spacecraft send surface images of, starting in 1976?","Mars","Saturn|Jupiter|Venus"
"Entertainment: Television","multiple","easy","Which actor portrays &quot;Walter White&quot; in the series &quot;Breaking Bad&quot;?"," Bryan Cranston","Andrew Lincoln|Aaron Paul|RJ Mitte"
"Science &amp; Nature","multiple","medium","What part of the brain takes its name from the Greek for seahorse?","Hippocampus","Cerebellum|Thalamus|Amygdala"
"History","multiple","easy","When did the Byzantine Empire collapse?","1453","1299|1353|1498"
"Entertainment: Japanese Anime &amp; Manga","multiple","hard","Who was the Author of the manga Uzumaki?","Junji Ito","	Noboru Takahashi|Akira Toriyama|Masashi Kishimoto"
"History","boolean","medium","In World War II, Hawker Typhoons served in the Pacific theater.","False","True"
"Science: Computers","multiple","easy","The programming language &#039;Swift&#039; was created to replace what other programming language?","Objective-C","C#|Ruby|C++"
"Entertainment: Video Games","multiple","hard","How long was the World Record Speed Run of Valve Software&#039;s &quot;Half-Life&quot; that was done in 2014.","20 Minutes, 41 Seconds","45 Minutes, 32 Seconds|5 Minutes, 50 Seconds|12 Minutes, 59 Seconds"
"Entertainment: Video Games","multiple","medium","Danganronpa Another Episode: Ultra Despair Girls is set after which Danganronpa game?","Danganronpa: Trigger Happy Havoc","Danganronpa 2: Goodbye Despair|Danganronpa V3: Killing Harmony|Danganronpa 3: The End of Hope&#039;s Peak High School"
"Politics","multiple","medium","What are the first names of the first father and son pair that were both Prime Ministers of Canada?","Justin and Pierre","John and Louis|Brian and Justin|Brian and Pierre"
"Entertainment: Music","multiple","easy","Which Canadian reggae musician had a 1993 hit with the song &#039;Informer&#039;?","Snow","Rain|Hail|Sleet"
"Science: Computers","multiple","medium","In programming, what do you call functions with the same name but different implementations?","Overloading","Overriding|Abstracting|Inheriting"
"Entertainment: Film","multiple","medium","Who plays &quot;Bruce Wayne&quot; in the 2008 movie &quot;The Dark Knight&quot;?","Christian Bale","Michael Caine|Ron Dean|Heath Ledger"
"Entertainment: Video Games","multiple","easy","In Undertale, what&#039;s the prize for answering correctly?","More questions","New car|Mercy|Money"
"Entertainment: Film","multiple","hard","Which movie did NOT feature the late actor John Candy?","Ghostbusters","Little Shop Of Horrors|Home Alone|Planes Trains and Automobiles"
"Entertainment: Japanese Anime &amp; Manga","multiple","hard","Which one of these characters is from &quot;Legendz : Tale of the Dragon Kings&quot;?","Shiron","Jack|Axia|Drum"
"Science: Mathematics","boolean","easy","A scalene triangle has two sides of equal length.","False","True"
"Science: Computers","multiple","medium","Generally, which component of a computer draws the most power?","Video Card","Hard Drive|Processor|Power Supply"
"Animals","multiple","medium","What is the scientific name of the Common Chimpanzee?","Pan troglodytes","Gorilla gorilla|Pan paniscus|Panthera leo"
"Entertainment: Music","multiple","easy","Who is the lead singer of Foo Fighters?","Dave Grohl","Dave Mustaine|James Hetfield|Little Red Riding Hood"
"Entertainment: Video Games","multiple","medium","In the Half-Life franchise, what is the real name of the &quot;gravity gun&quot;?","Zero-Point Energy Field Manipulator","Universal Gravity Manipulation Device|Isaac Newton&#039;s Theory Disprover|Quantum Energy Displacement Modifier"
"Entertainment: Japanese Anime &amp; Manga","multiple","medium","My Hero Academia&#039;s main character Midoriya goes by what superhero name?","Deku","All Might|Saitama|Kona"
"Entertainment: Video Games","multiple","easy","What is the protagonist&#039;s title given by the demons in DOOM (2016)?","Doom Slayer","Doom Guy|Doom Marine|Doom Reaper"
"Entertainment: Video Games","multiple","medium","In Overwatch, how old is Reinhardt Wilhelm?","61","59|65|62"
"Entertainment: Video Games","multiple","easy","In the video game Overwatch, which playable character is infamous for saying &quot;It&#039;s high noon.&quot;?","McCree","Hanzo|Pharah|Soldier: 76"
"Entertainment: Board Games","multiple","medium","What letter is used to refer to blue mana in the card game Magic The Gathering?","U","B|L|E"
"Geography","multiple","medium","Which country claims ownership of the disputed state Kosovo?","Serbia","Croatia|Albania|Macedonia"
"Science: Computers","multiple","medium","How fast is USB 3.1 Gen 2 theoretically?","10 Gb/s","5 Gb/s|8 Gb/s|1 Gb/s"
"Entertainment: Books","multiple","medium","Which of the following was the author of &quot;Username Evie&quot;?","Joe Sugg","Zoe Sugg|Joe Weller|Alfie Deyes"
"Entertainment: Video Games","multiple","medium","When was the game &quot;Roblox&quot; released?","2006","2003|2002|2007"
"Mythology","multiple","hard","Which Norse God has a horse named Sleipnir?","Odin","Thor|Frigg|Balder"
"History","multiple","medium","What year did the Battle of Agincourt take place?","1415","1463|1401|1422"
"Entertainment: Television","multiple","medium","Which of the following figures did NOT have a cameo on &quot;The Drew Carey Show&quot; (1995-2004)?","Bill Cosby","Donald Trump|&quot;Weird Al&quot; Yankovic|Daffy Duck"
"General Knowledge","multiple","hard","Located in Chile, El Teniente is the world&#039;s largest underground mine for what metal?","Copper","Iron|Nickel|Silver"
"History","multiple","hard","What was the last colony the UK ceded marking the end of the British Empire?","Hong Kong","India|Australia|Ireland"
"Science &amp; Nature","multiple","easy","What name is given to all baby marsupials?","Joey","Calf|Pup|Cub"
"Science &amp; Nature","multiple","easy","Which element has the highest melting point?","Carbon","Tungsten|Platinum|Osmium"
"History","multiple","hard","Which is the hull NO. of the Fletcher class destroyer Fletcher?","DD-445","DD-992|DD-444|DD-446"
"Entertainment: Music","multiple","easy","Who is the lead singer of Green Day?","Billie Joe Armstrong","Mike Dirnt|Sean Hughes|Tr&eacute; Cool"
"Entertainment: Video Games","boolean","easy","Several characters in &quot;Super Mario 64&quot; blink their eyes, including Mario himself.","True","False"
"History","boolean","medium","Martin Luther King Jr. and Anne Frank were born the same year. ","True","False"
"Entertainment: Video Games","multiple","medium","In the game &quot;Brawlhalla&quot;, what species is the character B&ouml;dvar is?","Half Human / Half Bear","A Human|Half Wolf / Half Bear|Half Tiger /  Half Human"
"Animals","boolean","medium","Sea sponges can have hearts.","False","True"
"Entertainment: Music","multiple","medium","Which of these songs by artist Eminem contain the lyric &quot;Nice to meet you. Hi, my name is... I forgot my name!&quot;?","Rain Man","Without Me|Kim|Square Dance"
"Entertainment: Video Games","multiple","easy","Which of the following is not a character in the Street Fighter series?","Mai Shiranui","Laura Matsuda|Sakura Kasugano|Ibuki"
"Entertainment: Video Games","multiple","hard","In World of Warcraft lore, who organized the creation of the Paladins?","Alonsus Faol","Uther the Lightbringer|Alexandros Mograine|Sargeras, The Daemon Lord"
"History","multiple","hard","With which Greek philosopher would you associate the phrase, &quot;I know that I know nothing&quot;?","Socrates","Aristotle|Plato|Pythagoras"
"Entertainment: Video Games","multiple","easy","Which of these is NOT the name of a rival gang in the video game Saint&#039;s Row 2?","The Zin Empire","The Brotherhood|The Ronin|The Sons of Samedi"
"Entertainment: Film","multiple","easy","In the movie &quot;Cast Away&quot; the main protagonist&#039;s best friend while on the island is named","Wilson","Carson|Jackson|Willy"
"Science &amp; Nature","multiple","hard","Which horizon in a soil profile consists of bedrock?","R","O|B|D"
"History","multiple","easy","Which country was Josef Stalin born in?","Georgia","Russia|Germany|Poland"
"Entertainment: Japanese Anime &amp; Manga","multiple","easy","Kirito and Asuna are main characters from which anime?","Sword Art Online","One Piece|Death Note|Fairy Tail"
"Entertainment: Film","multiple","medium","What character in the Winnie the Pooh films was added by Disney and does not appear in the original books?","Gopher","Tigger|Heffalumps|Rabbit"
"Geography","multiple","medium","What is the busiest port in Europe?","Port of Rotterdam","Port of Antwerp|Port of Hamburg|Port of Amsterdam"
"Entertainment: Books","multiple","easy","Which famous book is sub-titled &#039;The Modern Prometheus&#039;?","Frankenstein","Dracula|The Strange Case of Dr. Jekyll and Mr. Hyde |The Legend of Sleepy Hollow"
"Entertainment: Video Games","multiple","easy","Who voices GLaDOS in the Portal games?","Ellen McLain","Michelle Forbes |Mary Kae Irvin |Natasha Radski"
"Entertainment: Video Games","multiple","medium","In the PAYDAY series, who is the iconic leader of the PAYDAY gang?","Dallas","Wolf|Chains|Hoxton"
"Geography","boolean","easy","Rhode Island is actually located on the US mainland, despite its name.","True","False"
"Entertainment: Music","multiple","easy","Which Nirvana album had a naked baby on the cover?","Nevermind","Bleach|In Utero|Incesticide"
"Entertainment: Video Games","multiple","medium","Sean Bean voices the character of &quot;Martin Septim&quot; in which Elder Scrolls game?","The Elder Scrolls IV: Oblivion","The Elder Scrolls V: Skyrim|The Elder Scrolls III: Morrowind |The Elder Scrolls Online"
"Geography","multiple","medium","Frankenmuth, a US city nicknamed &quot;Little Bavaria&quot;, is located in what state?","Michigan","Pennsylvania|Kentucky|Virginia"
"Sports","multiple","easy","The Los Angeles Dodgers were originally from what U.S. city?","Brooklyn","Las Vegas|Boston|Seattle"
"Entertainment: Music","multiple","easy","Which famous rapper is featured in Jack &Uuml; (Skrillex and Diplo)&#039;s 2015 single called &quot;Febreze&quot;?","2 Chainz","Kendrick Lamar|Future|Fatman Scoop"
"Entertainment: Books","multiple","medium","The book &quot;The Little Prince&quot; was written by...","Antoine de Saint-Exup&eacute;ry","Miguel de Cervantes Saavedra|Jane Austen|F. Scott Fitzgerald"
"Sports","multiple","medium","Which car manufacturer won the 2017 24 Hours of Le Mans?","Porsche","Toyota|Audi|Chevrolet"
"Entertainment: Music","multiple","medium","Which of these bands are NOT from Australia?","The Naked and Famous","Cut Copy|Empire of the Sun|Tame Impala"
"Entertainment: Video Games","multiple","medium","In Night In The Woods, what is Mae Borowski mother&#039;s name?","Candy","Jenny|Margaret|Kate"
"Entertainment: Film","multiple","easy","In the 2012 film, &quot;The Lorax&quot;, who is the antagonist?","Aloysius O&#039;Hare","Ted Wiggins|The Once-Ler|Grammy Norma"
"Entertainment: Television","multiple","easy","In &quot;Breaking Bad&quot;, Walter White is a high school teacher diagnosed with which form of cancer?","Lung Cancer","Prostate Cancer|Brain Cancer|Testicular Cancer"
"Entertainment: Music","multiple","medium","Who is the frontman of Muse?","Matt Bellamy","Dominic Howard|Thom Yorke|Jonny Greenwood"
"Entertainment: Books","multiple","hard","In the &quot;Harry Potter&quot; series, what is Headmaster Dumbledore&#039;s full name?","Albus Percival Wulfric Brian Dumbledore","Albus Valum Jetta Mobius Dumbledore|Albus James Lunae Otto Dumbledore|Albus Valencium Horatio Kul Dumbledore"
"Entertainment: Board Games","multiple","easy","In Dungeons and Dragons (5th edition), what stat do you normally add onto your initiative die roll?","Dexterity","Speed|Strength|Wisdom"
"Science: Mathematics","multiple","easy","How many degrees make a full circle?","360","180|90|720"
"Sports","multiple","hard","Where was the Games of the XXII Olympiad held?","Moscow","Barcelona|Tokyo|Los Angeles"
"Entertainment: Board Games","multiple","medium","Who is the main character in the VHS tape included in the board game Nightmare?","The Gatekeeper","The Kryptkeeper|The Monster|The Nightmare"
"Sports","multiple","medium","Hockey player Wayne Gretzky was born in what Canadian province?","Ontario","British Columbia|Quebec|Alberta"
"Geography","boolean","easy","Alaska is the largest state in the United States.","True","False"
"Entertainment: Video Games","multiple","medium","Who is the main character in the video game &quot;Just Cause 3&quot;?","Rico Rodriguez","Tom Sheldon|Marcus Holloway|Mario Frigo"
"Entertainment: Video Games","multiple","easy","The &ldquo;fairy&rdquo; type made it&rsquo;s debut in which generation of the Pokemon core series games?","6th","2nd|7th|4th"
"Entertainment: Japanese Anime &amp; Manga","boolean","easy","Clefairy was intended to be Ash&#039;s starting Pok&eacute;mon in the pilot episode of the cartoon.","True","False"
"Science: Computers","multiple","medium","What is the main CPU is the Sega Mega Drive / Sega Genesis?","Motorola 68000","Zilog Z80|Yamaha YM2612|Intel 8088"
"Entertainment: Video Games","multiple","medium","How many metal bars does it take to smith a platebody in the MMO &quot;RuneScape&quot;?","5 bars","3 bars|2 bars|10 bars"
"Entertainment: Comics","boolean","easy","The &quot;Pepe&quot; meme originated from a comic drawn by Matt Furie called &quot;Boy&#039;s Club&quot;?","True","False"
"Science: Computers","multiple","easy","Which SQL keyword is used to fetch data from a database?","SELECT","INDEX|VALUES|EXEC"
"Entertainment: Music","multiple","medium","Which of these is NOT the name of an album released by American rapper Viper?","The Life of Pablo","Kill Urself My Man|You&#039;ll Cowards Don&#039;t Even Smoke Crack|Yo Wife Handcuffin&#039; Me"
"Entertainment: Video Games","boolean","medium","Amazon acquired Twitch in August 2014 for $970 million dollars.","True","False"
"Geography","multiple","medium","Which of the following is not a megadiverse country - one that harbors a high number of the earth&#039;s endemic species?","Thailand","Peru|Mexico|South Africa"
"History","boolean","hard","Japan was part of the Allied Powers during World War I.","True","False"
"Geography","multiple","easy","The derisive acronym &quot;PIIGS&quot; refers to which of the following European countries and their economic statuses?","Portugal, Ireland, Italy, Greece, Spain","Poland, Iceland, Italy, Greece, Serbia|Poland, Iceland, Italy, Greenland, Spain|Portugal, Iceland, Ireland, Greece, Serbia"
"Entertainment: Japanese Anime &amp; Manga","multiple","medium","What is the name of the device that allows for infinite energy in the anime &quot;Dimension W&quot;?","Coils","Wires|Collectors|Tesla"
"Entertainment: Books","multiple","medium","Who is the author of the series &quot;Malazan Book of the Fallen&quot;?","Steven Erikson","Ian Cameron Esslemont|George R. R. Martin|J. R. R. Tolkien"
"History","multiple","hard","Who invented the &quot;Flying Shuttle&quot; in 1738; one of the key developments in the industrialization of weaving?","John Kay","James Hargreaves|Richard Arkwright|John Deere"
"Entertainment: Music","multiple","medium","From which album is the Gorillaz song, &quot;On Melancholy Hill&quot; featured in?","Plastic Beach","Demon Days|Humanz|The Fall"
"Animals","multiple","medium","Which of the following is true when alligators are behaving territorially?","They bellow while showing their tail and neck","Open their jaws while making a clicking noise|They run full force at the threat|Slap their tails on the ground"
"History","multiple","hard","What was Napoleon Bonaparte&#039;s name before he changed it?","Napoleone di Buonaparte","Naapolion van Bonijpaart|Napole&atilde;o do Boaparte|Napoleona de Buenoparte"
"Entertainment: Video Games","boolean","easy","Faust is a playable character in &quot;Guilty Gear Xrd Revelator&quot;.","True","False"
"History","multiple","easy","Who led the Communist Revolution of Russia?","Vladimir Lenin","Joseph Stalin|Vladimir Putin|Mikhail Gorbachev"
"Entertainment: Film","multiple","medium","What is the correct spelling of the protagonist of the book in The NeverEnding Story (1984)?","Atreyu","Atrayu|Atraiyu|Atraeyu"
"Entertainment: Video Games","boolean","easy","Solid Snake is actually a clone from the DNA of Big Boss in the Metal Gear Solid series&#039; history.","True","False"
"Geography","multiple","hard","What is the official German name of the Swiss Federal Railways?","Schweizerische Bundesbahnen","Schweizerische Nationalbahnen|Bundesbahnen der Schweiz|Schweizerische Staatsbahnen"
"Animals","multiple","easy","What is the scientific name for modern day humans?","Homo Sapiens","Homo Ergaster|Homo Erectus|Homo Neanderthalensis"
"History","multiple","medium","In what year did the North American Video Game Crash occur?","1983","1982|1993|1970"
"Entertainment: Film","boolean","medium","The color of the pills in the Matrix were Blue and Yellow.","False","True"
"Entertainment: Video Games","multiple","medium","What CS:GO case contains the Butterfly Knife?","Breakout Case","Shadow Case|Vanguard Case|Esports 2014 Case"
"Entertainment: Television","multiple","hard","What was the date of original airing of the pilot episode of My Little Pony: Friendship is Magic?","October 10th, 2010","November 6th, 2010|April 14th, 1984|May 18th, 2015"
"Vehicles","boolean","medium","The majority of Subaru vehicles are made in China.","False","True"
"Sports","multiple","easy","When was the FC Schalke 04 founded?","1904","1909|2008|1999"
"Entertainment: Music","multiple","medium","Who was the first white band to play the Apollo Theater?","Buddy Holly and The Crickets","Chuck Berry|The Beatles|Elvis"
"General Knowledge","multiple","easy","The buried remains of which English explorer of Australia were found in London  in January 2019? ","Matthew Flinders","William Bourke|Abel Tasman|Dirk Hartog"
"General Knowledge","boolean","medium","The term &quot;Spam&quot; came before the food product &quot;Spam&quot;.","False","True"
"Geography","multiple","hard","What is the county seat of King County, Washington?","Seattle","Bellevue|Enumclaw|Skykomish"
"General Knowledge","boolean","medium","You are allowed to sell your soul on eBay.","False","True"
"Entertainment: Books","multiple","easy","American illustrator and writer Maurice Sendak is most well-known for writing which children&#039;s book?","Where The Wild Things Are","The Neverending Story|Charlie and the Chocolate Factory|The Cat in the Hat"
"Vehicles","multiple","easy","Automobiles produced by Tesla Motors operate on which form of energy?","Electricity","Gasoline|Diesel|Nuclear"
"General Knowledge","multiple","hard","Chartreuse is a color between yellow and what?","Green","Red|Black|Purple"
"Science &amp; Nature","boolean","easy","Upwelling in the ocean provides colder nutrient rich water for plants and decomposers.","True","False"
"Entertainment: Japanese Anime &amp; Manga","multiple","easy","Who is the colossal titan in &quot;Attack On Titan&quot;?","Bertolt Hoover","Reiner|Eren|Sasha"
"Sports","multiple","easy","Which city did the former NHL team &quot;The Nordiques&quot; originiate from?","Quebec City","Houston|Montreal|New York"
"Entertainment: Music","multiple","hard","Which of Michael Jackson&#039;s albums sold the most copies?","Thriller","Dangerous|Bad|Off the Wall"
"General Knowledge","multiple","easy","What is the French word for &quot;fish&quot;?","poisson","fiche|escargot|mer"
"Geography","multiple","easy","What is the only state in the United States that does not have a flag in a shape with 4 edges?","Ohio","Florida|Idaho|New Mexico"
"Entertainment: Video Games","multiple","easy","Who made the video game, &quot;Bendy and the Ink Machine&quot;?","TheMeatly","Scott Cawthon| Jeff Kaplan|Konami"
"Entertainment: Film","multiple","medium","Which 90&#039;s comedy cult classic features cameos appearances from Meat Loaf, Alice Cooper and Chris Farley?","Wayne&#039;s World","Bill &amp; Ted&#039;s Excellent Adventure|Dumb and Dumber|Austin Powers: International Man of Mystery"
"Entertainment: Music","multiple","easy","Which 80s band is fronted by singer/guitarist Robert Smith?","The Cure","The Smiths|Echo &amp; the Bunnymen|New Order"
"Entertainment: Video Games","multiple","medium","In Pokemon Diamond, Pearl and Platinum, where can a Munchlax be found?","Honey Trees","Trading with an NPC|Grass on Route 209|Wayward Cave"
"Entertainment: Video Games","multiple","medium","How many playable characters were there in Street Fighter II: Champion Edition?","12","16|8|17"
"Entertainment: Japanese Anime &amp; Manga","multiple","easy","Which Pok&eacute;mon and it&#039;s evolutions were banned from appearing in a main role after the Episode 38 Incident?","The Porygon Line","The Pikachu Line|The Elekid Line|The Magby Line"
"Entertainment: Television","multiple","easy","What was the name of the teenage witch played by Melisa Joan Hart who lives with her witch aunts Hilda and Zelda?","Sabrina","Hermione|Dorothy|Dahlia"
"Geography","multiple","easy","What is Laos?","Country","Region|River|City"
"Geography","multiple","medium","Which German city is located on the River Isar?","Munich","Berlin|Hamburg|Dortmund"
"Geography","multiple","hard","What North American tourist attraction is served by the &quot;Maid of the Mist&quot; tour company?","Niagara Falls","Whistler, British Columbia|Disney World|Yosemite National Park"
"Entertainment: Japanese Anime &amp; Manga","multiple","medium","What is the name of the main character of the anime &quot;One-Punch Man&quot;?","Saitama","Genos|Sonic|King"
"Entertainment: Video Games","multiple","medium","Which of these Fortnite emotes does NOT involve a sport in some way?","Freestylin&#039;","Red Card|Kick Ups|Baller"
"Geography","multiple","medium","What tiny principality lies between Spain and France?","Andorra","Liechtenstein|Monaco|San Marino"
"Entertainment: Comics","multiple","medium","Who authored The Adventures of Tintin?","Herg&eacute;","E.P. Jacobs|Rin Tin Tin|Chic Young"
"Entertainment: Film","multiple","easy","Who plays the character of Po in the Kung Fu Panda movies?","Jack Black","Mirana Jonnes|McConahey Ramses|Jim Petersson"
"Entertainment: Television","multiple","easy","Who won the 10th season of Big Brother in the United States?","Dan Gheesling","Adam Jasinski|Hayden Moss|Dick Donato"
"Entertainment: Film","multiple","easy","When was the movie &#039;Con Air&#039; released?","1997","1985|1999|1990"
"Science: Computers","multiple","hard","Which data structure does FILO apply to?","Stack","Queue|Heap|Tree"
"Science: Computers","multiple","medium","What was the first Android version specifically optimized for tablets?","Honeycomb","Eclair|Froyo|Marshmellow"
"Entertainment: Television","boolean","medium","Klingons respect their disabled comrades, and those who are old, injuried, and helpless.","False","True"
"Entertainment: Film","multiple","hard","In the film &quot;Interstellar&quot;, how long did they spend on Miller&#039;s planet?","23 years, 4 months, and 8 days","15 years, 2 months, and 15 days|10 months and 6 days|26 years, 4 months, and 10 days"
"Entertainment: Japanese Anime &amp; Manga","multiple","hard","Which animation studio produced &quot;Sword Art Online&quot;?","A-1 Pictures","Production I.G|Silver Link|Kyoto Animation"
"Entertainment: Video Games","multiple","hard","The map featured in Arma 3 named &quot;Altis&quot; is based off of what Greek island?","Lemnos","Ithaca|Naxos|Anafi"
"Entertainment: Music","boolean","easy","Michael Jackson wrote The Simpsons song &quot;Do the Bartman&quot;.","False","True"
"General Knowledge","boolean","easy","&quot;Ananas&quot; is mostly used as the word for Pineapple in other languages.","True","False"
"Entertainment: Film","multiple","hard","According to &quot;Star Wars&quot; lore, which planet does Obi-Wan Kenobi come from?","Stewjon","Alderaan|Tatooine|Naboo"
"Entertainment: Television","boolean","medium","Bob Ross was a US Air Force pilot.","False","True"
"Entertainment: Music","multiple","easy","Which famous artist featured on Rowdy Rebel&#039;s 2015 song &quot;Computers&quot;?","Bobby Shmurda ","Lil Wayne|Will.I.AM|Kendrick Lamar"
"Entertainment: Musicals &amp; Theatres","multiple","hard","After England, more Shakespeare plays are set in this present day country than in any other.","Italy","United States|Greece|France"
"General Knowledge","boolean","medium","A pencil&#039;s lead is typically made from graphite, not lead","True","False"
"History","multiple","medium","In 1845, a series of wars named after which indigenous people began in New Zealand?","Māori","Papuans|Aborigines|Polynesians"
"Entertainment: Video Games","multiple","medium","What was the name of the first MMORPG to popularize the genre?","Ultima Online","World of Warcraft|Meridian 59|Guild Wars"
"History","boolean","easy","The United States Department of Homeland Security was formed in response to the September 11th attacks.","True","False"
"Sports","multiple","medium","Which sport is NOT traditionally played during the Mongolian Naadam festival?","American Football","Wrestling|Archery|Horse-Racing"
"Entertainment: Japanese Anime &amp; Manga","multiple","hard","In the anime Initial D, how does Takumi Fujiwara describe a drift?","&#039;. . . the front tires slide so the car won&#039;t face the inside&#039;","&#039;. . . the wheels lose traction, making the car slide sideways&#039;|&#039;. . . the car oversteers through a curve, causing it to turn faster&#039;|&#039;. . . you turn a lot&#039;"
"Entertainment: Television","multiple","medium","Which of following is rude and dishonorable by Klingon standards?","Taking his D&#039;k tahg","Insulting and laughing at him at the dinner table|Reaching over and taking his meal|Punching him and taking his ship station position"
"Entertainment: Japanese Anime &amp; Manga","multiple","easy","Who is the armored titan in &quot;Attack On Titan&quot;?","Reiner Braun","Armin Arlelt|Mikasa Ackermann|Eren Jaeger"
"Entertainment: Television","multiple","easy","In DuckTales, what is the name of the city where all the main characters live?","Duckburg","Duckwing|Tailspin|Wingford"
"Entertainment: Japanese Anime &amp; Manga","boolean","easy","In the &quot;Toaru Kagaku no Railgun&quot; anime,  espers can only reach a maximum of level 6 in their abilities.","False","True"
"General Knowledge","boolean","easy","Gumbo is a stew that originated in Louisiana.","True","False"
"Entertainment: Video Games","multiple","medium","In &quot;Call Of Duty: Zombies&quot;, completing which map&#039;s main easter egg will reward you with the achievement, &quot;Little Lost Girl&quot;?","Origins","Revelations|Moon|Tranzit"
"General Knowledge","multiple","easy","If you are caught &quot;Goldbricking&quot;, what are you doing wrong?","Slacking","Smoking|Stealing|Cheating"
"Entertainment: Video Games","multiple","easy","TF2: What code does Soldier put into the door keypad in &quot;Meet the Spy&quot;?","1111","1432|1337|No code"
"General Knowledge","boolean","easy","French is an official language in Canada.","True","False"
"Entertainment: Music","multiple","hard","Chino Moreno is the lead singer of which alternative metal band?","Deftones","Tool|Korn|Type O Negative"
"Entertainment: Video Games","multiple","medium","What was the character Kirby originally going to be named?","Popopo","Dedede|Waddle Dee|Prince Puff"
"General Knowledge","boolean","medium","Sitting for more than three hours a day can cut two years off a person&#039;s life expectancy.","True","False"
"History","multiple","hard","Which country did the Eureka Rebellion, an 1856 battle against colonial rule, take place in?","Australia","India|Canada|Brazil"
"Science &amp; Nature","multiple","medium","What are the smallest blood vessels in the human body?","Capillaries","Arterioles|Veinules|Lymphatics"
"Entertainment: Music","multiple","medium","Who is the lead singer of The Lumineers?","Wesley Schultz","Jeremiah Fraites|Jay Van Dyke|Neyla Pekarek"
"Entertainment: Film","multiple","medium","What is the name of the foley artist who designed the famous sounds of Star Wars, including Chewbacca&#039;s roar and R2-D2&#039;s beeps and whistles?","Ben Burtt","Ken Burns|Ralph McQuarrie|Miranda Keyes"
"Science &amp; Nature","multiple","hard","Which is the chemical name of H2O?","Dihydrogen Monoxide","Ammonium chloride|Anhydrous Sodium Carbonate|Manganese dioxide"
"Entertainment: Video Games","multiple","medium","Which of these operators from &quot;Tom Clancy&#039;s Rainbow Six Siege&quot; has the ability to damage reinforced walls?","Jordan &quot;Thermite&quot; Trace","Eliza &quot;Ash&quot; Cohen|Seamus &quot;Sledge&quot; Cowden|Dominic &quot;Bandit&quot; Brunsmeier"
"Science: Computers","multiple","medium","In CSS, which of these values CANNOT be used with the &quot;position&quot; property?","center","static|absolute|relative"
"History","multiple","easy","Which one of these was not a beach landing site in the Invasion of Normandy?","Silver","Gold|Juno|Sword"
"General Knowledge","boolean","medium","Furby was released in 1998.","True","False"
"Animals","multiple","medium","What does &quot;hippopotamus&quot; mean and in what langauge?","River Horse (Greek)","River Horse (Latin)|Fat Pig (Greek)|Fat Pig (Latin)"
"Entertainment: Video Games","multiple","easy","Who created the indie adventure game &quot;Night in the Woods&quot;?","Alec Holowka","Ron Gilbert|Tim Schafer| Tommy Refenes"
"Geography","multiple","easy","What is the largest hot desert in the world?","Sahara","Gobi|Mojave|Kalahari"
"Entertainment: Video Games","multiple","easy","In Super Mario Bros., who informs Mario that the princess is in another castle?","Toad","Luigi|Yoshi|Bowser"
"Entertainment: Video Games","boolean","easy","The game &quot;Pocket Morty&quot; has a Morty called &quot;Pocket Mortys Morty&quot;?","True","False"
"Entertainment: Video Games","multiple","hard","In Halo 2, how many rounds does the M6C hold in a single magazine?","12","6|36|18"
"Entertainment: Video Games","multiple","easy","What year was the game Team Fortress 2 released?","2007","2009|2005|2010"
"Mythology","boolean","hard","Janus was the Roman god of doorways and passageways.","True","False"
"General Knowledge","multiple","easy","In the English language, what is the name of the &quot;&amp;&quot; character?","Ampersand","Eightslash|And Sign|Obelus "
"Entertainment: Video Games","multiple","medium","Which of the following games in the Anno series introduced the &quot;Eco Balance&quot; gameplay mechanic?","Anno 2070","Anno 1404|Anno 2205| Anno 1701"
"Science: Mathematics","boolean","hard","If you could fold a piece of paper in half 50 times, its&#039; thickness will be 3/4th the distance from the Earth to the Sun.","True","False"
"Entertainment: Video Games","multiple","easy","The most graphically violent game to precede the creation of the ESRB (Entertainment Software Rating Board) was...","Mortal Kombat","Duke Nukem|Resident Evil|Doom"
"Entertainment: Music","multiple","medium","The song &quot;Feel Good Inc.&quot; by British band Gorillaz features which hip hop group?","De La Soul","Public Enemy|OutKast|Cypress Hill"
"Entertainment: Television","multiple","easy","In the Star Trek universe, what color is Vulcan blood?","Green","Blue|Red|Purple"
"History","boolean","medium","&quot;I disapprove of what you say, but I will defend to the death your right to say it&quot; is a quote from French philosopher Voltaire.","False","True"
"History","multiple","medium","How old was Lyndon B. Johnson when he assumed the role of President of the United States?","55","50|60|54"
"Entertainment: Film","multiple","easy","Which of these movies did Jeff Bridges not star in?","The Hateful Eight","Tron: Legacy|The Giver|True Grit"
"Entertainment: Video Games","multiple","medium","Which of these games was the earliest known first-person shooter with a known time of publication?","Spasim","Doom|Wolfenstein|Quake"
"Entertainment: Film","multiple","medium","In which movie does Robin Williams&#039; character have to disguise themselves into a woman?","Mrs. Doubtfire","Old Dogs|Jumanji|Awakenings"
"Science: Mathematics","boolean","medium","The proof for the Chinese Remainder Theorem used in Number Theory was NOT developed by its first publisher, Sun Tzu.","True","False"
"Science: Mathematics","multiple","easy","What&#039;s the square root of 49?","7","4|12|9"
"Science &amp; Nature","multiple","easy","Which type of rock is created by intense heat AND pressure?","Metamorphic","Sedimentary|Igneous|Diamond"
"General Knowledge","boolean","medium","The sum of all the numbers on a roulette wheel is 666.","True","False"
"Entertainment: Cartoon &amp; Animations","multiple","easy","In &quot;Avatar: The Last Airbender&quot;, which element does Aang begin to learn after being defrosted?","Water","Air|Earth|Fire"
"General Knowledge","multiple","hard","Which church&#039;s interior in Vatican City was designed in 1503 by renaissance architects including Bramante, Michelangelo and Bernini?","St. Peter&#039;s Basilica","Catania Cathedral|St. Mark&rsquo;s Basilica|The Duomo of Florence"
"Entertainment: Video Games","multiple","medium","When was Chapter 1 of the Source Engine mod &quot;Underhell&quot; released?","September 1st, 2013","March 3rd, 2011|September 12th, 2013|October 2nd, 2012"
"Entertainment: Music","multiple","medium","Which band released songs such as &quot;Electric Feel&quot;, &quot;Kids&quot;, and &quot;Time to Pretend&quot;?","MGMT","Passion Pit|Phoenix|Franz Ferdinand"
"Entertainment: Video Games","boolean","medium","In Portal, the Companion Cube&#039;s ARE sentient.","True","False"
"General Knowledge","multiple","medium","Which iconic Disneyland attraction was closed in 2017 to be remodeled as a &quot;Guardians of the Galaxy&quot; themed ride?","Twilight Zone Tower of Terror","The Haunted Mansion|Pirates of the Caribbean|Peter Pan&#039;s Flight"
"Entertainment: Music","multiple","easy","Which Twitch streamer is the vocalist for Red Vox?","Vinesauce","The8BitDrummer|LIRIK|Sodapoppin"
"Entertainment: Music","boolean","medium","3 members of 2 Live Crew were arrested for playing songs from their album, As Nasty As They Wanna Be, live.","True","False"
"Art","multiple","medium","Which of these are the name of a famous marker brand?","Copic","Dopix|Cofix|Marx"
"General Knowledge","boolean","easy","Video streaming website YouTube was purchased in it&#039;s entirety by Facebook for US$1.65 billion in stock.","False","True"
"History","boolean","medium","Sargon II, a king of the Neo-Assyrian Empire, was a direct descendant of Sargon of Akkad.","False","True"
"Vehicles","multiple","medium","What do the 4 Rings in Audi&#039;s Logo represent?","Previously independent automobile manufacturers","States in which Audi makes the most sales|Main cities vital to Audi|Countries in which Audi makes the most sales"
"Entertainment: Music","multiple","medium","Which of these is not a single by Pink Floyd guitarist, David Gilmour?","Sunset Strip","Rattle That Lock|Blue Light|Arnold Layne"
"Entertainment: Video Games","multiple","medium","Which of these games was NOT a Nintendo Switch launch title in the United States? ","Voez","Just Dance 2017|Snipperclips|Fast RMX"
"Science: Computers","multiple","medium","Which of the following languages is used as a scripting language in the Unity 3D game engine?","C#","Java|C++|Objective-C"
"Entertainment: Books","multiple","easy","How many Harry Potter books are there?","7","8|5|6"
"Entertainment: Video Games","multiple","medium","In &quot;Overwatch,&quot; what is the hero McCree&#039;s full name?","Jesse McCree","Jack &quot;McCree&quot; Morrison|Gabriel Reyes|Jamison &quot;Deadeye&quot; Fawkes"
"Entertainment: Film","multiple","medium","What is the make and model of the tour vehicles in &quot;Jurassic Park&quot; (1993)?","1992 Ford Explorer XLT","1992 Toyota Land Cruiser|1992 Jeep Wrangler YJ Sahar|Mercedes M-Class"
"Entertainment: Film","multiple","medium","After India, which country produces the second most movies per year?","Nigeria","United States|China|France"
"Entertainment: Video Games","multiple","hard","In Animal Crossing: New Leaf, which of these paintings from Redd&#039;s Art Gallery is always genuine?","Warm Painting","Jolly Painting|Neutral Painting|Wistful Painting"
"Entertainment: Video Games","multiple","easy","In the 2002 video game &quot;Kingdom Hearts&quot;, how many Keyblades are usable?","18","13|16|15"
"Entertainment: Video Games","multiple","hard","In the game Warframe, what Mastery Rank do you need to have to build the Tigris Prime?","13","6|18|10"
"Geography","multiple","easy","Which of these is NOT an Australian state or territory?","Alberta","New South Wales|Victoria|Queensland"
"Entertainment: Music","multiple","easy","Kanye West at 2009 VMA&#039;s interrupted which celebrity?","Taylor Swift","MF DOOM|Beyonce|Beck"
"Entertainment: Music","multiple","easy","What band featured Sting, Stewart Copeland and Andy Summers?","The Police","Def Leppard|The Cure|Bon Jovi"
"Entertainment: Video Games","multiple","medium","In Left 4 Dead, what is the name of the Special Infected that is unplayable in Versus mode?","The Witch","The Tank|The Smoker|The Spitter"
"Entertainment: Japanese Anime &amp; Manga","boolean","hard","The character Plum from &quot;No Game No Life&quot; is a girl.","False","True"
"General Knowledge","multiple","hard","Which of the following is an existing family in &quot;The Sims&quot;?","The Goth Family","The Family|The Simoleon Family|The Proud Family"
"Entertainment: Comics","multiple","medium","Who was the inspiration for Cuthbert Calculus in the Tintin series?","Auguste Picard","Jacques Piccard|Will Morris|J. Cecil Maby"
"Entertainment: Japanese Anime &amp; Manga","multiple","hard","The &quot;To Love-Ru&quot; Manga was started in what year?","2006","2007|2004|2005"
"Entertainment: Video Games","boolean","easy","In the Mortal Kombat series the &quot;Deadly Alliance&quot; consists of Shang Tsung and Quan Chi","True","False"
"Entertainment: Video Games","boolean","easy","The main character in the &quot;Half-Life&quot; franchise is named Morgan Freeman.","False","True"
"Entertainment: Video Games","multiple","hard","In &quot;The Binding of Isaac&quot;, which item instantly kills Mom and Mom&#039;s Heart?","The Bible","The Halo|Brimstone|Book of Shadows"
"Entertainment: Video Games","boolean","medium","Minecraft wasn&rsquo;t the original name to Minecraft.","True","False"
"Entertainment: Japanese Anime &amp; Manga","multiple","hard","In &quot;One Piece&quot;, who is the girl who overcame her enslaved past and became an agent of an army to fight the corrupt government?","Koala","Boa Hancock|Nico Robin|Emporio Ivankov "
"Entertainment: Video Games","multiple","medium","In Terraria, which of these items is NOT crafted at a Mythril Anvil?","Ankh Charm","Venom Staff|Sky Fracture|Orichalcum Tools"
"General Knowledge","boolean","easy","A pasodoble is a type of Italian pasta sauce.","False","True"
"Vehicles","multiple","medium","Which supercar company is from Sweden?","Koenigsegg","Bugatti|Lamborghini|McLaren"
"Entertainment: Books","multiple","medium","In the children&#039;s book series, where is Paddington Bear originally from?","Peru","India|Iceland|Canada"
"Entertainment: Television","multiple","medium","In Breaking Bad, the initials W.W. refer to which of the following?","Walter White","William Wolf|Willy Wonka|Wally Walrus"
"Entertainment: Cartoon &amp; Animations","boolean","medium","Nutcracker Suite was one of the musical pieces featured in Disney&#039;s 1940&#039;s film Fantasia.","True","False"
"Science: Computers","multiple","hard","What is the name of the process that sends one qubit of information using two bits of classical information?","Quantum Teleportation","Super Dense Coding|Quantum Entanglement|Quantum Programming"
"Entertainment: Video Games","multiple","easy","In &quot;Overwatch&quot;, which hero is able to wallride?","Lucio","Reinhardt|Sombra|Mercy"
"Entertainment: Video Games","boolean","easy","Valve&#039;s &quot;Portal&quot; and &quot;Half-Life&quot; franchises exist within the same in-game universe.","True","False"
"Entertainment: Music","multiple","easy","A classic 1976 song by Blue Oyster Cult features the advice &ldquo;Don&rsquo;t Fear The&rdquo; what?","Reaper","Dark|Silence|Clowns"
"Science &amp; Nature","multiple","medium","On which mission did the Space Shuttle Columbia break up upon re-entry?","STS-107","STS-51-L|STS-61-C|STS-109"
"Entertainment: Video Games","multiple","easy","In what year was &quot;Antichamber&quot; released?","2013","2012|2014|2011"
"Entertainment: Music","multiple","easy","The band Muse released their first album, Showbiz, in what year?","1999","1998|2000|2001"
"Entertainment: Video Games","boolean","easy","In &quot;Need for Speed: Porsche Unleashed&quot;, the player can only drive cars manufactured by Porsche.","True","False"
"Vehicles","multiple","medium","Which one of the following is not made by Ford?","Camry","Fusion|Model A|F-150"
"Entertainment: Video Games","multiple","easy","In Five Nights at Freddy&#039;s 1, how can you make Golden Freddy disappear?","Enable cameras","Turn on the light|Shut the door|Do nothing"
"Entertainment: Video Games","multiple","medium","In what year were achivements added to Steam?","2007","2008|2009|2006"
"General Knowledge","multiple","medium","What is a &quot;dakimakura&quot;?","A body pillow","A Chinese meal, essentially composed of fish|A yoga posture|A word used to describe two people who truly love each other"
"Entertainment: Film","multiple","easy","Who is frozen at the end of the movie &quot;Goldeneye&quot;?","Boris Grishenko","James Bond|Natalya Simonova|Alec Travelyan"
"Entertainment: Video Games","boolean","easy","In Terraria, you can craft the Cell Phone pre-hardmode.","True","False"
"Entertainment: Comics","multiple","medium","Which Batman sidekick is the son of Talia al Ghul?","Damian Wayne","Dick Grayson|Tim Drake|Jason Todd"
"Entertainment: Japanese Anime &amp; Manga","multiple","medium","In the anime &quot;Mr. Osomatsu&quot;, how many brothers does Osomatsu-san have?","5","6|7|4"
"Entertainment: Film","boolean","easy","The film &quot;2001: A Space Odyssey&quot; was released on December 31st, 2000.","False","True"
"Geography","multiple","medium","How many counties in the Republic of Ireland.","26","32|28|30"
"Geography","multiple","hard","The prefix Sino- (As in Sino-American) is used to refer to what nationality?","Chinese","Japanese|Russian|Indian"
"Entertainment: Musicals &amp; Theatres","multiple","hard","Who serves as the speaker of the prologue in Shakespeare&#039;s Romeo and Juliet?","Chorus","Montague|Refrain|Capulet"
"General Knowledge","multiple","easy","What alcoholic drink is made from molasses?","Rum","Gin|Vodka|Whisky"
"Entertainment: Japanese Anime &amp; Manga","multiple","medium","What studio animated Fullmetal Alchemist?","Bones","Trigger|Pierrot|xebec"
"Science: Computers","multiple","medium","When was the programming language &quot;C#&quot; released?","2000","1998|1999|2001"
"Entertainment: Television","multiple","medium","In the TV series &quot;Person of Interest&quot;, who plays the character &quot;Harold Finch&quot;?","Michael Emerson","Jim Caviezel|Taraji P. Henson|Kevin Chapman"
"Science: Computers","boolean","medium","The very first recorded computer &quot;bug&quot; was a moth found inside a Harvard Mark II computer.","True","False"
"Mythology","boolean","easy","In Norse mythology, Thor once dressed as a woman.","True","False"
"History","multiple","medium","Which Nazi General was known as the &quot;Desert Fox&quot;?","Erwin Rommel","Gerd von Rundstadt|Wilhelm Keitel|Heinz Guderian "
"Science &amp; Nature","multiple","easy","Dry ice is the solid form of what substance?","Carbon dioxide","Nitrogen|Ammonia|Oxygen"
"Entertainment: Television","multiple","medium","What episode of &quot;Mr. Bean&quot; saw him trying to prevent people from seeing him naked?","Mr. Bean in Room 426","Mr. Bean Goes to Town|The Trouble with Mr. Bean|Back to School Mr. Bean"
"Entertainment: Video Games","boolean","easy","Big the Cat is a playable character in &quot;Sonic Generations&quot;.","False","True"
"Science &amp; Nature","multiple","medium","Which of the following is the male pollen-producing reproductive part of a flower?","Stamen","Sepal|Pistil|Petal"
"Entertainment: Video Games","multiple","hard","Which was the first M-rated video game developed by Squaresoft/Square Enix?","Parasite Eve","Final Fantasy VIII|Front Mission|Vagrant Story"
"Entertainment: Video Games","multiple","medium","In Need for Speed: Underground, what car does Eddie drive?","Nissan Skyline GT-R (R34)","Mazda RX-7 FD3S|Acura Integra Type R|Subaru Impreza 2.5 RS"
"Entertainment: Video Games","multiple","medium","Which of the following Pok&eacute;mon games released first?","Pok&eacute;mon Crystal","Pok&eacute;mon Platinum|Pok&eacute;mon FireRed|Pok&eacute;mon Black"
"Entertainment: Japanese Anime &amp; Manga","multiple","medium","In &quot;JoJo&#039;s Bizarre Adventure&quot;, which of the following Stands does NOT have a time-based ability?","20th Century Boy","Made in Heaven|Star Platinum|The World"
"General Knowledge","multiple","easy","Who played General Aladeen in The Dictator?","Sacha Baron Cohen","Johnny Depp|James Franco|Leonardo Dicaprio"
"Entertainment: Music","multiple","easy","Which singer was featured in Jack &Uuml; (Skrillex &amp; Diplo)&#039;s 2015 song &#039;Where Are &Uuml; Now&#039;?","Justin Bieber","Selena Gomez|Ellie Goulding|The Weeknd"
"History","multiple","hard","In the Seven Wonders of the World, which wonder is the only that has survived to this day?","Great Pyramid of Giza","Colossus of Rhodes|Lighthouse of Alexandria|Statue of Zeus at Olympia"
"History","multiple","easy","In 1453, which important city fell?","Constantinople","Rome|Hamburg|Athens"
"Science &amp; Nature","multiple","easy","How many planets are there in the Solar System?","8","9|11|10"
"Entertainment: Music","multiple","medium","What was the release date of the They Might Be Giants album, &#039;Mink Car?&#039;","September 11th, 2001","April 17th, 2003|November 4th, 1999|December 20th, 2002"
"General Knowledge","multiple","hard","The Swedish word &quot;Grunka&quot; means what in English?","Thing","People|Place|Pineapple"
"Entertainment: Music","multiple","medium","What genre of EDM is the Dutch DJ, musician, and remixer Armin van Buuren most well-known for?","Trance","House|Drum and Bass|Dubstep"
"Entertainment: Video Games","multiple","medium","What song is played during the ending credits of Guitar Hero: World Tour?","Dream Theater - Pull Me Under","King Crimson - 21st Century Schizoid Man|Dragonforce - Through The Fire &amp; The Flames|Lynyrd Skynyrd - Free Bird"
"Entertainment: Video Games","boolean","easy","In the game &quot;Destiny,&quot; the three subclasses of the Hunter are Bladedancer, Nightstalker, and Sunsinger.","False","True"
"Science: Gadgets","multiple","easy","Which of the following is not a type of computer mouse?","Smoothie mouse","Drum mouse|Trackball mouse|Optical mouse"
"General Knowledge","multiple","medium","What name represents the letter &quot;M&quot; in the NATO phonetic alphabet?","Mike","Matthew|Mark|Max"
"Entertainment: Video Games","multiple","medium","In Need For Speed Most Wanted (2005), what do you drive at the beginning of the career mode?","BMW M3 GTR","Porsche 911 Turbo|Nissan 240SX|Ford Mustang"
"Entertainment: Film","multiple","medium","What is the birth name of Michael Keaton?","Michael Douglas","Michael Fox|Michael Richards|Michael Kane"
"Entertainment: Board Games","boolean","hard","The board game Go has more possible legal positions than the number of atoms in the visible universe.","True","False"
"Geography","multiple","hard","Which is the largest freshwater lake in the world?","Lake Superior ","Caspian Sea|Lake Michigan|Lake Huron"
"Entertainment: Video Games","multiple","hard","In the 2014 Pokemon VGC Finals, which Pokemon was famous for bringing the winner to victory?","Pachirisu","Garchomp|Lapras|Primal Groudon"
"Entertainment: Books","multiple","medium","Which of these books was NOT written by the Czech author Karel Čapek?","Journey to the Center of the Earth","The War with the Newts|R.U.R. (Rossum&#039;s Universal Robots)|Dashenka, or the Life of a Puppy"
"Entertainment: Comics","multiple","hard","In 1978, Superman teamed up with what celebrity, to defeat an alien invasion?","Muhammad Ali","Mike Tyson|Sylvester Stallone|Arnold Schwarzenegger"
"Vehicles","multiple","hard","Which one of the following is NOT a sub-company of the Volkswagen Group?","Opel","Porsche|Bugatti|Bentley"
"Art","multiple","medium","Who designed the Chupa Chups logo?","Salvador Dali","Pablo Picasso|Andy Warhol|Vincent van Gogh"
"Entertainment: Music","boolean","easy","A Saxophone is a brass instrument.","False","True"
"Entertainment: Video Games","multiple","easy","What is the name of the 4-armed Chaos Witch from the 2016 video game &quot;Battleborn&quot;?","Orendi","Orendoo|Oranda|Randy"
"Entertainment: Video Games","multiple","medium","In &quot;Call Of Duty: Zombies&quot;, which map features the &quot;Fly Trap&quot; easter egg?","Der Riese","Tranzit|Call Of The Dead|Shi No Numa"
"History","multiple","hard","When did Canada leave the confederation to become their own nation?","July 1st, 1867","July 1st, 1763|July 1st, 1832|July 1st, 1902"
"Entertainment: Video Games","multiple","hard","What is the name of the virus that infected New York in Tom Clancy&#039;s The Division?","Dollar Flu","Ebola|Red Poison|Smallpox"
"Entertainment: Video Games","multiple","hard","&quot;Gimmick!&quot; is a Japanese Famicom game that uses a sound chip expansion in the cartridge. What is it called?","FME-7","VRC7|VRC6|MMC5"
"Entertainment: Video Games","multiple","medium","Which of these characters does not appear in &quot;Nier: Automata&quot;?","A1","A2|9S|2B"
"Entertainment: Books","multiple","medium","Who is the protagonist of the book: &quot;The Catcher in the Rye&quot; by J.D. Salinger","Holden Caulfield","Holden David|Jerome Caulfield|Jerome David"
"Entertainment: Television","multiple","medium","In the Sci-Fi television show Doctor Who, who plays the Tenth Doctor?","David Tennant","William Hartnell|Peter Capaldi|Peter Davison"
"General Knowledge","multiple","medium","A statue of Charles Darwin sits in what London museum?","Natural History Museum","Tate|British Museum|Science Museum"
"Geography","multiple","hard","What is Canada&#039;s largest island?","Baffin Island","Prince Edward Island|Vancouver Island|Newfoundland"
"Entertainment: Comics","multiple","medium","What is the real name of the &quot;Master Of Magnetism&quot; Magneto?","Max Eisenhardt","Charles Xavier|Pietro Maximoff|Johann Schmidt"
"Art","multiple","easy","Who painted The Starry Night?","Vincent van Gogh","Pablo Picasso|Leonardo da Vinci|Michelangelo"
"General Knowledge","multiple","hard","What is the airspeed velocity of an unladen swallow?","24 MPH","15 MPH|20 MPH|200 MPH"
"Science: Computers","multiple","medium","On which day did the World Wide Web go online?","December 20, 1990","December 17, 1996|November 12, 1990|November 24, 1995"
"Entertainment: Television","multiple","easy","On the NBC show Community, whose catch-phrase was &quot;Pop! Pop!&quot;?","Magnitude","Star Burns|Leonard|Senoir Chang"
"Entertainment: Books","multiple","easy","What is the name of the protagonist of J.D. Salinger&#039;s novel Catcher in the Rye?","Holden Caulfield","Fletcher Christian|Jay Gatsby|Randall Flagg"
"Animals","boolean","easy","A slug&rsquo;s blood is green.","True","False"
"Geography","boolean","easy","Greenland is almost as big as Africa.","False","True"
"Entertainment: Board Games","multiple","easy","Which of these games includes the phrase &quot;Do not pass Go, do not collect $200&quot;?","Monopoly","Pay Day|Cluedo|Coppit"
"History","multiple","hard","What was found in 1946 by two young shepards near a cave?","Dead Sea Scrolls","The Blackbeard Chest|Sheep|The First Oaxaca Cave Sleeper"
"Science &amp; Nature","multiple","hard","What physics principle relates the net electric flux out of a closed surface to the charge enclosed by that surface?","Gauss&#039;s Law","Faraday&#039;s Law|Ampere&#039;s Law|Biot-Savart Law"
"General Knowledge","boolean","easy","In 2010, Twitter and the United States Library of Congress partnered together to archive every tweet by American citizens.","True","False"
"General Knowledge","multiple","easy","Which country, not including Japan, has the most people of Japanese descent?","Brazil","China|South Korea|United States of America"
"Entertainment: Music","multiple","medium","Which song made by MAN WITH A MISSION was used as the opening for the anime &quot;Log Horizon&quot;?","&quot;Database&quot;","&quot;Dead End in Tokyo&quot;|&quot;Raise Your Flag&quot;|&quot;Out of Control&quot;"
"History","multiple","easy","What does the United States of America celebrate during the 4th of July?","The signing of the Declaration of Independence","The anniversary of the Battle of Gettysburg|The crossing of the Delaware River|The ratification of the Constitution"
"History","boolean","medium","The Korean War ended in 1953 without any ceasefire.","False","True"
"Geography","multiple","easy","Where would you find the &quot;Spanish Steps&quot;?","Rome, Italy","Barcelona, Spain|Berlin, Germany|London, England"
"Entertainment: Video Games","multiple","easy","Who is the main antagonist of Ori and the Blind Forest?","Kuro","Nibel|Gumo|King Rammer XII"
"Vehicles","multiple","easy","What is the fastest road legal car in the world?","Koenigsegg Agera RS","Hennessy Venom GT|Bugatti Veyron Super Sport|Pagani Huayra BC"
"Entertainment: Music","multiple","medium","May 16th of every year is known as __________ Day, named after a punk band prominent in the 1990s.","Lagwagon","Goldfinger|Less Than Jake|Lit"
"Science: Computers","multiple","medium","Laserjet and inkjet printers are both examples of what type of printer?","Non-impact printer","Impact printer|Daisywheel printer|Dot matrix printer"
"Entertainment: Japanese Anime &amp; Manga","multiple","medium","In JoJo&#039;s Bizarre Adventure, who says &quot;Yare yare daze&quot;?","Jotaro Kujo","Joseph Joestar|Jolyne Cujoh|Koichi Hirose"
"Entertainment: Video Games","multiple","medium","Which car is NOT featured in &quot;Need for Speed: Hot Pursuit 2&quot;?","Toyota MR2","Ford Crown Victoria|BMW Z8|McLaren F1"
"General Knowledge","multiple","easy","When was the Playstation 3 released?","November 11, 2006","January 8, 2007|December 25, 2007|July 16, 2006"
"Geography","boolean","easy","Africa is a country.","False","True"
"Entertainment: Video Games","multiple","medium","Who is the main character of &quot;Metal Gear Solid 3&quot;?","Naked Snake","Solid Snake|Liquid Snake|Venom Snake"
"Entertainment: Film","multiple","medium","Which iconic character is featured in movies such as &quot;The Enforcer&quot;, &quot;Sudden Impact&quot;, and &quot;The Dead Pool&quot;?","Dirty Harry","Indiana Jones|James Bond|Harry Potter"
"General Knowledge","multiple","easy","What is the name of the Jewish New Year?","Rosh Hashanah","Elul|New Year|Succoss"
"Entertainment: Books","multiple","easy","What is the name of the three headed dog in Harry Potter and the Sorcerer&#039;s Stone?","Fluffy","Spike|Poofy|Spot"
"Entertainment: Video Games","multiple","medium","Which of these is NOT the name of a team leader in Pok&eacute;mon GO?","Leif","Blanche|Spark|Candela"
"Entertainment: Video Games","boolean","hard","In &quot;Minecraft&quot;, gold tools are faster than diamond tools.","True","False"
"Entertainment: Cartoon &amp; Animations","multiple","medium","What is the cartoon character, Andy Capp, known as in Germany?","Willi Wakker","Dick Tingeler|Helmut Schmacker|Rod Tapper"
"Entertainment: Video Games","multiple","easy","What does Solid Snake use to hide himself with?","Cardboard Box","Cloaking Device|Metal Crate|Cardboard cut-out"
"Science: Computers","multiple","hard","What was the name of the security vulnerability found in Bash in 2014?","Shellshock","Heartbleed|Bashbug|Stagefright"
"Animals","multiple","easy","What do you call a baby bat?","Pup","Cub|Chick|Kid"
"Science &amp; Nature","multiple","easy","Which element has the chemical symbol &#039;Fe&#039;?","Iron","Gold|Silver|Tin"
"Science: Computers","multiple","easy","What is the name of Layer 7 of the OSI model?","Application","Session|Network|Present"
"Entertainment: Television","multiple","hard","In &quot;Donkey Kong Country&quot;, why does Donkey Kong want to know the secret of the crystal coconut?","He&#039;s the big kahuna.","To find out where all the bananas are.|Because Diddy Kong forced him.|He wants to punish brutes."
"Science: Mathematics","multiple","medium","What Greek letter is used to signify summation?","Sigma","Delta|Alpha|Omega"
"Entertainment: Video Games","multiple","medium","In what year was the original Sonic the Hedgehog game released?","1991","1989|1993|1995"
"Science &amp; Nature","multiple","easy","What animal takes part in Schr&ouml;dinger&#039;s most famous thought experiment?","Cat","Dog|Bat|Butterfly"
"Entertainment: Video Games","multiple","medium","Who created Agent 47 in the game series &quot;Hitman&quot;?","Dr. Otto Wolfgang Ort-Meyer","Professor Hertz Amadeus Schneider|Dr. Josef Mengele|Professor Otto Rothwinkler"
"Entertainment: Video Games","multiple","medium","Who published the 1998 video game Half-Life?","Sierra On-Line","Valve|Blizzard|EA"
"History","multiple","medium","In World War I, what was the name of the alliance of Germany, Austria-Hungary, the Ottoman Empire, and Bulgaria?","The Central Powers","The Axis Powers|The Federation of Empires|Authoritarian Alliance"
"Entertainment: Video Games","multiple","hard","In the game &quot;VA-11 Hall-A&quot; during Virgilio&#039;s ending, Virgilio opens his own:","Curry Stand","Bar|Museum|Law Firm"
"Entertainment: Music","multiple","easy","Who performed &quot;I Took A Pill In Ibiza&quot;?","Mike Posner","Avicii|Robbie Williams|Harry Styles"
"Entertainment: Video Games","multiple","medium","In the Portal series, Aperture Science was founded under what name in the early 1940s?","Aperture Fixtures","Aperture Lavatories|Aperture Science Innovators|Wheatley Laboratories"
"Entertainment: Television","multiple","hard","The theme for the popular science fiction series &quot;Doctor Who&quot; was composed by who?","Ron Grainer","Murray Gold|Delia Derbyshire|Peter Howell"
"Entertainment: Video Games","multiple","easy","What company develops the Rock Band series of rhythm games?","Harmonix","Activision|Konami|Electronic Arts"
"Entertainment: Video Games","multiple","easy","Which franchise does the creature &quot;Slowpoke&quot; originate from?","Pokemon","Dragon Ball|Sonic The Hedgehog|Yugioh"
"Entertainment: Japanese Anime &amp; Manga","boolean","medium","The anime Attack on Titan was directed by Tetsurō Araki, the same person who directed the anime Highschool of the Dead.","True","False"
"General Knowledge","multiple","easy","Which of these words refers to something made, distributed, or sold illegally?","Bootleg","Bootblack|Bootlace|Bootstrap"
"Entertainment: Japanese Anime &amp; Manga","multiple","medium","Who voices the character &quot;Reigen&quot;  in the English dub of &quot;Mob Psycho 100&quot;?","Chris Niosi","Max Mittelman|Kyle McCarley|Casey Mongillo"
"Entertainment: Film","multiple","easy","Who played Deputy Marshal Samuel Gerard in the 1993 film &quot;The Fugitive&quot;?","Tommy Lee Jones","Harrison Ford|Harvey Keitel|Martin Landau"
"Entertainment: Board Games","boolean","easy","There is a Donald Trump Board Game, which was made in 1989.","True","False"
"Geography","multiple","medium","What is the official national language of Pakistan?","Urdu","Indian|Punjabi|Pashto"
"Entertainment: Television","multiple","easy","Which character was played by Dustin Diamond in the sitcom &#039;Saved by the Bell&#039;?","Screech","Zack|Mr. Belding|A.C. Slater"
"Entertainment: Music","multiple","easy","What 1970&#039;s American ballad referred to the 1959 plane crash as the &quot;the day the music died&quot;?","American Pie","Kentucky Rain|I Will Always Love You|Rock &#039;n&#039; Roll Suicide"
"Entertainment: Video Games","multiple","easy","Who made Garry&#039;s Mod?","Garry Newman","Randy Newman|Facepunch Studios|Gabe Newell"
"Entertainment: Video Games","multiple","medium","What element does the Zinogre use in Monster Hunter?","Thunder","Ice|Fire|Water"
"Entertainment: Video Games","multiple","easy","What year was Super Mario Bros. released?","1985","1983|1987|1986"
"Science: Mathematics","multiple","medium","Which of the following dice is not a platonic solid?","10-sided die","12-sided die|20-sided die|8-sided die"
"Entertainment: Japanese Anime &amp; Manga","boolean","easy","No Game No Life first aired in 2014.","True","False"
"Science &amp; Nature","multiple","hard","Which of these is a semiconductor amplifying device?","transistor","tube|diode|P-N junction"
"Entertainment: Film","multiple","easy","This movie contains the quote, &quot;I feel the need ... the need for speed!&quot;","Top Gun","Days of Thunder|The Color of Money|Cocktail"
"Entertainment: Video Games","multiple","easy","Which of these is NOT a map included in the game Counter-Strike: Global Offensive?","Oilrig","Assault|Mirage|Cache"
"Art","multiple","easy","What is the name of the Japanese art of folding paper into decorative shapes and figures?","Origami","Sumi-e|Ukiyo-e|Haiku"
"Celebrities","multiple","medium","What is Doug Walker&#039;s YouTube name?","The Nostalgia Critic","The Angry Video Game Nerd|AngryJoeShow|The Cinema Snob"
"History","multiple","medium","Which WWII tank ace is credited with having destroyed the most tanks?","Kurt Knispel","Michael Wittmann|Walter Kniep|Otto Carius"
"General Knowledge","multiple","easy","What is Cynophobia the fear of?","Dogs","Birds|Flying|Germs"
"Entertainment: Video Games","multiple","easy","Who is the main protagonist in Danganronpa 2: Goodbye Despair?","Hajime Hinata","Nagito Komaeda|Makoto Naegi|Junko Enoshima"
"Entertainment: Video Games","multiple","medium","In the game Paper Mario for the Nintendo 64 the first partner you meet is a Goomba, what is its name?","Goombario","Goombella|Goombarry|Goomby"
"Entertainment: Music","multiple","hard","Who wrote the song &quot;You Know You Like It&quot;?","AlunaGeorge","DJ Snake|Steve Aoki|Major Lazer"
"Science &amp; Nature","multiple","medium","Which of the following spacecraft never touched the moon?","Mariner 4","Apollo 11|Luna 2|SMART-1"
"Entertainment: Books","multiple","hard","In the Magic: The Gathering universe,  the Antiquities, Ice Age, and Alliances expansions take place on which continent?","Terisiare","Aerona|Shiv|Jamuraa"
"Entertainment: Comics","multiple","easy","The main six year old protagonist in Calvin and Hobbes is named after what theologian?","John Calvin","Calvin Klein|Calvin Coolidge|Phillip Calvin McGraw"
"Entertainment: Video Games","multiple","medium","In &quot;Call Of Duty: Zombies&quot;, completing which map&#039;s main easter egg will reward you with the achievement, &quot;High Maintenance&quot;?","Die Rise","Mob Of The Dead|Origins|Ascension"
"Entertainment: Music","multiple","medium","Who had a US and UK number 1 hit in 1962 with the instrumental, &#039;Telstar&#039;?","The Tornados","The Ventures|The Spotnicks|The Tremeloes"
"Science: Mathematics","multiple","easy","What is the equation for the area of a sphere?","(4/3)&pi;r^3","4&pi;r^2|(1/3)&pi;hr^2|&pi;r^4"
"Entertainment: Film","multiple","easy","What is the name of the fictional retro-mod band starring Austin Powers as the lead vocalist?","Ming Tea","Cough Fi|Spear Mint|Mister E"
"Entertainment: Music","multiple","easy","Which group performs the song &quot;Crash into Me&quot;?","Dave Matthews Band","Phish|The Grateful Dead|Destiny&#039;s Child"
"Entertainment: Video Games","multiple","easy","Who is the main protagonist of Dead Space?","Isaac Clarke","Commander Shepard|Gordon Freeman|Master Chief"
"Entertainment: Television","multiple","hard","Which actor from The Young Ones also played Lord Flashheart in one episode of Blackadder II?","Rik Mayall","Adrian Edmondson|Nigel Planer|Christopher Ryan"
"Entertainment: Video Games","multiple","easy","In Animal Crossing, who is the manager of the town shop?","Tom Nook","Mr. Resetti|Gracie|K.K. Slider"
"Geography","multiple","medium","What is the name of the capital of Turkey?","Ankara","Istanbul|Izmir|Bursa"
"Entertainment: Television","multiple","medium","What year did the television company BBC officially launch the channel BBC One?","1936","1948|1932|1955"
"Geography","multiple","medium","Lake Titicaca is located between which two nations?","Peru and Bolivia","Kenya and Uganda|Mexico and the United States|India and Bangladesh"
"Entertainment: Video Games","multiple","easy","Which of the following was NOT a playable character in the game Kingdom Hearts: Birth by Sleep?","Ignis","Ventus|Terra|Aqua"
"Entertainment: Video Games","multiple","medium","In Splatoon, what is the age that inklings can freely change between squid and humanoid forms?","14","13|16|10"
"History","multiple","hard","Who was the first man to travel into outer space twice?","Gus Grissom","Vladimir Komarov|Charles Conrad|Yuri Gagarin"
"Entertainment: Japanese Anime &amp; Manga","multiple","hard","&quot;Silhouette&quot;, a song performed by the group &#039;KANA-BOON&#039; is featured as the sixteenth opening of which anime?","Naruto: Shippūden","One Piece|Naruto|Gurren Lagann"
"Science &amp; Nature","multiple","easy","What does LASER stand for?","Light amplification by stimulated emission of radiation","Lite analysing by stereo ecorazer|Light amplifier by standby energy of radio|Life antimatter by standing entry of range"
"Entertainment: Video Games","multiple","medium","In the game Pok&eacute;mon Conquest, how many kingdoms make up the region of Ransei?","17","18|15|16"
"Vehicles","boolean","medium","Mitsubishi Motors has had a 30-year partnership with Jackie Chan, whose movies have prominently featured their vehicles.","True","False"
"Sports","multiple","medium","Which portuguese island is soccer player Cristiano Ronaldo from?","Madeira","Terceira|Santa Maria|Porto Santo"
"Entertainment: Video Games","multiple","hard","&quot;Banjo-Kazooie&quot; originally started its development as a totally different game for the SNES under which codename?","Project Dream","Project Ukulele|Project Land|Project BK"
"Entertainment: Television","multiple","easy","What TV show is about a grandfather dragging his grandson around on adventures?","Rick &amp; Morty","Family Guy|South Park|American Dad"
"Entertainment: Books","multiple","medium","In the year 1818, novelist Mary Shelly is credited with writing a fiction novel and creating this infamous character.","Frankenstein&#039;s monster","Dracula|The Thing|The Invisible Man"
"Entertainment: Video Games","multiple","medium","What is the perk that was introduced in the &quot;Call Of Duty: Zombies&quot; map, &quot;Mob Of The Dead&quot;?","Electric Cherry","Quick Revive|Vulture Aid|Tombstone"
"General Knowledge","multiple","easy","&quot;A3&quot;, &quot;B1&quot;, and &quot;Legal&quot; are typical names of sizes for what object?","Paper","Airplanes|Law books|Phone screens"
"Celebrities","multiple","medium","What was the name of Marilyn Monroe&#039;s first husband?","James Dougherty","Joe Dimaggio|Kirk Douglas|Arthur Miller"
"Sports","multiple","hard","Etihad Stadium is the home stadium for which team?","Manchester City","Manchester United|Arsenal|Blackpool"
"History","multiple","hard","Bohdan Khmelnytsky was which of the following?","Leader of the Ukrainian Cossacks","General Secretary of the Communist Party of the USSR|Prince of Wallachia|Grand Prince of Novgorod"
"History","multiple","hard","What was the aim of the &quot;Umbrella Revolution&quot; in Hong Kong in 2014?","Genuine universal suffrage","Gaining Independence|Go back under British Rule|Lower taxes"
"Entertainment: Music","multiple","medium","Johnny Cash did a cover of this song written by lead singer of Nine Inch Nails, Trent Reznor.","Hurt","Closer|A Warm Place|Big Man with a Gun"
"Art","multiple","easy"," What color is produced by mixing black and white?","Grey","Black|Brown|White"
"History","boolean","medium","Franz Joseph I was the last emperor of Austria.","False","True"
"Science &amp; Nature","multiple","easy","How many planets are in our Solar System?","Eight","Nine|Seven|Ten"
"Entertainment: Cartoon &amp; Animations","boolean","medium","Nickelodeon rejected the pilot to Adventure Time.","True","False"
"General Knowledge","multiple","medium","What is the highest number of Michelin stars a restaurant can receive?","Three","Four|Five|Six"
"Sports","multiple","easy","What is the name of the &quot;tool&quot; used to hit the white ball in snooker or billiards?","Cue","Racquet|Bat|Mallet"
"Entertainment: Music","multiple","hard","&quot;All the Boys&quot; by Panic! At the Disco was released as a bonus track on what album?","Too Weird To Live, Too Rare To Die!","A Fever You Can&#039;t Sweat Out|Death Of A Bachelor|Vices &amp; Virtues"
"Entertainment: Video Games","multiple","medium","Which puzzle game was designed by a Russian programmer, featuring Russian buildings and music?","Tetris","Jenga|Boulder Dash|Puzzled"
"Entertainment: Music","multiple","hard","What year was Huun Huur Tu&#039;s album Altai Sayan Tandy-Uula released? ","2004","1993|2006|2010"
"Entertainment: Video Games","multiple","easy","What is the name of the talking cat in Persona 5?","Morgana","Teddie|Marie|Ryuji"
"History","multiple","easy","Who rode on horseback to warn the Minutemen that the British were coming during the U.S. Revolutionary War?","Paul Revere","Thomas Paine|Henry Longfellow|Nathan Hale"
"General Knowledge","boolean","hard","This is the correct spelling of &quot;Supercalifragilisticexpialidocious&quot;.","True","False"
"Entertainment: Video Games","multiple","medium","Which of these video game series have NOT had a promotional item appear in Team Fortress 2?","Half-Life","Quake|The Binding of Isaac|Fallout"
"Sports","multiple","medium","Which Formula 1 driver switched teams in the middle of the 2017 season?","Carlos Sainz Jr.","Daniil Kvyat|Jolyon Palmer|Rio Haryanto"
"Entertainment: Japanese Anime &amp; Manga","multiple","medium","In &quot;Little Witch Academia&quot;, what is Shiny Chariot&#039;s alias at Luna Nova Academy?","Ursula Callistis","Croix Meridies|Miranda Holbrook|Anne Finnelan"
"Entertainment: Japanese Anime &amp; Manga","multiple","medium","In &quot;A Certain Magical Index,&quot; what is Accelerator able to control?","Vectors","Velocity|Quantums|Wormholes"
"Entertainment: Television","multiple","hard","In season one of the US Kitchen Nightmares, Gordan Ramsay tried to save 10 different restaurants. How many ended up closing afterwards?","9","6|3|0"
"Entertainment: Music","multiple","medium","What was Britney Spears&#039; debut single?","...Baby One More Time","Oops!... I Did It Again|(You Drive Me) Crazy|Toxic"
"Geography","multiple","medium","What is the name of the only remaining Grand Duchy in the world ?","Luxembourg","Montenegro|Liechtenstein|Andorra"
"Politics","multiple","easy","The largest consumer market in 2015 was...","The United States of America","Germany|Japan|United Kingdom"
"Entertainment: Video Games","multiple","easy","In the videogame Bully, what is the protagonist&#039;s last name?","Hopkins","Smith|Kowalski|Crabblesnitch"
"Entertainment: Japanese Anime &amp; Manga","boolean","easy","In the &quot;To Love-Ru&quot; series, Golden Darkness is sent to kill Lala Deviluke.","False","True"
"Entertainment: Video Games","multiple","hard","In the Team Fortress 2 canon, what did Shakespearicles NOT invent?","Stairs","Two-Story Building|Rocket Launcher|Stage Play"
"Entertainment: Comics","multiple","easy","Who is Batman?","Bruce Wayne","Clark Kent|Barry Allen|Tony Stark"
"Science: Computers","multiple","medium","In the programming language &quot;Python&quot;, which of these statements would display the string &quot;Hello World&quot; correctly?","print(&quot;Hello World&quot;)","console.log(&quot;Hello World&quot;)|echo &quot;Hello World&quot;|printf(&quot;Hello World&quot;)"
"Entertainment: Video Games","multiple","medium","Which country was Eliza &quot;Ash&quot; Cohen from &quot;Tom Clancy&#039;s Rainbow Six Siege&quot; born in?","Israel","United States of America|Mexico|Canada"
"Entertainment: Comics","multiple","medium","What was the name of the first Robin in the Batman comics?","Dick Grayson","Bruce Wayne|Jason Todd|Tim Drake"
"Entertainment: Video Games","multiple","hard","The voice actor for which Portal 2 character was not a TV or film actor prior to the game?","GLaDOS","Cave Johnson|Wheatley|Atlas / P-Body"
"Entertainment: Comics","multiple","medium","In Marvel Comics, Taurus is the founder and leader of which criminal organization?","Zodiac","Scorpio|Tiger Mafia|The Union"
"General Knowledge","multiple","medium","Which logical fallacy means to attack the character of your opponent rather than their arguments?","Ad hominem","Post hoc ergo propter hoc|Tu quoque|Argumentum ad populum"
"Entertainment: Television","multiple","medium","Who was Firestorm&#039;s rival during the original run of UK Robot Wars?","Panic Attack","Razer|Chaos 2|Hypno Disc"
"General Knowledge","multiple","medium","Which of the following is NOT one of Aesop&#039;s fables?","The Fox and the Hound","The Fox and the Grapes|The Tortoise and the Hare|The Frog and the Ox"
"Entertainment: Japanese Anime &amp; Manga","multiple","medium","In the 2011 TV anime series, &quot;THE iDOLM@STER&quot;, what was the name of Iori&#039;s stuffed toy bunny?","Charles","Bubsy|Kero|Usagi"
"Science: Computers","multiple","hard","What major programming language does Unreal Engine 4 use?","C++","Assembly|C#|ECMAScript"
"Entertainment: Video Games","multiple","easy","In the game &quot;Overwatch,&quot; what are the names of the two Australian criminals from the Junkers faction?","Junkrat and Roadhog","Roadrat and Junkhog|Ana and Pharah|McCree and Deadeye"
"Entertainment: Video Games","multiple","medium","In &quot;Overwatch&quot;, Coalescence is the name for the ultimate of which hero?","Moira","Zenyatta|Torbjorn|Symmetra"
"Entertainment: Music","multiple","hard","Bj&ouml;rk&#039;s &quot;Unison&quot; contains a sample of which Oval song?","Aero Deck","Textuell|Panorama|Do While"
"Geography","multiple","hard","What is the name of one of the Neo-Aramaic languages spoken by the Jewish population from Northwestern Iraq?","Lishana Deni","Hulaul&aacute;|Lishan Didan|Chaldean Neo-Aramaic"
"Entertainment: Television","multiple","hard","In the TV Show &quot;Donkey Kong Country&quot;, which episode did the song &quot;Eddie, Let Me Go Back To My Home&quot; play in?","It&#039;s a Wonderful Life","Message In A Bottle Show|To The Moon Baboon|Ape-Nesia"
"Politics","multiple","medium","Who succeeded Joseph Stalin as General Secretary of the Communist Party of the Soviet Union?","Nikita Khrushchev","Leonid Brezhnev|Mikhail Gorbachev|Boris Yeltsin"
"Entertainment: Video Games","multiple","medium","How many different notes is the tune, &quot;Song of Healing&quot;, comprised of in &quot;The Legend of Zelda: Majora&#039;s Mask&quot;?","3","4|1|6"
"Entertainment: Music","multiple","easy","In the  Rossini opera, what was the name of &#039;The Barber of Seville&#039;?","Figaro","Angelo|Fernando|Dave"
"Entertainment: Film","multiple","hard","In &quot;Star Trek Nemesis&quot;, why was Praetor Shinzon created?","To replace Picard as a Romulan Agent","To destroy the Enterprise|To become Picard&#039;s friend |To steal the Enterprise"
"Entertainment: Music","multiple","medium","Which artist collaborated with American DJ Dillon Francis to release the song 2016 &quot;Need You&quot;?","NGHTMRE","LOUDPVCK|KRNE|DVBBS"
"Entertainment: Japanese Anime &amp; Manga","multiple","medium","What year did &quot;Bishoujo Senshi Sailor Moon&quot; air in Japan?","1992","1989|1990|1994"
"Entertainment: Books","multiple","medium","By what name was the author Eric Blair better known?","George Orwell","Aldous Huxley|Ernest Hemingway|Ray Bradbury"
"History","multiple","hard","What was the name of the spy ring that helped the United States win the Revolutionary War?","Culper Ring","New York Spy Ring|Washington&#039;s Spies|Unnamed"
"Geography","multiple","easy","What is the capital of the American state of Arizona?","Phoenix","Montgomery|Tallahassee|Raleigh"
"Entertainment: Video Games","multiple","medium","What is a Tetris piece called?","Tetromino","Tetratile|Tetris|Tetripiece"
"Entertainment: Film","multiple","hard","What did the first moving picture depict?","A galloping horse","A woman in a dress|A man walking|A crackling fire"
"History","multiple","easy","Who was the first ruler of Haiti after the country had gained its independence?","Jean-Jacques Dessalines","Toussaint Louverture|Henri Christophe|Alexandre Petion"
"Entertainment: Music","boolean","easy","Lead Singer Rivers Cuomo of American rock band Weezer attended Harvard.","True","False"
"Entertainment: Video Games","multiple","medium","From where does the Nintendo video game character Mario derive his name?","The landlord of the American headquarters","Shigeru Miyamoto&#039;s father in law|Satoru Iwata&#039;s plumber|The date (Mar 10) that Donkey Kong was released."
"Entertainment: Video Games","multiple","medium","In WarioWare: Smooth Moves, which one of these is NOT a Form?","The Hotshot","The Discard|The Elephant|The Mohawk"
"Entertainment: Television","multiple","medium","In Battlestar Galactica (2004), what is the name of the President of the Twelve Colonies?","Laura Roslin","William Adama|Tricia Helfer|Harry Stills"
"Celebrities","multiple","medium","In 2014, this new top 100 rapper who featured in &quot;Computers&quot; and &quot;Body Dance&quot; was arrested in a NYPD sting for murder.","Bobby Shmurda","DJ Snake|Swae Lee|Young Thug"
"Science &amp; Nature","multiple","easy","What did Gregory Mendel use to test genetic crossovers?","Peas","Cats|Flowers|Parrots"
"Entertainment: Video Games","multiple","easy","In vanilla Minecraft, which of the following cannot be made into a block?","Charcoal","Coal|Wheat|String"
"Science &amp; Nature","multiple","medium","The human right lung has how many lobes?","3","4|2|1"
"Science: Computers","boolean","medium","The &#039;Raspberry Pi&#039; series of single-board computers were created in the United States.","False","True"
"Animals","multiple","medium","A carnivorous animal eats flesh, what does a nucivorous animal eat?","Nuts","Nothing|Fruit|Seaweed"
"History","multiple","medium","On what day did Germany invade Poland?","September 1, 1939","December 7, 1941|June 22, 1941|July 7, 1937"
"Entertainment: Film","multiple","hard","Which singer is portrayed by Bruce Campbell in the 2002 film &#039;Bubba Ho-Tep&#039;?","Elvis Presley","Johnny Cash|Hank Williams, Sr.|Buddy Holly"
"Geography","multiple","easy","Which country is the home of the largest Japanese population outside of Japan?","Brazil","China|Russia|The United States"
"Entertainment: Japanese Anime &amp; Manga","boolean","medium","In &quot;To Love-Ru: Darkness&quot;, Yami reveals her real name is Eve.","True","False"
"Entertainment: Music","multiple","medium","Which genre of Hip Hop does MC Frontalot rap?","Nerdcore","Horrorcore|Christian|Crunk"
"Science: Computers","multiple","hard","The internet domain .fm is the country-code top-level domain for which Pacific Ocean island nation?","Micronesia","Fiji|Tuvalu|Marshall Islands"
"Entertainment: Video Games","multiple","hard","What programming language was used to create the game &quot;Minecraft&quot;?","Java","HTML 5|C++|Python"
"Animals","multiple","hard","What is the name of the copper-rich protein that creates the blue blood in the Antarctic octopus?","Hemocyanin","Cytochrome|Iron|Methionine"
"Entertainment: Video Games","multiple","medium","Who was Tetris created by?","Alexey Pajitnov","Toru Iwatani|Allan Alcorn|William Higinbotham"
"Entertainment: Music","multiple","medium","Which of the following stars was not mentioned in the lyrics of Madonna&#039;s &quot;Vogue&quot;?","Mae West","Marlene Dietrich|Lana Turner|Grace Kelly"
"Entertainment: Video Games","boolean","easy","In &quot;Tony Hawk&#039;s Underground&quot;, the main character&#039;s friend turned rival is named &quot;Jeff Sampson&quot;","False","True"
"Entertainment: Video Games","multiple","hard","In &quot;The Witness&quot;, how many lasers must be activated to get into the mountain area?","7","8|5|12"
"History","multiple","medium","When Christopher Columbus sailed to America, what was the first region he arrived in?","The Bahamas Archipelago","Florida|Isthmus of Panama|Nicaragua"
"Geography","multiple","medium","What is the capital of Greenland?","Nuuk","Sisimiut|Narsaq|Maniitsoq"
"Entertainment: Music","multiple","medium","Which rapper had an album that went double platinum with no features?","J. Cole","Kendrick Lamar|Drake|Big Sean"
"Entertainment: Video Games","multiple","hard","What&#039;s the name of the halloween-related Sims 4 Stuff Pack released September 29th, 2015?","Spooky Stuff","Ghosts n&#039; Ghouls|Nerving Nights|Fearful Frights"
"Sports","multiple","easy","In the 2014 FIFA World Cup, what was the final score in the match Brazil - Germany?","1-7","1-5|1-6|2-6"
"Science: Computers","multiple","easy","The numbering system with a radix of 16 is more commonly referred to as ","Hexidecimal","Binary|Duodecimal|Octal"
"Entertainment: Japanese Anime &amp; Manga","multiple","easy","Who was a voice actor for the English dubbing of HOWL&#039;S MOVING CASTLE (2004)?","Christian Bale","Matt Damon|Joseph Gordon-Levitt|Willem Dafoe"
"History","multiple","medium","In what year did the Berlin Wall fall?","1989","1987|1991|1993"
"Science: Computers","boolean","easy","JavaScript derives from a later version of Java","False","True"
"Geography","multiple","easy","In which country is the city of Rio de Janeiro?","Brazil","Peru|Chile|Venezuela"
"Entertainment: Video Games","multiple","medium","What is the full name of the protagonist from the indie adventure game &quot;Night in the Woods&quot;?","Margaret Borowski","Marlena Woborski|Milena Catharina|Katia Managan"
"History","multiple","medium","The Korean War started in what year?","1950","1945|1960|1912"
"Sports","multiple","medium","Which soccer team won the Copa Am&eacute;rica 2015 Championship ?","Chile","Argentina|Brazil|Paraguay"
"Entertainment: Video Games","multiple","medium","What is the name of the child performing the Black Sacrament, in The Elder Scrolls V: Skyrim?","Aventus Aretino","Proventus Avenicci|Aval Atheron|Arngeir"
"Entertainment: Japanese Anime &amp; Manga","multiple","easy","The characters of &quot;Log Horizon&quot; are trapped in what game?","Elder Tale","Sword Art Online|Tower Unite|Yggdrasil"
"Entertainment: Cartoon &amp; Animations","multiple","easy","Who is the only voice actor to have a speaking part in all of the Disney Pixar feature films? ","John Ratzenberger","Tom Hanks|Dave Foley|Geoffrey Rush"
"Vehicles","multiple","easy","Which of the following collision avoidance systems helps airplanes avoid colliding with each other?","TCAS","GPWS|OCAS|TAWS"
"General Knowledge","multiple","medium","Bob and Mike Bryan were well known brothers in which sport?","Tennis","Basketball|Football|Baseball"
"Entertainment: Film","multiple","easy","Who directed the Kill Bill movies?","Quentin Tarantino","Arnold Schwarzenegger|David Lean|Stanley Kubrick"
"Entertainment: Japanese Anime &amp; Manga","multiple","hard","Medaka Kurokami from &quot;Medaka Box&quot; has what abnormality?","The End","Perfection|Sandbox|Fairness"
"Science &amp; Nature","multiple","easy","The medical term for the belly button is which of the following?","Umbilicus","Nevus|Nares|Paxillus"
"Geography","multiple","easy","What is the name of the ocean that Hawaii is located in?","Pacific","Atlantic|Indian|Arctic"
"Entertainment: Film","boolean","easy","Matt Damon played an astronaut stranded on an extraterrestrial planet in both of the movies Interstellar and The Martian.","True","False"
"Entertainment: Video Games","multiple","easy","The acronym DOTA stands for","Defense of the Ancients","Defense of the Artifacts|Defense of the Antiques|Defense of the Animated"
"Entertainment: Video Games","multiple","easy","In &quot;Fallout 4&quot; which faction is not present in the game?","The Enclave","The Minutemen|The Brotherhood of Steel|The Institute"
"Geography","boolean","hard","Switzerland has four national languages, English being one of them.","False","True"
"Entertainment: Comics","multiple","medium","What is the name of the main character in the webcomic Gunnerkrigg Court by Tom Siddell?","Antimony","Bismuth|Mercury|Cobalt"
"General Knowledge","multiple","easy","What does the F stand for in the FBI?","Federal","Foreign|Formal|First"
"Mythology","multiple","easy","The greek god Poseidon was the god of what?","The Sea","War|Sun|Fire"
"Science &amp; Nature","multiple","hard","Which of the following are cells of the adaptive immune system?","Cytotoxic T cells","Dendritic cells|Natural killer cells|White blood cells"
"Science &amp; Nature","multiple","hard","On the Beaufort Scale of wind force, what wind name is given to number 8?","Gale","Storm|Hurricane|Breeze"
"Art","multiple","medium","Which artist&#039;s style was to use small different colored dots to create a picture?","Georges Seurat","Paul C&eacute;zanne|Vincent Van Gogh|Henri Rousseau"
"Entertainment: Video Games","multiple","hard","Counting the Blood and Wine DLC, how many Hero Cards are there in total in The Witcher 3?","25","30|20|15"
"General Knowledge","boolean","easy","In architecture, a &quot;pecklesteiner&quot; is a set of doors that overlap each other when closed, and can be locked through a single keyhole.","False","True"
"Politics","multiple","hard","Which major bank&#039;s collapse was notable as one of the causes of the Financal Crisis of 2008?","Lehman Brothers","HSBC|Barclays|Lloyds"
"Entertainment: Music","multiple","medium","In what year did US band Weezer release Weezer (The White Album)?","2016","2001|2008|2019"
"Entertainment: Video Games","multiple","medium","What was the original release date of Grand Theft Auto V?","September 17, 2013","August 17, 2013|April 14, 2015|November 18, 2014"
"Entertainment: Video Games","multiple","easy","In the video game &quot;Team Fortress 2&quot;, which class is able to double jump?","Scout","Spy|Engineer|Pyro"
"Science: Computers","multiple","medium","Approximately how many Apple I personal computers were created?","200","100|500|1000"
"Science &amp; Nature","boolean","easy","The Sun is considered a star.","True","False"
"Entertainment: Video Games","boolean","easy","English new wave musician Gary Numan founded the video game development company Facepunch Studios in March 2009.","False","True"
"Entertainment: Video Games","multiple","easy","What minimum level in the Defence skill is needed to equip Dragon Armour in the MMO RuneScape?","60","65|55|70"
"Science &amp; Nature","multiple","medium","In aeronautics, flaps and slats are used to control what on an aircraft?","Lift","Thrust|Drag|Weight "
"History","boolean","hard","The Kingdom of Prussia briefly held land in Estonia.","False","True"
"Science: Computers","boolean","medium","It&#039;s not possible to format a write-protected DVD-R Hard Disk.","True","False"
"Geography","multiple","medium","What is the capital city of New Zealand?","Wellington","Auckland|Christchurch|Melbourne"
"General Knowledge","multiple","easy","Which restaurant&#039;s mascot is a clown?","McDonald&#039;s","Whataburger|Burger King|Sonic"
"Vehicles","boolean","easy","The full English name of the car manufacturer BMW is Bavarian Motor Works","True","False"
"History","boolean","medium","Adolf Hitler was accepted into the Vienna Academy of Fine Arts.","False","True"
"Entertainment: Music","multiple","medium","In 2015, David Hasselhof released a single called...","True Survivor","True Fighter|Real Kung-Fury|Real Warrior"
"Entertainment: Music","multiple","hard","Which album was released by Kanye West in 2013?","Yeezus","My Beautiful Dark Twisted Fantasy|The Life of Pablo|Watch the Throne"
"Geography","multiple","easy","What is the capital of South Korea?","Seoul","Pyongyang|Taegu|Kitakyushu"
"Entertainment: Television","multiple","easy","In the show, Doctor Who, what does T.A.R.D.I.S stand for?","Time And Relative Dimensions In Space","Time And Resting Dimensions In Space|Time And Relative Dimensions In Style|Toilet Aid Rope Dog Is Soup"
"Geography","multiple","hard","Which of these cities is NOT in England?","Edinburgh","Oxford|Manchester|Southampton"
"Science: Computers","multiple","easy","Which computer language would you associate Django framework with?","Python","C#|C++|Java"
"Entertainment: Video Games","multiple","medium","Which of these &quot;Worms&quot; games featured 3D gameplay?","Worms 4: Mayhem","Worms W.M.D|Worms Reloaded|Worms: Open Warfare 2"
"General Knowledge","multiple","medium","When was Nintendo founded?","September 23rd, 1889","October 19th, 1891|March 4th, 1887|December 27th, 1894"
"Entertainment: Japanese Anime &amp; Manga","boolean","medium","In Full Metal Panic!, Whispered are those who are capable of creating Black Technology.","True","False"
"Science &amp; Nature","multiple","medium","Which planet in the Solar System is the closest to the Sun?","Mercury","Earth|Mars|Venus"
"Sports","multiple","easy","How many points did LeBron James score in his first NBA game?","25","19|69|41"
"Entertainment: Video Games","multiple","hard","What is the name of the main character in the video game VA-11 HALL-A: Cyberpunk Bartender Action?","Jill","Dana|Alma|Anna"
"Entertainment: Music","multiple","medium","Which one of these Pink Floyd albums were also a movie?","The Wall","The Dark Side of the Moon|Wish You Were Here|Animals"
"Entertainment: Cartoon &amp; Animations","boolean","easy","In the &quot;Shrek&quot; film franchise, Donkey is played by Eddie Murphy.","True","False"
"Entertainment: Music","multiple","medium","Which country does the electronic music duo &quot;The Knife&quot; originate from?","Sweden","Finland|Denmark|Norway"
"Entertainment: Film","multiple","hard","How old was Laurence Fishburne when Francis Ford Coppola cast him in Apocalypse Now (1979)? ","14","16|18|20"
"Entertainment: Video Games","multiple","medium","Which of these Counter-Strike maps is a bomb defuse scenario?","Prodigy","747|Havana|Oilrig"
"Geography","multiple","easy","Which ocean borders the west coast of the United States?","Pacific","Atlantic|Indian|Arctic"
"Entertainment: Comics","multiple","medium","The success of DC Comics&#039; Swamp Thing, Sandman, and other books in a similar style, led to the creation of what new imprint in 1993?","Vertigo","Impact|New Universe|Red Circle"
"Entertainment: Video Games","multiple","medium","What was the first interactive movie video game?","Astron Belt","Dragon&#039;s Lair|Cube Quest|M.A.C.H. 3"
"Science &amp; Nature","boolean","hard","It was once believed that injecting shark cartilage into people would prevent them from contracting cancer.","True","False"
"Entertainment: Video Games","boolean","easy","Activision created Battlefield 1.","False","True"
"Vehicles","multiple","hard","What year did the Chevrolet LUV mini truck make its debut?","1972","1982|1975|1973"
"Science &amp; Nature","multiple","medium","What is the chemical formula for ammonia?","NH3","CO2|NO3|CH4"
"Geography","multiple","medium","What island in the Canary Islands was the scene of one of the worst air disasters in history with the collision of two jumbo jets?","Tenerife","Fuerteventura|Gran Canaria|Maui"
"Celebrities","multiple","medium","In which of these TV shows did the chef Gordon Ramsay not appear?","Auction Hunters","Ramsay&#039;s Kitchen Nightmares|Hotel Hell|Hell&#039;s Kitchen"
"History","multiple","easy","King Henry VIII was the second monarch of which European royal house?","Tudor","York|Stuart|Lancaster"
"History","multiple","medium","When was the Grand Patriotic War in the USSR concluded?","May 9th, 1945","September 2nd, 1945|August 9th, 1945|December 11th, 1945"
"Geography","multiple","medium","What is the capital city of Slovenia?","Ljubljana","Maribor|Velenje|Trbovlje"
"Mythology","multiple","medium","What is the name of the Greek god of blacksmiths?","Hephaestus","Dyntos|Vulcan|Artagatus"
"Entertainment: Video Games","multiple","hard","How many copies of the notorious E.T. game for the Atari 2600 did Atari end up selling?","1.5 Million","1 Million|250 Thousand|Less than 250 Thousand"
"General Knowledge","multiple","easy","What is the closest planet to our solar system&#039;s sun?","Mercury","Mars|Jupiter|Earth"
"Geography","multiple","easy","In which Indian city can the Taj Mahal be found?","Agra","Mumbai|Faridabad|Thane"
"Animals","multiple","medium","Which of the following is NOT a venomous snake?","Reticulated python","Malayan Krait|Yellow bellied sea snake|Black mamba"
"Entertainment: Japanese Anime &amp; Manga","multiple","hard","What is the last line muttered in the anime film &quot;The End of Evangelion&quot;?","&quot;How disgusting.&quot;","&quot;Idiot, I won&#039;t let you kill me!&quot;|&quot;Nothing.&quot;|&quot;Goddammit, Shinji.&quot;"
"History","multiple","medium","Who was the leader of the Communist Party of Yugoslavia ?","Josip Broz Tito","Karadjordje Petrovic|Milos Obilic|Aleskandar Petrovic"
"Entertainment: Musicals &amp; Theatres","multiple","medium","Which of these musicals won the Tony Award for Best Musical?","Rent","The Color Purple|American Idiot|Newsies"
"Entertainment: Film","multiple","medium","Which actor plays the role of the main antagonist in the 2011 movie &quot;Tower Heist?&quot;","Alan Alda","Eddie Murphy|Alec Baldwin|Kevin Nealon"
"Entertainment: Video Games","multiple","medium","What was the first &quot;Team Fortress 2&quot; update to include a war?","Sniper vs. Spy Update","WAR! Update|Meet Your Match Update|Spy Vs. Engineer Update"
"General Knowledge","multiple","medium","In what year was McDonald&#039;s founded?","1955","1964|1951|1947"
"Celebrities","boolean","easy","Marilyn Monroe was born on July 1, 1926.","False","True"
"Entertainment: Film","multiple","hard","In what year was the first Indian movie submitted for an Oscar?","1957","1962|1938|1954"
"Entertainment: Film","multiple","easy","In the 1995 film &quot;Balto&quot;, who are Steele&#039;s accomplices?","Kaltag, Nikki, and Star","Dusty, Kirby, and Ralph|Nuk, Yak, and Sumac|Jenna, Sylvie, and Dixie"
"Entertainment: Video Games","boolean","easy","&quot;Half-Life 2&quot; runs on the Source Engine.","True","False"
"Entertainment: Video Games","multiple","hard","In World of Warcraft lore, which of the following is known as the God of Spiders in the troll&#039;s loa beliefs?","Elortha no Shadra","Bwonsamdi|Hakkar|Shirvallah"
"Geography","multiple","medium","How many provinces are in the Netherlands?","12","14|10|13"
"Entertainment: Video Games","multiple","medium","What is the name of Cream the Rabbit&#039;s mom in the &quot;Sonic the Hedgehog&quot; series?","Vanilla","Peach|Strawberry|Mint"
"Entertainment: Video Games","multiple","medium","In the video game series &quot;Disgaea&quot;, what word does the character Prinny have to include in all sentences they speak?","&quot;Dood&quot;","&quot;Master&quot;|&quot;Plip&quot;|&quot;Boom&quot;"
"Entertainment: Music","multiple","medium","Who is the artist of the recent new album the Uncanny Valley?","Perturbator","Carpenter Brut|GOST|Dan Terminus "
"History","boolean","medium","The two atomic bombs dropped on Japan by the United States in August 1945 were named &#039;Little Man&#039; and &#039;Fat Boy&#039;.","False","True"
"Vehicles","multiple","easy","The Italian automaker Lamborghini uses what animal as its logo?","Bull","Bat|Horse|Snake"
"Entertainment: Video Games","multiple","easy","The &quot;Day of Defeat&quot; series of games take place during which war?","World War II","World War I|Vietnam War|Iraq War"
"Entertainment: Film","multiple","easy","Which year was the first official Youtube Rewind released?","2010","2012|2011|2013"
"History","multiple","medium","During which American Civil War campaign did Union troops dig a tunnel beneath Confederate troops to detonate explosives underneath them?","Siege of Petersburg","Siege of Vicksburg|Antietam Campaign|Gettysburg Campagin"
"Entertainment: Video Games","multiple","hard","Which day in &quot;Papers, Please&quot; does the man in red appear?","Day 23","Day 20|Day 17|Day 15"
"Vehicles","multiple","medium","Which of the following is NOT a Russian car manufacturer?","BYD","Silant|Dragon|GAZ"
"Entertainment: Music","boolean","medium","A Facebook campaign placed Rage Against The Machine&#039;s &quot;Killing in the Name Of&quot; as the UK Christmas Number 1 in 2009.","True","False"
"Science: Computers","multiple","medium","What does &quot;LCD&quot; stand for?","Liquid Crystal Display","Language Control Design|Last Common Difference|Long Continuous Design"
"Entertainment: Music","multiple","medium","Who had a 1973 hit with the song &#039;Hocus Pocus&#039;?","Focus","Pilot|Rush|AC/DC"
"Entertainment: Video Games","multiple","medium","Which one of these games wasn&#039;t released in 2016?","Metal Gear Solid V","Tom Clancy&#039;s The Division|Killing Floor 2|Hitman"
"Science &amp; Nature","multiple","medium","To the nearest minute, how long does it take for light to travel from the Sun to the Earth?","8 Minutes","6 Minutes|2 Minutes|12 Minutes"
"Vehicles","boolean","hard","In 1993 Swedish car manufacturer Saab experimented with replacing the steering wheel with a joystick in a Saab 9000.","True","False"
"Entertainment: Film","boolean","easy","Han Solo&#039;s co-pilot and best friend, &quot;Chewbacca&quot;, is an Ewok.","False","True"
"Entertainment: Film","multiple","medium","In the movie &ldquo;The Iron Giant,&rdquo; this character is the protagonist.","Hogarth Hughes","Kent Mansley|Dean McCoppin|Annie Hughes"
"Sports","multiple","medium","Who was the first footballer to score 200 goals in the English Premier League?","Alan Shearer","Wayne Rooney|Robbie Fowler|Thierry Henry"
"Celebrities","multiple","medium","Which television show has Dan Gheesling been on?","Big Brother","Jeopardy|Survivor|The Bachelor"
"Entertainment: Video Games","multiple","medium","Which of these is not a character in the game, &quot;Lethal League&quot;?","Rex","Switch|Candyman|Sonata"
"General Knowledge","boolean","medium","The French word to travel is &quot;Travail&quot;","False","True"
"Entertainment: Music","multiple","medium","What French artist/band is known for playing on the midi instrument &quot;Launchpad&quot;?","Madeon","Daft Punk |Disclosure|David Guetta"
"General Knowledge","multiple","easy","What kind of aircraft was developed by Igor Sikorsky in the United States in 1942?","Helicopter","Stealth Blimp|Jet|Space Capsule"
"Mythology","multiple","easy","This Greek goddess&#039;s name was chosen for the dwarf planet responsible for discord on Pluto&#039;s classification amongst astronomers.","Eris","Charon|Ceres|Dysnomia"
"Geography","multiple","easy","Which of the following Japanese islands is the biggest?","Honshu","Hokkaido|Shikoku|Kyushu"
"Science &amp; Nature","multiple","hard","The Western Lowland Gorilla is scientifically know as?","Gorilla Gorilla Gorilla","Gorilla Gorilla Diehli|Gorilla Beringei Graueri|Gorilla Beringei Beringei"
"General Knowledge","multiple","medium","Apple co-founder Steve Jobs died from complications of which form of cancer?","Pancreatic","Bone|Liver|Stomach"
"Science &amp; Nature","multiple","hard","What is the scientific name of the red fox?","Vulpes Vulpes","Vulpes Redus|Red Fox|Vulpes Vulpie"
"Entertainment: Music","multiple","medium","Which of these languages was NOT included in the 2016 song &quot;Don&#039;t Mind&quot; by Kent Jones?","Portuguese","Japanese|French|Spanish"
"Entertainment: Board Games","multiple","hard","What Magic: The Gathering card&#039;s flavor text is just &#039;Ribbit.&#039;?","Turn to Frog","Spore Frog|Bloated Toad|Frogmite"
"Entertainment: Video Games","multiple","medium","Which of these is not a DLC vehicle in &quot;Mario Kart 8&quot;?","Wild Wiggler","Bone Rattler|B Dasher|300 SL Roadster"
"Science: Computers","multiple","medium","Which coding language was the #1 programming language in terms of usage on GitHub in 2015?","JavaScript","C#|Python|PHP"
"Entertainment: Music","multiple","medium","African-American performer Sammy Davis Jr. was known for losing which part of his body in a car accident?","Left Eye","Right Ear|Right Middle Finger|Nose"
"Entertainment: Cartoon &amp; Animations","multiple","hard","Which cartoon family lives in 31 Spooner Street, Quahog, Rhode Island USA?","The Griffins","The Simpsons|The Jetsons|The Hills"
"Science &amp; Nature","boolean","easy","All planets in the Solar System orbit the Sun.","True","False"
"Entertainment: Television","multiple","medium","What is the title of The Allman Brothers Band instrumental used as the theme to the BBC motoring show, &#039;Top Gear&#039;?","Jessica","Angela|Erica|Sandra"
"Animals","boolean","easy","A flock of crows is known as a homicide.","False","True"
"Mythology","multiple","hard","Who did Hippomenes defeat in a footrace?","Atalanta","Peleus|Theseus|Jason"
"Entertainment: Music","boolean","easy","The music group Daft Punk got their name from a negative review they received.","True","False"
"Science &amp; Nature","multiple","medium","When was the first mammal successfully cloned?","1996","2009|1999|1985"
"Entertainment: Video Games","multiple","medium","The character Wario was first introduced in which game of the Mario video game franchise?","Super Mario Land 2: 6 Golden Coins (1992)","Super Mario Bros. 3 (1988)|Wario Land: Super Mario Land 3 (1994)|Mario Party (1998)"
"Geography","multiple","medium","Bridgetown is the capital of which island country in the Carribean?","Barbados","Cuba|Jamaica&lrm;|Dominica"
"Entertainment: Video Games","multiple","hard","Which Kingdom Hearts game featured the cast of &quot;The World Ends With You&quot;?","Dream Drop Distance","Birth By Sleep|365/2 Days|Re:Chain of Memories"
"General Knowledge","multiple","hard","Which musician has collaborated with American producer Porter Robinson and released the 2016 song &quot;Shelter&quot;?","Madeon","Mat Zo|deadmau5|Zedd"
"Science: Mathematics","multiple","medium","What is the alphanumeric representation of the imaginary number?","i","e|n|x"
"Geography","multiple","hard","Which country is the Taedong River in?","North Korea","South Korea|Japan|China"
"Entertainment: Japanese Anime &amp; Manga","multiple","medium","In the &quot;Toaru Majutsu no Index&quot; anime, Touma Kamijou is a level 0 esper that has the ability to do what?","Dispell any esper or magical powers","Teleport|Make telepathic communications|Create electricity from his own body"
"Entertainment: Video Games","multiple","easy","Who is the writer of the game &quot;Half-Life&quot;?","Marc Laidlaw","Gabe Newell|Robin Walker|Chet Faliszek"
"General Knowledge","multiple","easy","Which of the following landmarks is not located in New York City?","Lincoln Memorial","Empire State Building|Times Square|Central Park"
"Entertainment: Television","multiple","medium","Alan Reed is known for providing the voice of which character?","Fred Flintstone","Bugs Bunny|Fangface|G.I. Joe"
"General Knowledge","boolean","easy","Pluto is a planet.","False","True"
"Entertainment: Music","multiple","medium","What is the name of the second studio album released by American rapper Post Malone in 2018?","Beerbongs &amp; Bentleys","Takin&#039; Shots|Rockstar|Better Now"
"Geography","boolean","medium","Antarctica is the largest desert in the world.","True","False"
"Entertainment: Video Games","multiple","hard","In which video game did Michael Fassbender star?","Fable 3","Call of Duty: Modern Warfare|Assassin&#039;s Creed 3|Red Dead Redemption"
"Entertainment: Japanese Anime &amp; Manga","multiple","easy","In &quot;A Certain Scientific Railgun&quot;, how many &quot;sisters&quot; did Accelerator have to kill to achieve the rumored level 6?","20,000","128|10,000|5,000"
"Entertainment: Video Games","boolean","easy","In the game &quot;Subnautica&quot;, a &quot;Spadefish&quot; will attack you.","False","True"
"History","boolean","easy","The United States of America was the first country to launch a man into space.","False","True"
"Science: Mathematics","multiple","hard","The French mathematician &Eacute;variste Galois is primarily known for his work in which?","Galois Theory","Galois&#039; Continued Fractions|Galois&#039; Method for PDE&#039;s |Abelian Integration"
"General Knowledge","boolean","easy","The color orange is named after the fruit.","True","False"
"History","multiple","medium","Who tutored Alexander the Great?","Aristotle","Socrates|Plato|King Philip"
"Entertainment: Video Games","multiple","medium","In the 2015 RPG &quot;Undertale&quot;, which character do you first encounter after falling down into the underground?","Flowey","Toriel|Sans|Papyrus"
"Entertainment: Music","multiple","easy","How many studio albums have the duo Daft Punk released?","4","1|5|2"
"Geography","boolean","easy","Nova Scotia is on the east coast of Canada.","True","False"
"Entertainment: Music","multiple","medium","What was the name of the Wu-Tang Clan album Martin Shkreli bought for $2 million dollars?","Once Upon a Time in Shaolin","A Better Tomorrow|8 Diagrams|The Saga Continues"
"Entertainment: Video Games","multiple","easy","Who is the main character in &quot;The Stanley Parable&quot;?","Stanley","The Adventure Line|The Narrator|The Boss"
"General Knowledge","multiple","hard","How long did it take the motorized window washers of the original World Trade Center to clean the entire exterior of the building?","1 Month","3 Weeks|1 Week|2 Months"
"Science &amp; Nature","boolean","medium","A person can get sunburned on a cloudy day.","True","False"
"General Knowledge","multiple","hard","Which of the following languages does NOT use gender as a part of its grammar?","Turkish","German|Danish|Polish"
"Entertainment: Video Games","multiple","easy","What was Frank West&#039;s job in &quot;Dead Rising&quot;?","Photojournalist","Janitor|Chef|Taxi Driver"
"Entertainment: Video Games","multiple","medium","In the &quot;Portal&quot; series, who was Cave Johnson&#039;s personal assistant?","Caroline","Heather|Melissa|Jane"
"Entertainment: Film","multiple","medium","The killer in the 1981 film &#039;My Bloody Valentine&#039; wears what sort of outfit?","Mining gear","Clown costume|Santa suit|Police uniform"
"Entertainment: Video Games","multiple","medium","In which order do you need to hit some Deku Scrubs to open the first boss door in &quot;Ocarina of Time&quot;?","2, 3, 1","1, 2, 3|1, 3, 2|2, 1, 3"
"Entertainment: Books","multiple","hard","What is Ron Weasley&#039;s middle name?","Bilius","Arthur|John|Dominic"
"Entertainment: Comics","multiple","hard","Which of the following rings from the DC Comics&#039; &quot;Lantern Corps&quot; are classified as Parasitic?","Indigo (Compassion)","Green (Willpower)|White (Life)|Yellow (Fear)"
"Science: Gadgets","boolean","easy","Microphones can be used not only to pick up sound, but also to project sound similar to a speaker.","True","False"
"Entertainment: Music","multiple","medium","Which of these artists has NOT been a member of dancehall group Major Lazer?","Skrillex","Diplo|Jillionaire|Walshy Fire"
"Geography","multiple","easy","What is the nickname for the US state Delaware?","The First State","The Fiftieth State|The Second State|The Sixteenth State"
"Science: Computers","multiple","medium","Which programming language was developed by Sun Microsystems in 1995?","Java","Python|Solaris OS|C++"
"General Knowledge","multiple","hard","Electronic music producer Kygo&#039;s popularity skyrocketed after a certain remix. Which song did he remix?","Ed Sheeran - I See Fire","Marvin Gaye - Sexual Healing|Coldplay - Midnight|a-ha - Take On Me"
"History","multiple","medium","What was the capital of South Vietnam before the Vietnam War?","Saigon","Ho Chi Minh City|Hanoi|Hue"
"Geography","multiple","medium","Gibraltar, located just south of the Iberian peninsula, is a territory of which West Europe country?","United Kingdom","Spain|Portugal|France"
"General Knowledge","multiple","medium","Who is a co-founder of music streaming service Spotify?","Daniel Ek","Sean Parker|Felix Miller|Michael Breidenbruecker"
"Entertainment: Film","boolean","easy","Leonardo DiCaprio won an Oscar for Best Actor in 2004&#039;s &quot;The Aviator&quot;.","False","True"
"Entertainment: Video Games","multiple","easy","What is the hardest possible difficulty in &quot;Deus Ex: Mankind Divided&quot;?","I Never Asked For This","Nightmare|Extreme|Guru"
"Geography","multiple","medium","Which of these countries is the smallest by population?","Norway","Slovakia|Finland|Hong Kong"
"Celebrities","multiple","medium","How much weight did Chris Pratt lose for his role as Star-Lord in &quot;Guardians of the Galaxy&quot;?","60 lbs","30 lbs|50 lbs|70 lbs"
"Science &amp; Nature","multiple","medium","Gannymede is the largest moon of which planet?","Jupiter","Uranus|Neptune|Mars"
"Entertainment: Video Games","multiple","medium","In the beta version of the 1986 game &quot;The Legend of Zelda&quot;, players have the choice between a sword and what other item?","Boomerang ","Spear|Slingshot|Crossbow"
"Entertainment: Books","multiple","medium","In the &quot;Harry Potter&quot; novels, what must a Hogwarts student do to enter the Ravenclaw Common Room?","Answer a riddle","Rhythmically tap barrels with a wand|Speak a password|Knock in sequence"
"Entertainment: Video Games","multiple","easy","Who is able to grab the survivors with his tongue in Left 4 Dead?","Smoker","Jockey|Hunter|Boomer"
"General Knowledge","multiple","medium","A doctor with a PhD is a doctor of what?","Philosophy","Psychology|Phrenology|Physical Therapy"
"Science: Gadgets","boolean","hard","During the  early parts of the Vietnam War the M16 had a record for having bad reliability","True","False"
"History","multiple","hard","When was Finland&#039;s 100th year of being independent?","2017","2016|2018|2015"
"Entertainment: Film","multiple","easy","Who played the female lead in the 1933 film &quot;King Kong&quot;?","Fay Wray","Jean Harlow|Vivien Leigh|Mae West"
"Science: Computers","multiple","medium","Unix Time is defined as the number of seconds that have elapsed since when?","Midnight, January 1, 1970","Midnight, July 4, 1976|Midnight on the creator of Unix&#039;s birthday|Midnight, July 4, 1980"
"Entertainment: Video Games","multiple","medium","Which horror movie had a sequel in the form of a video game released in August 20, 2002?","The Thing","The Evil Dead|Saw|Alien"
"Entertainment: Video Games","multiple","hard","How long are all the cutscenes from Metal Gear Solid 4 (PS3, 2008) combined?","8 hours","4 hours|12 hours|5 hours"
"Entertainment: Video Games","boolean","easy","The shotgun appears in every numbered Resident Evil game.","True","False"
"Sports","multiple","medium","Who was the British professional wrestler Shirley Crabtree better known as?","Big Daddy","Giant Haystacks|Kendo Nagasaki|Masambula"
"Entertainment: Japanese Anime &amp; Manga","multiple","medium","In Dragon Ball Z, who was the first character to go Super Saiyan 2?","Gohan","Goku|Vegeta|Trunks"
"Entertainment: Music","multiple","hard","Which Death Grips album is the only one to feature a band member?","No Love Deep Web","Bottomless Pit|The Money Store|The Powers That B"
"History","multiple","medium","What were the first states to break away from Yugoslavia?","Slovenia, Croatia","Macedonia, Montenegro|Slovenia, Macedonia|Montenegro, Slovenia"
"Entertainment: Music","multiple","medium","Which European capital city gives its name to a 1981 song by Ultravox?","Vienna","Berlin|Paris|Brussels"
"Entertainment: Music","multiple","medium","What is the name of the 2016 studio album by the French electronic music duo Justice?","Woman","Randy|Safe and Sound|Pleasure"
"Entertainment: Japanese Anime &amp; Manga","multiple","easy","In the 2012 animated film &quot;Wolf Children&quot;, what are the names of the wolf children?","Ame &amp; Yuki","Hana &amp; Yuki|Ame &amp; Hana|Chuck &amp; Anna"
"Entertainment: Video Games","boolean","medium","In the game &quot;Subnautica&quot;, a &quot;Cave Crawler&quot; will attack you.","True","False"
"Science: Computers","multiple","hard","Released in 2001, the first edition of Apple&#039;s Mac OS X operating system (version 10.0) was given what animal code name?","Cheetah","Puma|Tiger|Leopard"
"History","multiple","medium","What year were the Marian Reforms instituted in the Roman Republic?","107 BCE","42 BCE|264 BCE|102 CE"
"Entertainment: Video Games","boolean","medium","Fortnite was originally intended to be a horror game.","True","False"
"Entertainment: Video Games","multiple","easy","Which of the following Pokemon Types was present in the original games, Red and Blue?","Ice","Steel|Dark|Fairy"
"Entertainment: Music","multiple","easy","What is the best selling album of all time from 1976 to 2018?","Thriller","Back in Black|Abbey Road|The Dark Side of the Moon"
"Science: Computers","boolean","medium","Android versions are named in alphabetical order.","True","False"
"Entertainment: Video Games","multiple","medium","Which survivor in Left 4 Dead sacrificed themself to save the other survivors?","Bill","Louis|Francis|Zoey"
"Science &amp; Nature","multiple","hard","What causes the sound of a heartbeat?","Closure of the heart valves","Contraction of the heart chambers|Blood exiting the heart|Relaxation of the heart chambers"
"Science &amp; Nature","multiple","hard","What is the most potent toxin known?","Botulinum toxin","Ricin|Cyanide|Asbestos"
"Science: Mathematics","multiple","easy","How many sides does a heptagon have?","7","8|6|5"
"Entertainment: Television","multiple","easy","Which of the following awards do Matt Stone and Trey Parker NOT have?","Oscar","Emmy|Tony|Grammy"
"Science &amp; Nature","multiple","medium","What term is best associated with Sigmund Freud?","Psychoanalysis","Cognitive-Behavioral Therapy|Theory of Gravity|Dialectical Behavior Therapy"
"Entertainment: Music","multiple","medium","Which of the following guitarists recorded an album as a member of the Red Hot Chili Peppers?","Dave Navarro","Tom Morello |Billy Corgan|Ed O&#039;Brien"
"Entertainment: Film","multiple","medium","Ed Koch, the Mayor of New York in 1984, played himself in which Muppets movie?","The Muppets Take Manhattan","The Great Muppet Caper|The Muppet Christmas Carol|The Muppet Movie"
"Entertainment: Music","boolean","medium","Soulja Boy&#039;s &#039;Crank That&#039; won a Grammy for Best Rap Song in 2007.","False","True"
"Entertainment: Television","multiple","easy","In the cartoon &#039;SpongeBob SquarePants&#039;, what did the acronym E.V.I.L stand for?","Every Villain Is Lemons","Every Villain Is Lemonade|Every Villain Is Limes|Each Villain Is Lemonade"
"Entertainment: Japanese Anime &amp; Manga","multiple","easy","What is the last name of Edward and Alphonse in the Fullmetal Alchemist series.","Elric","Ellis|Eliek|Elwood"
"Science &amp; Nature","multiple","easy","Which of these Elements is a metalloid?","Antimony","Tin|Bromine|Rubidium"
"Geography","multiple","medium","How many time zones are in Russia?","11","8|5|2"
"Entertainment: Video Games","multiple","easy","What household item make the characters of &quot;Steins; Gate&quot; travel through time?","Microwave","Computer|Refrigerator|Televison"
"Mythology","multiple","easy","Which figure from Greek mythology traveled to the underworld to return his wife Eurydice to the land of the living?","Orpheus","Hercules|Perseus|Daedalus"
"Geography","multiple","medium","What is the smallest country in South America by area?","Suriname","Brazil|Uruguay|Chile"
"Entertainment: Musicals &amp; Theatres","multiple","medium","Who played Marquis de Lafayette and Thomas Jefferson in the original Broadway run of Hamilton?","Daveed Diggs","Lin-Manuel Miranda|Javier Mu&ntilde;oz|Wayne Brady"
"Geography","multiple","medium","How many countries share a land border with Luxembourg?","3","4|2|5"
"Entertainment: Television","multiple","medium","Who composed the theme song for The Simpsons?","Danny Elfman","John Williams|Hans Zimmer|Ennio Morricone"
"Entertainment: Video Games","multiple","hard","In what year was the game &quot;Eliminator&quot; released?","1998","2000|1999|2001"
"Entertainment: Music","multiple","easy","Who is the lead singer of the British pop rock band Coldplay?","Chris Martin","Jonny Buckland|Guy Berryman|Will Champion"
"Entertainment: Comics","multiple","medium","What is Hellboy&#039;s true name?","Anung Un Rama","Right Hand of Doom|Ogdru Jahad|Azzael"
"Geography","multiple","hard","Llanfair&shy;pwllgwyngyll&shy;gogery&shy;chwyrn&shy;drobwll&shy;llan&shy;tysilio&shy;gogo&shy;goch is located on which Welsh island?","Anglesey","Barry|Bardsey|Caldey"
"Entertainment: Japanese Anime &amp; Manga","multiple","hard","In the anime, Full Metal Panic!, who is Kaname&#039;s best friend?","Kyoko Tokiwa","Melissa Mao|Ren Mikihara|Teletha &quot;Tessa&quot; Testarossa"
"Entertainment: Film","multiple","hard","In the &quot;Jurassic Park&quot; universe, what was the first dinosaur cloned by InGen in 1986?","Velociraptor","Triceratops|Troodon|Brachiosaurus"
"Entertainment: Television","multiple","medium","Pat Cashman, the announcer for Super Smash Brothers: Brawl, also featured prominently in what famous TV show?","Bill Nye the Science Guy","The Muppet Show|Scooby-Doo|Seinfeld"
"Entertainment: Video Games","multiple","medium","Which of these blocks in &quot;Minecraft&quot; has the lowest blast resistance?","Sand","End Stone|Water|Wood Planks"
"History","multiple","hard","What year was the United States Declaration of Independence signed?","1776","1775|1774|1777"
"General Knowledge","multiple","easy","When someone is cowardly, they are said to have what color belly?","Yellow","Green|Red|Blue"
"Science &amp; Nature","boolean","easy","Igneous rocks are formed by excessive heat and pressure.","False","True"
"Mythology","boolean","hard","Ska&eth;i is the Norse Goddess of skiing, mountains, winter and bowhunting.","True","False"
"Entertainment: Television","multiple","hard","Which of these voices wasn&#039;t a choice for the House AI in &quot;The Simpsons Treehouse of Horror&quot; short, House of Whacks?","George Clooney","Matthew Perry|Dennis Miller|Pierce Brosnan"
"Sports","multiple","medium","A stimpmeter measures the speed of a ball over what surface?","Golf Putting Green"," Football Pitch|Cricket Outfield|Pinball Table"
"Entertainment: Music","multiple","hard","Which member of the Wu-Tang Clan had only one verse in their debut album Enter the Wu-Tang (36 Chambers)?","Masta Killa","Method Man|Inspectah Deck|GZA"
"Science &amp; Nature","boolean","easy","Celiac Disease is a disease that effects the heart, causing those effected to be unable to eat meat.","False","True"
"History","multiple","hard","Which of the following physicists did NOT work on the Manhattan project?","Murray Gell-Mann","Richard Feynman|J. Robert Oppenheimer|John Von-Neumann"
"Entertainment: Video Games","multiple","medium","In &quot;World of Warcraft,&quot; what dragon appears in the human guise of Lord Victor Nefarius?","Nefarian","Nefarius|Neltharion|Nefaran"
"Entertainment: Video Games","multiple","medium","The original mascot of the popular Nintendo game, &quot;Splatoon&quot; was going to be...","Mario","Inklings|Octolings|Zelda"
"Art","multiple","easy","Who painted &quot;Swans Reflecting Elephants&quot;, &quot;Sleep&quot;, and &quot;The Persistence of Memory&quot;?","Salvador Dali","Jackson Pollock|Vincent van Gogh|Edgar Degas"
"Mythology","multiple","medium","Who was the Roman god of fire?","Vulcan","Apollo|Jupiter|Mercury"
"General Knowledge","multiple","medium","What is the name given to Indian food cooked over charcoal in a clay oven?","Tandoori","Biryani|Pani puri|Tiki masala"
"History","multiple","easy","The collapse of the Soviet Union took place in which year?","1991","1992|1891|1990"
"Entertainment: Musicals &amp; Theatres","multiple","easy","Who wrote the award winning musical &quot;In The Heights&quot;?","Lin-Manuel Miranda","Steven Sondheim|Francis Scott Key|John Phillips Sousa"
"Science &amp; Nature","multiple","hard","In the Scoville scale, what is the hottest chemical?","Resiniferatoxin","Capsaicin|Dihydrocapsaicin|Tinyatoxin"
"General Knowledge","multiple","easy","The drug cartel run by Pablo Escobar originated in which South American city?","Medell&iacute;n","Bogot&aacute;|Quito|Cali"
"Geography","multiple","hard","Which of these is NOT a city in India?","Islamabad","Hyderabad|Ahmedabad|Ghaziabad"
"Entertainment: Video Games","multiple","hard","Which game in the &quot;Monster Hunter&quot; series introduced the monster &quot;Gobul&quot;?","Monster Hunter Tri","Monster Hunter Freedom Unite|Monster Hunter Frontier|Monster Hunter Generations"
"Sports","multiple","hard","The AHL affiliate team of the Boston Bruins is named what?","Providence Bruins","New Haven Bruins|Cambridge Bruins|Hartford Bruins"
"Science &amp; Nature","multiple","medium","What is the scientific term for &#039;taste&#039;?","Gustatory Perception","Olfaction|Somatosensation|Auditory Perception"
"Science: Mathematics","multiple","easy","What is the correct order of operations for solving equations?","Parentheses, Exponents, Multiplication, Division, Addition, Subtraction","Addition, Multiplication, Division, Subtraction, Addition, Parentheses|Parentheses, Exponents, Addition, Substraction, Multiplication, Division|The order in which the operations are written."
"Entertainment: Video Games","multiple","medium","Which of these symbols can be seen on the shirt of the 1993 video game character, Bubsy T. Bobcat?","An exclamation point","A question mark|The letter B|Nothing"
"General Knowledge","multiple","hard","If someone said &quot;you are olid&quot;, what would they mean?","You smell extremely unpleasant.","You are out of shape/weak.|Your appearance is repulsive.|You are incomprehensible/an idiot."
"Entertainment: Film","multiple","medium","Which stand-up comedian voiced the talking parrot &quot;Iago&quot; in Disney&#039;s 1992 adaptation of Aladdin?","Gilbert Gottfried","Robin Williams|Pauly Shore|Jonathan Freeman"
"Entertainment: Film","multiple","medium","In The Lord of the Rings: The Fellowship of the Ring, which one of the following characters from the book was left out of the film?","Tom Bombadil","Strider|Barliman Butterbur|Celeborn"
"Vehicles","multiple","medium","Which car brand does NOT belong to General Motors?","Ford","Buick|Cadillac|Chevrolet"
"Entertainment: Video Games","boolean","easy","The Mann Co. Store from Team Fortress 2 has the slogan &quot;We hire mercenaries and get in fights&quot;.","False","True"
"Entertainment: Video Games","multiple","hard","When was Steam first released?","2003","2004|2011|2007"
"Entertainment: Film","multiple","medium","In the 1979 British film &quot;Quadrophenia&quot; what is the name of the seaside city the mods are visiting?","Brighton","Eastbourne|Mousehole|Bridlington"
"Entertainment: Video Games","multiple","medium","What is the name of the machine that fails and essentially dooms mankind in the beginning of the first Half-Life game?","Anti-mass spectrometer","Oscillation generator|Dark fusion reactor|Dark fusion resonator"
"Entertainment: Video Games","multiple","easy","Which Pokemon generation did the fan-named &quot;Masuda Method&quot; first appear in? ","Diamond/Pearl","Ruby/Sapphire|Black/White|X/Y"
"History","multiple","easy","What year did World War I begin?","1914","1905|1919|1925"
"Entertainment: Video Games","multiple","hard","In Super Smash Bros. for Nintendo 3DS and Nintendo Wii U, who was the sixth fighter to be added to the game post-launch?","Corrin","Cloud|Bayonnetta|Ryu"
"Science: Gadgets","multiple","medium","Who patented a steam engine that produced continuous rotary motion?","James Watt","Nikola Tesla|Albert Einstein|Alessandro Volta"
"Entertainment: Video Games","multiple","hard","In &quot;Pok&eacute;mon Sun and Moon&quot;, Team Skull took over which town?","Po Town","Heahea City|Tapu Village|Iki Town"
"Politics","boolean","hard","Nazi Germany surrendered on Harry Truman&#039;s birthday while he was president.","True","False"
"Entertainment: Japanese Anime &amp; Manga","multiple","easy","Who is the true moon princess in Sailor Moon?","Sailor Moon","Sailor Venus|Sailor Mars|Sailor Jupiter"
"Entertainment: Video Games","boolean","easy","The game &quot;Jetpack Joyride&quot; was created by &quot;Redbrick Studios&quot;.","False","True"
"Geography","multiple","medium","The towns of Brugelette, Arlon and Ath are located in which country?","Belgium","Andorra|France|Luxembourg"
"Entertainment: Video Games","multiple","medium","How many normal endings are there in Cry Of Fear&#039;s campaign mode?","4","5|3|6"
"Entertainment: Music","multiple","easy","What is the frontman&#039;s name of the metal band Megadeth?","Dave Mustaine","Rob Halford|Vince Neil|James Hetfield"
"Entertainment: Music","multiple","medium","Cryoshell, known for &quot;Creeping in My Soul&quot; did the advertising music for what Lego Theme?","Bionicle","Hero Factory|Ben 10 Alien Force|Star Wars"
"Entertainment: Film","multiple","easy","What historical time period was the center of the Assassin&rsquo;s Creed movie (2016)?","Spanish Inquisition","Victorian England|French Revolution|Colonial America"
"Entertainment: Video Games","multiple","medium","In the 2000 video game &quot;Crimson Skies,&quot; what was the name of the protagonists&#039; zeppelin?","Pandora","Helios|Icarus|Orion"
"Entertainment: Video Games","multiple","medium","Which was the first &quot;Call Of Duty: Zombies&quot; map to introduce the &quot;Wunderwaffe DG-2&quot;?","Shi No Numa","Tranzit|Kino Der Toten|Der Riese"
"Entertainment: Music","multiple","hard","What is the English title of the vaporwave track &quot;リサフランク420 / 現代のコンピュー&quot; by Macintosh Plus (Vektroid)?","Lisa Frank 420 / Modern Computing","Smoke Weed 420 / Everyday|Make Your Move 420 / My Mind|It&#039;s All In Your Head 420 / Understand"
"Entertainment: Video Games","multiple","hard","How many total monsters appear in Monster Hunter Generations?","105","100|98|73"
"Entertainment: Television","multiple","easy","Which Star Trek race advances itself through assimilation?","Borg","Vulcan|Betazoid|Klingon"
"Geography","multiple","medium","What is the capital of Vietnam?","Hanoi","Da Nang|Hai Phong|Ho Chi Minh City"
"Entertainment: Video Games","multiple","easy","The games Cry of Fear, Natural Selection and Counter-Strike were originally mods for what video game?","Half-Life","Warcraft III|Arma 2|Doom"
"History","multiple","easy","Abolitionist John Brown raided the arsenal in which Virginia Town?","Harper&#039;s Ferry","Richmond|Harrisonburg|Martinsburg"
"History","boolean","medium","Abraham Lincoln was the first U.S. President to be born outside the borders of the thirteen original states. ","True","False"
"Entertainment: Video Games","multiple","medium","In Super Smash Bros. Ultimate, which of the following pair of characters are NOT considered &quot;Echo Fighters&quot;?","Link &amp; Young Link","Marth &amp; Lucina|Richter &amp; Simon|Peach &amp; Daisy"
"Geography","multiple","easy","Vatican City, the smallest country in the world, is fully enclosed by which country?","Italy","France|Spain|Germany"
"Entertainment: Cartoon &amp; Animations","boolean","hard","The first ever episode of Family Guy, &quot;Death Has A Shadow,&quot; aired on January 1st, 2002.","False","True"
"History","multiple","hard","How many women joined the United States Armed Services during World War II?","350,000","225,000|100,000|500,000"
"General Knowledge","boolean","medium","&quot;Typewriter&quot; is the longest word that can be typed using only the first row on a QWERTY keyboard.","False","True"
"Science: Computers","multiple","medium","What was the first commerically available computer processor?","Intel 4004","Intel 486SX|TMS 1000|AMD AM386"
"Entertainment: Video Games","multiple","hard","What was the world&#039;s first video game?","Draughts","Spacewar!|Pong|Space Travel"
"Entertainment: Television","multiple","medium","In the show &quot;The Office&quot; who does Michael Scott eventually end up with?","Holly Flax","Angela Martin|Jan Levinson|Pam Beesly"
"History","multiple","hard","In 1547 who became the 1st Tsar of Russia","Ivan the Terrible","Alexis of Russia|Mikhail Romanov|Peter the Great"
"Entertainment: Video Games","boolean","medium","The first PlayStation console was released in the USA on December 3rd, 1994.","False","True"
"Entertainment: Video Games","multiple","easy","Rincewind from the 1995 Discworld game was voiced by which member of Monty Python?","Eric Idle","John Cleese|Terry Gilliam|Michael Palin"
"Entertainment: Japanese Anime &amp; Manga","multiple","medium","The character Plum from &quot;No Game No Life&quot; is of what race?","Dhampir","Fl&uuml;gel|Imanity|Seiren"
"Entertainment: Video Games","multiple","easy","Who is the last boss in Night In The Woods&#039; Demontower minigame?","The Blood Thief","Mega Hairball |King Skellie |Krampus "
"Entertainment: Japanese Anime &amp; Manga","multiple","easy","In &quot;Fairy Tail&quot;, what is the nickname of Natsu Dragneel?","The Salamander","The Dragon Slayer|The Dragon|The Demon"
"History","boolean","easy","The United States of America declared their independence from the British Empire on July 4th, 1776.","True","False"
"Entertainment: Musicals &amp; Theatres","multiple","medium","The Andrew Lloyd Webber musical &quot;Cats&quot; is based off a book of poems written by which author?","T.S. Elliot","Andrew Lloyd Webber|Emily Dickenson|Robert Frost"
"Science &amp; Nature","multiple","hard","The word &quot;science&quot; stems from the word &quot;scire&quot; meaning what?","To know","To measure|To live|To count"
"Entertainment: Music","multiple","hard","What is the name of the 2016 mixtape released by Venezuelan electronic producer Arca?","Entra&ntilde;as","&amp;&amp;&amp;&amp;&amp;&amp;|Sheep|Xen"
"Science &amp; Nature","multiple","hard","Folic acid is the synthetic form of which vitamin?","Vitamin B","Vitamin A|Vitamin C|Vitamin D"
"Geography","multiple","medium","The land mass of modern day Turkey is called what?","Anatolia","Ismuth of Ottoma|Ottoma|Ismuth of Anatolia"
"Entertainment: Video Games","multiple","hard","How many people can you recruit in the game Suikoden in a single playthrough?","107","108|93|96"
"History","multiple","easy","Which of the following was Brazil was a former colony under?","Portugal","Spain|The Netherlands|France"
"Entertainment: Comics","multiple","medium","Who created Ultron of Earth-616?","Henry Pym","Amadeus Cho|Tony Stark|Reed Richards"
"Entertainment: Video Games","multiple","easy","Which character was introduced to the Super Smash Bros franchise in Super Smash Bros Melee?","Sheik","Samus|Lucas|Mega Man"
"Entertainment: Video Games","multiple","medium","In Skylanders Giants, why was Zaps&#039; Wow Pow named &quot;For Riley&quot; ?","As a tribute to a fan who passed away","As a reference to a film|After one of the writers of the game|After a voice actor"
"Science: Computers","multiple","hard","Which of the following is the oldest of these computers by release date?","TRS-80","Commodore 64|ZX Spectrum|Apple 3"
"Vehicles","boolean","hard","There is a Rolls-Royce model called the &#039;Spectre&#039;","False","True"
"Animals","multiple","medium","What is the name of the family that the domestic cat is a member of?","Felidae","Felinae|Felis|Cat"
"Entertainment: Books","multiple","medium","What is the name of Eragon&#039;s dragon in &quot;Eragon&quot;?","Saphira","Glaedr|Thorn|Arya"
"History","multiple","medium","During what war did the &quot;Cuban Missile Crisis&quot; occur?","Cold War","World War I|World War II|Revolutionary War"
"Entertainment: Video Games","multiple","easy","Rocket League is a game which features..","Cars","Helicopters|Planes|Submarines"
"Entertainment: Video Games","multiple","easy","Gordon Freeman is said to have burnt and destroyed what food in the break room microwave?","Casserole","Sub Sandwich|Chicken Soup|Pepperoni Pizza"
"Entertainment: Video Games","multiple","medium","How many sets of grandmaster witcher gear are in The Witcher 3&#039;s Blood and Wine DLC?","5","3|6|4"
"Science: Gadgets","multiple","medium","Which company manufactured the iconic TR-808 drum machine?","Roland","Technics|Korg|Casio"
"Entertainment: Television","multiple","hard","In &quot;It&#039;s Always Sunny in Philadelphia&quot; what was the name of Frank&#039;s wrestling persona?","The Trash Man","Bird of War|Day Man|The Maniac"
"Entertainment: Video Games","multiple","hard","Prior to his appearance in Super Smash Bros. Ultimate, What was King K. Rool&#039;s last appearance in any game?","Mario Super Sluggers","Donkey Kong 64|Donkey Kong Country 3|Donkey Kong: King Of Swing"
"Entertainment: Video Games","multiple","hard","Given that all party members are maxed, who is the fastest party member in Super Mario RPG: Legend of The Seven Stars?","Geno","Mario|Bowser|Peach"
"Geography","multiple","medium","What is the longest river in Europe?","Volga","Danube|Rhine|Thames"
"Entertainment: Video Games","multiple","medium","In &quot;Kingdom Hearts&quot;, what is the name of Sora&#039;s home world?","Destiny Islands","Agrabah|Land of Departure|Disney Town"
"Science: Computers","multiple","easy","What is the most preferred image format used for logos in the Wikimedia database?",".svg",".png|.jpeg|.gif"
"General Knowledge","multiple","easy","In which fast food chain can you order a Jamocha Shake?","Arby&#039;s","McDonald&#039;s|Burger King|Wendy&#039;s"
"Geography","multiple","medium","Which is the world&#039;s longest river?","Nile","Missouri|Amazon|Yangtze"
"Geography","multiple","medium","The Principality of Sealand is an unrecognized micronation off the coast of what country?","The United Kingdom","Japan|Austrailia|Argentina"
"Entertainment: Japanese Anime &amp; Manga","multiple","medium","Which JoJo&#039;s Bizarre Adventure character possesses the Stand named Silver Chariot?","Jean Pierre Polnareff","Noriaki Kakyoin|Hol Horse|Hermes Costello"
"Entertainment: Books","multiple","medium","In Romance of the Three Kingdoms, who was not a member of the Peach Garden Oath?","Zhao Yun","Liu Bei|Guan Yu|Zhang Fei"
"Entertainment: Cartoon &amp; Animations","multiple","easy","In the show &quot;Steven Universe&quot;, who are the main two employees of The Big Donut?","Sadie and Lars","Steven and James|Erik and Julie|Bob and May"
"General Knowledge","multiple","hard","Disney&#039;s Haunted Mansion is home to a trio of Hitchhiking Ghosts. Which of these is NOT one of them?","Harry","Gus|Phineas|Ezra"
"Geography","multiple","easy","The longest shared border in the world can be found between which two nations?","Canada and the United States","Chile and Argentina|Russia and China|India and Pakistan"
"Entertainment: Video Games","multiple","medium","Which actor provided the voice for the main character&#039;s father in Fallout 3?","Liam Neeson","Kiefer Sutherland|Brendan Gleeson|Robbie Coltrane"
"Sports","multiple","medium","Josh Mansour is part of what NRL team?","Penrith Panthers","Melbourne Storm|Sydney Roosters|North Queensland Cowboys"
"History","multiple","medium","Which of the following is NOT classified as a Semetic language?","Sumerian","Maltese|Akkadian|Mandaic"
"Entertainment: Cartoon &amp; Animations","multiple","medium","What is the name of Ruby Rose&#039;s weapon from RWBY?","Crescent Rose","Thorned Rosebud|Magnhild|Crooked Scythe"
"Sports","multiple","easy","Which team won 2014 FIFA World Cup in Brazil?","Germany","Argentina|Brazil|Netherlands"
"Animals","boolean","medium","The average lifespan of a wildcat is only around 5-6 years. ","False","True"
"Entertainment: Video Games","multiple","hard","What is the homeworld of the Elites from Halo?","Sanghelios","Te|Doisac|Eayn"
"Entertainment: Comics","multiple","easy","When was Marvel Comics founded?","1939","1932|1951|1936"
"Entertainment: Video Games","multiple","hard","What is the 4th boss in the 1997 video game &quot;Crash Bandicoot 2: Cortex Strikes Back&quot;?","Dr. N. Gin","Dr. Neo Cortex|Komodo Brothers|Tiny Tiger"
"Celebrities","boolean","easy","Tupac Shakur died due to complications from being stabbed in 1996.","False","True"
"Entertainment: Japanese Anime &amp; Manga","multiple","hard","What is the name of the school in the anime and manga &quot;Gosick&quot;?","St. Marguerite","St. Augustine|St. Mary|St. Bernadette"
"Entertainment: Video Games","multiple","easy","Which of these is not a wonder weapon in &quot;Call Of Duty: Zombies&quot;?","R115 Resonator","GKZ-45 Mk3|Ray Gun|Scavenger"
"General Knowledge","multiple","hard","Which of the following chemicals are found in eggplant seeds?","Nicotine","Mescaline|Cyanide|Psilocybin"
"Entertainment: Video Games","multiple","easy","In the Halo series, which era of SPARTAN is Master Chief? ","SPARTAN-II","SPARTAN-I|SPARTAN-III|SPARTAN-IV"
"Entertainment: Video Games","multiple","medium","Which company made the Japanese RPG &quot;Dragon Quest&quot;?","Square Enix","Capcom|Konami|Blizzard"
"Entertainment: Japanese Anime &amp; Manga","multiple","medium","What is the name of the final villain in the manga series &quot;Bleach&quot;?","Yhwach","Juha Bach|Yuhabah|Juhabach"
"General Knowledge","multiple","easy","According to Sherlock Holmes, &quot;If you eliminate the impossible, whatever remains, however improbable, must be the...&quot;","Truth","Answer|Cause|Source"
"Entertainment: Board Games","multiple","hard","In standard Monopoly, what&#039;s the rent if you land on Park Place with no houses?","$35","$30|$50|$45"
"Art","multiple","medium","Who painted the epic mural Guernica?","Pablo Picasso","Francisco Goya|Leonardo da Vinci|Henri Matisse"
"General Knowledge","multiple","easy","What do the letters in the GMT time zone stand for?","Greenwich Mean Time","Global Meridian Time|General Median Time|Glasgow Man Time"
"Entertainment: Video Games","multiple","hard","Which game was exclusive to Dreamcast?","Pen Pen TriIcelon","Sylvester &amp; Tweety in Cagey Capers|Perfect Dark|Tetrisphere"
"Entertainment: Video Games","multiple","medium","In PROTOTYPE 2, which of the following abilities/weapons is NOT obtained by an Evolved?","Tendrils","Blade|Bio-Bomb|Pack Leader"
"Entertainment: Music","multiple","hard","What is the first Studio Album to be released on the Internet with a &quot;Pay-What-You-Want&quot; price?","In Rainbows","The Help Album|Skrillex and Diplo Present Jack &Uuml;|Blackstar"
"Entertainment: Video Games","multiple","medium","The first version of Blockland came out in which year?","2004","2007|2008|2006"
"Entertainment: Books","multiple","medium","What was the pen name of novelist, Mary Ann Evans?","George Eliot","George Orwell|George Bernard Shaw|George Saunders"
"Vehicles","multiple","medium","When was Tesla founded?","2003","2008|2005|2007"
"Geography","multiple","medium","All of the following are towns/villages in the Pacific Island nation of Kiribati EXCEPT:","Urutora","Rungata|London|Washington"
"Geography","multiple","hard","What is the Finnish word for &quot;Finland&quot;?","Suomi","Eesti|Magyarorsz&aacute;g|Sverige"
"Vehicles","boolean","medium","The General Motors EV1 was the first street-legal production electric vehicle.","False","True"
"General Knowledge","multiple","easy"," Which chemical element, number 11 in the Periodic table, has the symbol Na?","Sodium","Carbon|Lead|Nitrogen"
"General Knowledge","multiple","easy","Area 51 is located in which US state?","Nevada","Arizona|New Mexico|Utah"
"Vehicles","multiple","medium","What part of an automobile engine uses lobes to open and close intake and exhaust valves, and allows an air/fuel mixture into the engine?","Camshaft","Piston|Drive shaft|Crankshaft"
"Science &amp; Nature","multiple","medium","The medical condition osteoporosis affects which part of the body?","Bones","Skin|Brain|Heart"
"Entertainment: Film","multiple","medium","Which one of these actors is said to be cut from the film &#039;E.T. the Extra-Terrestrial&#039;?","Harrison Ford","Michael J. Fox|Andy Kaufman|Arnold Schwarzenegger"
"Entertainment: Video Games","multiple","hard","In the &quot;PAYDAY&quot; series, what is the real name of the character known as &quot;Dallas&quot;?","Nathan Steele","Nate Siemens|Nick Stamos|Nolan Stuhlinger"
"Sports","multiple","medium","Which Formula One driver was nicknamed &#039;The Professor&#039;?","Alain Prost","Ayrton Senna|Niki Lauda|Emerson Fittipaldi"
"Entertainment: Video Games","multiple","medium","Who developed the 2016 farming RPG &quot;Stardew Valley&quot;?","Eric Barone","Daisuke Amaya|Jasper Byrne|Lucas Pope"
"Entertainment: Video Games","boolean","easy","The 2005 video game &quot;Call of Duty 2: Big Red One&quot; is not available on PC.","True","False"
"Entertainment: Music","boolean","medium","&quot;Neutral Milk Hotel&quot; is a real band.","True","False"
"Entertainment: Television","multiple","medium","What is Meg&#039;s full name in &quot;Family Guy&quot;?","Megatron Griffin","Who-Cares Griffin|Neil Griffin|Megan Griffin"
"Geography","multiple","easy","What is the Capital of the United States?","Washington, D.C.","Los Angelas, CA|New York City, NY|Houston, TX"
"General Knowledge","multiple","hard","What is the most commonly used noun in the English language?","Time","Home|Water|Man"
"Mythology","multiple","medium","Neptune&#039;s greek name was...","Poseidon","Ares|Zeus|Apollo"
"Geography","multiple","easy","All of the following are classified as Finno-Ugric languages EXCEPT:","Samoyedic","Hungarian|Finnish|Estonian"
"General Knowledge","boolean","medium","Pure water effectively conducts electricity ","False","True"
"Science: Gadgets","multiple","hard","Who built the first laser?","Theodore Harold Maiman","Nikola Tesla|Jack Kilby|Edith Clarke"
"Science &amp; Nature","multiple","easy","What is the first element on the periodic table?","Hydrogen","Helium|Oxygen|Lithium"
"Entertainment: Video Games","multiple","medium","What is the final game of the &quot;Zero Escape&quot; series called?","Zero Escape Zero Time Dilemma ","Nine Hours, Nine Persons, Nine Doors |Zero Escape Virtue&#039;s Last Reward|The Nonary Game: Sigma&#039;s Last Life"
"Science &amp; Nature","multiple","medium","About how old is Earth?","4.5 Billion Years","3.5 Billion Years|2.5 Billion Years|5.5 Billion Years"
"Entertainment: Video Games","multiple","hard","Before Super Smash Bros. contained Nintendo characters, what was it known as internally?","Dragon King: The Fighting Game","Contest of Champions|Smash and Pummel|Fighter of the Ages: Conquest"
"Entertainment: Video Games","boolean","easy","The main playable character of the 2015 RPG &quot;Undertale&quot; is a monster.","False","True"
"Entertainment: Music","multiple","medium","&quot;The Genius&quot; is the original and secondary name of which Wu-Tang Clan member?","GZA","Ghostface Killah|Ol&#039; Dirty Bastard|Raekwon the Chef"
"Entertainment: Video Games","multiple","medium","What is the name of the protagonist of Life Is Strange?","Max Caulfield","Frank Bowers|Rachel Amber|Kate Marsh"
"General Knowledge","multiple","hard","The words &quot;bungalow&quot; and &quot;shampoo&quot; originate from the languages of which country?","India","Papua New Guinea|Ethiopia|China"
"History","multiple","easy","A collection of Sanskrit hymns and verses known as the Vedas are sacred texts in what religion?","Hinduism","Judaism|Islam|Buddhism"
"Politics","boolean","medium","The State of Queensland, Australia voted NO to a referendum for daylight savings in 1992.","True","False"
"Science &amp; Nature","multiple","medium","After which Danish city is the 72th element on the periodic table named?","Copenhagen","Odense|Herning|Skagen"
"Entertainment: Video Games","multiple","medium","Without enchantments, which pickaxe in minecraft mines blocks the quickest.","Golden ","Diamond|Iron|Obsidian"
"Entertainment: Video Games","multiple","easy","What was the first game in the &quot;Battlefield&quot; series?","Battlefield 1942","Battlefield Vietnam|Battlefield 2|Battlefield 1"
"Politics","multiple","medium","Who was elected leader of the UK Labour Party in September 2015?","Jeremy Corbyn","Ed Miliband|David Cameron|Theresa May"
"Entertainment: Video Games","multiple","medium","In the game Pok&eacute;mon Conquest, which warlord is able to bond with Zekrom and a shiny Rayquazza?","Nobunaga","The Player|Oichi|Hideyoshi"
"Entertainment: Video Games","multiple","medium","Who are the two protagonists of the game Yakuza 0?","Kazuma Kiryu and Goro Majima","Shintaro Kazama and Kazuma Kiryu|Keiji Shibusawa and Daisaku Kuze|Akira Nishikiyama and Tetsu Tachibana"
"Entertainment: Video Games","multiple","easy","What video game engine does the videogame Quake 2 run in?","iD Tech 2","iD Tech 3|iD Tech 1|Unreal Engine"